date,age_group,respondent_count,unhealthy_count,unhealthy_unk_count,predicted_covid_positive_count,predicted_covid_positive_prob,population,corrected_covid_positive,corrected_covid_positive_prob,factor,factor_prob,+ symptom_based,+ response_rate
20211101,0 - 17,25340,4000,4000,619,3535.78445239216,14044453,462054.39258344966,1784164.938857537,1.51352583291269,0.28402453434429786,313041.5690538759,0.0018042710527779188
20211101,18 - 34,34223,4864,4864,305,1898.5398080244706,14704349,223292.3309128337,886090.0442322037,1.51352583291269,0.28402453434429786,145875.35631199856,0.0023274066740390886
20211101,35 - 54,151596,23714,23710,2318,11486.505725305076,17542141,397052.79347607034,1317056.7533851166,1.51352583291269,0.28402453434429786,264055.85168379574,0.008641818578473404
20211101,55 - 74,376996,31355,31351,2077,11914.238203135677,14608166,122941.60967237252,468853.8104276314,1.51352583291269,0.28402453434429786,81298.2127914953,0.0258072094744816
20211101,75 - 119,83517,4665,4665,212,1567.680453878612,4931625,20893.45697098061,97023.53624448765,1.51352583291269,0.28402453434429786,13898.010768547972,0.016934985932628696
20211102,0 - 17,25656,3895,3895,542,3010.806362723625,14044453,435917.79496473237,1563866.0732860062,1.6936612612739839,0.3213638387129626,279156.7742403766,0.00182677103907144
20211102,18 - 34,34198,4799,4799,289,1728.7424639470237,14704349,229404.14369618765,815038.7207562589,1.6936612612739839,0.3213638387129626,142932.4825535012,0.002325706496765005
20211102,35 - 54,152049,23724,23722,2249,10799.074628135244,17542141,410564.3889741091,1244577.3840982,1.6936612612739839,0.3213638387129626,257859.27241015146,0.008667642108223848
20211102,55 - 74,377238,31324,31320,2034,11412.364412947025,14608166,126892.98977067029,448497.5415336734,1.6936612612739839,0.3213638387129626,79362.70013895752,0.02582377555129097
20211102,75 - 119,83590,4625,4625,196,1442.051834101035,4931625,19351.03011720592,87643.06921609884,1.6936612612739839,0.3213638387129626,12134.809665672628,0.016949788355765088
20211103,0 - 17,25753,3794,3794,507,2832.224593467199,14044453,429543.6339065146,1491806.4131419845,1.9363373380187494,0.35370315400049973,271987.6069403722,0.0018336776804336915
20211103,18 - 34,34125,4782,4782,273,1635.5325010972801,14704349,231119.78384795124,795526.6312727131,1.9363373380187494,0.35370315400049973,145267.17339983318,0.002320741979124679
20211103,35 - 54,152029,23548,23546,2194,10385.339988356413,17542141,408399.6650579895,1200679.171529213,1.9363373380187494,0.35370315400049973,250670.24082443104,0.008666501996535087
20211103,55 - 74,376767,31482,31478,2004,11097.23733060965,14608166,127659.18955941219,441545.68635701115,1.9363373380187494,0.35370315400049973,78558.47152346605,0.025791533310889264
20211103,75 - 119,83453,4554,4554,186,1411.3741696630227,4931625,17752.148140470123,84411.61464568855,1.9363373380187494,0.35370315400049973,11068.438408356165,0.016922008465769398
20211104,0 - 17,25692,3679,3679,458,2593.924665329157,14044453,418680.7416607341,1411707.1551278494,1.9552180071384684,0.36864608026700824,258421.15128253045,0.0018293343286491827
20211104,18 - 34,33851,4670,4670,260,1585.1758019515855,14704349,226265.86947796858,795293.2723751103,1.9552180071384684,0.36864608026700824,137473.63553101974,0.0023021080362007184
20211104,35 - 54,150951,23362,23361,2117,9999.045177925911,17542141,409416.0056930421,1161723.7696469168,1.9552180071384684,0.36864608026700824,243686.4447643521,0.00860504997651085
20211104,55 - 74,373266,31168,31166,2011,11135.031476005795,14608166,131481.10631257703,440831.79757957946,1.9552180071384684,0.36864608026700824,78374.20581964408,0.025551872836056217
20211104,75 - 119,82399,4425,4425,173,1317.0445676994307,4931625,17260.53703395095,78520.00693480732,1.9552180071384684,0.36864608026700824,10342.571030564417,0.016708285808430284
20211105,0 - 17,25611,3600,3600,408,2302.2877913036864,14044453,395531.2319330314,1307273.6463931238,2.1913249441083233,0.4060868566168053,236273.88070222817,0.0018235669270992613
20211105,18 - 34,33754,4638,4638,259,1530.9004079904394,14704349,221577.0889032881,769749.8121613486,2.1913249441083233,0.4060868566168053,130689.68201697707,0.0022955113483772724
20211105,35 - 54,150310,23041,23040,2054,9482.142933205867,17542141,419678.204639746,1109961.2621192338,2.1913249441083233,0.4060868566168053,237660.03168633254,0.008568509396886047
20211105,55 - 74,372024,31279,31278,1940,10681.460447311367,14608166,136160.19192238458,430049.4707622946,2.1913249441083233,0.4060868566168053,77175.66322636297,0.02546685189639822
20211105,75 - 119,82047,4362,4362,161,1260.4910681886686,4931625,16384.731409136835,74725.33276527136,2.1913249441083233,0.4060868566168053,9310.383850506914,0.01663690974070413
20211106,0 - 17,25277,3458,3458,371,2209.197337554714,14044453,381114.6554225545,1295271.801635213,1.9268737610225783,0.34405118502964355,219910.10724562814,0.0017997852960168687
20211106,18 - 34,33428,4520,4520,254,1544.7819084456219,14704349,234519.41869254442,809751.1820501112,1.9268737610225783,0.34405118502964355,134423.13662223396,0.0022733410367232173
20211106,35 - 54,149016,22568,22567,1915,9250.629516773499,17542141,409146.08613227296,1093956.4645217562,1.9268737610225783,0.34405118502964355,225613.1984024011,0.008494744170623186
20211106,55 - 74,371449,31328,31327,1862,10605.01468239272,14608166,133138.0835986618,427061.980652165,1.9268737610225783,0.34405118502964355,73526.2909364458,0.02542749035026026
20211106,75 - 119,81897,4242,4242,149,1232.342278575592,4931625,15632.254364609904,71168.86950636168,1.9268737610225783,0.34405118502964355,8637.032340532214,0.016606493802752642
20211107,0 - 17,25243,3402,3402,369,2152.91001642873,14044453,381930.1554865669,1233424.2044611773,1.9409877889007412,0.3426982428388235,219361.80640906497,0.001797364411415667
20211107,18 - 34,33407,4522,4522,259,1596.3281259396847,14704349,234518.18736453739,826982.2282914391,1.9409877889007412,0.3426982428388235,133252.99259009704,0.0022719128878129864
20211107,35 - 54,148873,22580,22579,1833,8830.872271513945,17542141,389451.9200295788,1046984.5205190629,1.9409877889007412,0.3426982428388235,216539.3532094742,0.008486592372048542
20211107,55 - 74,371619,31763,31762,1866,10544.334945284307,14608166,133178.5191168283,426048.16836943326,1.9409877889007412,0.3426982428388235,74014.91909336191,0.025439127676944527
20211107,75 - 119,81858,4220,4220,154,1195.7554949568805,4931625,16544.24332911419,69091.87437435477,1.9409877889007412,0.3426982428388235,9456.547913452174,0.016598585658885254
20211108,0 - 17,25057,3390,3390,353,2060.1401037889655,14044453,359800.5583581726,1159295.7249039926,1.9465524616805765,0.33532743203662435,204323.3176074352,0.0017841207485973288
20211108,18 - 34,33351,4525,4525,270,1685.9369041830982,14704349,255083.5312874231,889574.5950859049,1.9465524616805765,0.33532743203662435,144449.83681475843,0.0022681044907190383
20211108,35 - 54,148530,22446,22446,1789,8493.660972026306,17542141,371701.4231480312,1007223.6589970535,1.9465524616805765,0.33532743203662435,208396.1534616588,0.008467039456586285
20211108,55 - 74,371188,32000,32000,1851,10498.850883801791,14608166,131079.99683358916,425262.7257167241,1.9465524616805765,0.33532743203662435,73027.92994597871,0.025409623631056765
20211108,75 - 119,81702,4150,4150,151,1145.1304253049225,4931625,17607.94370353725,69001.1586493368,1.9465524616805765,0.33532743203662435,10036.385690477318,0.01656695308341571
20211109,0 - 17,24865,3447,3447,351,2086.910624757463,14044453,345420.37324682786,1167396.1007817623,1.7533927663377538,0.30264863391240615,197020.26679197163,0.0017704498708493667
20211109,18 - 34,33182,4594,4594,283,1742.9340691856542,14704349,258384.6483810583,891204.2692083225,1.7533927663377538,0.30264863391240615,145996.01021763703,0.0022566112923462305
20211109,35 - 54,148157,22388,22388,1767,8466.951599245473,17542141,365222.34529641375,997659.0573258703,1.7533927663377538,0.30264863391240615,205947.59408117004,0.008445776373590886
20211109,55 - 74,370749,32321,32321,1800,10340.420463735318,14608166,128325.23570811626,423227.94743159274,1.7533927663377538,0.30264863391240615,72077.65739537845,0.025379571946266218
20211109,75 - 119,81537,4150,4150,137,1077.9062213118152,4931625,16162.229984862164,66521.4804400415,1.7533927663377538,0.30264863391240615,9309.990156146536,0.016533495551669074
20211110,0 - 17,24637,3481,3481,359,2136.9549546563926,14044453,347880.26024969434,1231974.1411511975,1.771046663459874,0.3066167616272619,205170.89335031225,0.0017542157035236616
20211110,18 - 34,32982,4538,4538,276,1669.3970447214294,14704349,252611.70611269108,863177.6974970561,1.771046663459874,0.3066167616272619,145304.4578383586,0.0022430098741535584
20211110,35 - 54,147501,22183,22183,1743,8250.875493337162,17542141,352056.0162978713,971040.6236774698,1.771046663459874,0.3066167616272619,202964.13603563578,0.008408380710199514
20211110,55 - 74,370371,32650,32650,1814,10397.178192148558,14608166,125005.7813606165,421636.7742758773,1.771046663459874,0.3066167616272619,71966.06607720966,0.025353696008109435
20211110,75 - 119,81406,4102,4102,129,1017.7595618256678,4931625,14589.480423699557,62582.28625399795,1.771046663459874,0.3066167616272619,8617.462405262686,0.016506932299191444
20211111,0 - 17,24462,3510,3510,404,2484.6653115947993,14044453,375624.464231662,1474805.1914593934,1.5475334275754893,0.254873410119528,241827.33493588516,0.0017417552680763003
20211111,18 - 34,32747,4564,4564,285,1799.3926301264773,14704349,227767.96069248745,906054.5806233905,1.5475334275754893,0.254873410119528,145559.93414700462,0.0022270282077771686
20211111,35 - 54,146743,22065,22065,1797,8939.185330250477,17542141,335767.727523126,1049242.0860178678,1.5475334275754893,0.254873410119528,209305.3831543335,0.008365170477195457
20211111,55 - 74,369603,33013,33013,1821,10944.719560892143,14608166,118444.6038524119,448112.39312027465,1.5475334275754893,0.254873410119528,73740.31957028423,0.02530112267344169
20211111,75 - 119,81164,4073,4073,130,1056.3573031945195,4931625,13783.76737119195,64302.214779848495,1.5475334275754893,0.254873410119528,8946.823602532351,0.016457861252629713
20211112,0 - 17,24430,3575,3575,426,2659.404953898529,14044453,370773.3725237584,1557000.4548289268,1.3227956395531137,0.22138768568484202,245493.2888650907,0.00173947678845164
20211112,18 - 34,32545,4538,4538,300,1887.489514580509,14704349,227761.60152655127,920800.7612674788,1.3227956395531137,0.22138768568484202,151354.52810992964,0.0022132907754025695
20211112,35 - 54,146287,21916,21916,1820,9192.27830840476,17542141,324549.64145884075,1070827.9750070837,1.3227956395531137,0.22138768568484202,209009.98025151354,0.008339175930691698
20211112,55 - 74,369221,33216,33216,1854,11082.747041416298,14608166,116309.05143069779,454882.17056330707,1.3227956395531137,0.22138768568484202,74907.46635387851,0.025274972915833513
20211112,75 - 119,81065,4017,4017,115,1007.8655903263206,4931625,11848.775502307546,61987.08837327444,1.3227956395531137,0.22138768568484202,7999.03487091697,0.01643778673358173
20211113,0 - 17,24394,3644,3644,454,2909.180516797676,14044453,379540.76888526033,1742331.0003448126,1.3189629738475108,0.20760733017368324,268006.95007884334,0.0017369134988738971
20211113,18 - 34,32456,4484,4484,302,1924.9514715348641,14704349,220356.9378567481,948759.8631402601,1.3189629738475108,0.20760733017368324,153359.23850258504,0.0022072381443068306
20211113,35 - 54,146361,21859,21859,1880,9927.844491293758,17542141,315385.65181140497,1171806.0045419387,1.3189629738475108,0.20760733017368324,218647.3428805522,0.008343394343940115
20211113,55 - 74,369625,33571,33571,1874,11669.120102180023,14608166,108828.18324956812,475767.86911611015,1.3189629738475108,0.20760733017368324,75647.99577438796,0.02530262868042436
20211113,75 - 119,81058,3999,3999,96,956.3997510791422,4931625,9005.006358934514,57557.00333739354,1.3189629738475108,0.20760733017368324,6410.178094881056,0.016436367323143995
20211114,0 - 17,24369,3756,3756,491,3141.547533693792,14044453,378435.2386790763,1805190.8486800594,1.506967982966561,0.23713557140404054,275973.3215361527,0.001735133436667131
20211114,18 - 34,32300,4414,4413,302,1894.9596183990354,14704349,211212.62956535615,936163.828186589,1.506967982966561,0.23713557140404054,154759.87376180067,0.0021966290381165462
20211114,35 - 54,145759,21587,21587,1895,10198.691978817957,17542141,311482.85455871484,1200935.6348239363,1.506967982966561,0.23713557140404054,223315.3597604479,0.008309076982108398
20211114,55 - 74,369334,33419,33419,1882,11773.996464378122,14608166,105928.31773222784,476409.9044401663,1.506967982966561,0.23713557140404054,75762.26087431748,0.025282708315335408
20211114,75 - 119,81013,3934,3933,104,950.0687581832552,4931625,9872.049655791696,61748.58834455226,1.506967982966561,0.23713557140404054,6873.461365676755,0.01642724254175855
20211115,0 - 17,24176,3856,3856,524,3465.1156543278476,14044453,383308.80055832263,2025703.9845015705,1.3922359736047807,0.20898142485322788,300079.21912601875,0.0017213913564308983
20211115,18 - 34,32119,4364,4363,316,2036.3405647904478,14704349,216711.67207437116,1028585.3847843505,1.3922359736047807,0.20898142485322788,166143.71852412043,0.002184319754652178
20211115,35 - 54,145116,21599,21599,1916,10921.36734392197,17542141,296570.4324738883,1293293.3501483195,1.3922359736047807,0.20898142485322788,226058.40866042566,0.00827242239131472
20211115,55 - 74,368811,33343,33343,1885,12246.28714735468,14608166,98340.4242680072,487427.7585469954,1.3922359736047807,0.20898142485322788,74642.30838865279,0.025246906422065576
20211115,75 - 119,80888,3831,3830,100,951.2057611521604,4931625,8831.913445884918,62883.08886948245,1.3922359736047807,0.20898142485322788,6630.846539550569,0.016401895926798978
20211116,0 - 17,24242,3999,3999,540,3485.4298576656633,14044453,391204.40891605953,2047615.0999170989,1.3566804468788647,0.21416765737424795,312958.1508163475,0.0017260907206567604
20211116,18 - 34,32188,4329,4328,317,2006.582602379114,14704349,206756.95824538375,1018817.3520758332,1.3566804468788647,0.21416765737424795,164118.5024579603,0.00218901224392865
20211116,35 - 54,145276,21735,21735,1967,10978.588256824689,17542141,293824.66224796756,1299107.320321052,1.3566804468788647,0.21416765737424795,231316.3814997428,0.008281543284824812
20211116,55 - 74,368829,33379,33379,1870,12045.153376999358,14608166,94570.14454635026,476459.6870452299,1.3566804468788647,0.21416765737424795,73681.25959662745,0.025248138609596852
20211116,75 - 119,80776,3689,3688,91,879.861500830181,4931625,7735.330049080562,58775.60631145883,1.3566804468788647,0.21416765737424795,6020.770482819174,0.016379185359795198
20211117,0 - 17,24310,4124,4124,555,3615.696315105154,14044453,389551.4956902193,2095701.503265727,1.262011882045002,0.20115720455175334,320352.8362905028,0.0017309324898591636
20211117,18 - 34,32107,4334,4333,322,2034.8171355770246,14704349,213416.99661517033,1057430.6759075893,1.262011882045002,0.20115720455175334,174101.26789753002,0.0021835036695606177
20211117,35 - 54,145253,21875,21875,1984,11068.319015300749,17542141,288173.74602795666,1319173.2767015046,1.262011882045002,0.20115720455175334,234556.76123356918,0.008280232156382735
20211117,55 - 74,368516,33365,33365,1826,11800.170556031593,14608166,90343.90152589882,467280.8074055303,1.262011882045002,0.20115720455175334,72370.26360197521,0.02522671223752523
20211117,75 - 119,80715,3572,3571,86,867.5323102868739,4931625,6371.180753278038,53858.1156506218,1.262011882045002,0.20115720455175334,5080.877321818239,0.016366816211694928
20211118,0 - 17,24527,4275,4275,557,3617.863564443528,14044453,390399.0347090983,2093733.2918011856,1.2942424843250464,0.21710895721015,318617.3331051179,0.0017463834298138917
20211118,18 - 34,32318,4369,4368,319,2007.4170007839946,14704349,208096.72158995754,1005261.9760969607,1.2942424843250464,0.21710895721015,169829.45654608327,0.002197853165753887
20211118,35 - 54,146029,22051,22051,2017,11130.564391428266,17542141,293768.37686088064,1333322.0806180928,1.2942424843250464,0.21710895721015,238627.6271531086,0.008324468489906678
20211118,55 - 74,369466,33400,33400,1809,11627.294900983949,14608166,87202.21827930518,456289.33057764795,1.2942424843250464,0.21710895721015,69794.30789610608,0.025291744357231426
20211118,75 - 119,80815,3505,3504,81,854.9942602510006,4931625,5756.728833138083,52873.8240291583,1.2942424843250464,0.21710895721015,4696.432031122709,0.016387093503662586
20211119,0 - 17,24514,4343,4343,564,3624.449040155486,14044453,399540.35157395015,2205930.638548482,1.1117824621160626,0.18876999461326505,348461.2789277565,0.0017454577974663733
20211119,18 - 34,32157,4315,4314,314,1893.4275856459033,14704349,205053.96053834434,1070086.5770394122,1.1117824621160626,0.18876999461326505,183862.26737749844,0.0021869040241087856
20211119,35 - 54,146187,22241,22241,2052,11089.20057196195,17542141,290442.34715484135,1312690.5028807416,1.1117824621160626,0.18876999461326505,241112.2514139288,0.008333475372247892
20211119,55 - 74,369734,33600,33600,1781,11413.701477324816,14608166,84665.67525530215,446202.687916893,1.1117824621160626,0.18876999461326505,68574.69073559932,0.02531009026047486
20211119,75 - 119,80867,3462,3461,88,860.9657244147863,4931625,6550.253788387946,52629.12269383347,1.1117824621160626,0.18876999461326505,5318.472220473949,0.01639763769548577
20211120,0 - 17,24513,4396,4396,580,3720.642635139644,14044453,418330.35340418125,2322047.06125028,1.0460394976358462,0.1872494790813456,371524.22732739366,0.0017453865949781028
20211120,18 - 34,31970,4273,4272,291,1780.4901361939367,14704349,185285.91520147567,973332.2071080375,1.0460394976358462,0.1872494790813456,167150.68148758172,0.0021741866980986373
20211120,35 - 54,146045,22519,22519,2136,11393.325942616675,17542141,296436.28356372425,1345152.3184204705,1.0460394976358462,0.1872494790813456,250058.4769257039,0.008325380579257686
20211120,55 - 74,368802,33499,33499,1761,11305.527958271035,14608166,84192.65754438502,449641.0464937587,1.0460394976358462,0.1872494790813456,69430.19445490846,0.025246290328299937
20211120,75 - 119,80591,3369,3368,92,851.5077547156116,4931625,6521.345843376133,53115.95368797285,1.0460394976358462,0.1872494790813456,5516.3589324026825,0.016341672369655034
20211121,0 - 17,24429,4416,4416,567,3664.8115427307043,14044453,421819.5919816137,2348289.6450847634,1.0098096508138172,0.17892586484230796,376569.31894953334,0.0017394055859633693
20211121,18 - 34,31897,4263,4263,293,1785.1861614237052,14704349,190071.34502801285,1009284.2317925822,1.0098096508138172,0.17892586484230796,171115.6832490216,0.002169222180458312
20211121,35 - 54,145937,22691,22691,2134,11587.537716816232,17542141,294583.88803696074,1352929.5584301255,1.0098096508138172,0.17892586484230796,247265.05204953608,0.008319223976138374
20211121,55 - 74,368649,33646,33646,1737,11278.39858553584,14608166,84829.56793336108,454916.78511890036,1.0098096508138172,0.17892586484230796,69608.38011936302,0.0252358167342841
20211121,75 - 119,80474,3314,3314,86,830.7400078030898,4931625,5862.831339347459,50387.949456648865,1.0098096508138172,0.17892586484230796,4886.412845798964,0.016317947938052874
20211122,0 - 17,24510,4565,4565,605,3761.761903771021,14044453,420360.9969153275,2217929.871016924,1.0519444072202566,0.187557179794149,367658.5119471986,0.0017451729875132909
20211122,18 - 34,31741,4272,4272,306,1715.651341443225,14704349,200312.50251338296,967177.9984708185,1.0519444072202566,0.187557179794149,174231.20879390987,0.0021586130742680277
20211122,35 - 54,145677,22827,22827,2157,11402.307040739148,17542141,294174.22915864777,1311556.5215633344,1.0519444072202566,0.187557179794149,247290.11749821884,0.008304402524184476
20211122,55 - 74,368259,33748,33748,1752,11027.743272662783,14608166,85739.61769807285,448714.3955518811,1.0519444072202566,0.187557179794149,70735.32133143107,0.025209119337773134
20211122,75 - 119,80384,3234,3234,86,815.1850129435251,4931625,5826.308288414603,48055.82466244112,1.0519444072202566,0.187557179794149,4878.762446513862,0.01629969837528198
20211123,0 - 17,24427,4705,4705,621,3870.4881707461154,14044453,435008.0600124466,2260866.0644223327,1.0436735915574902,0.17995758741391868,374451.50373847934,0.001739263180986828
20211123,18 - 34,31670,4312,4312,294,1692.3753165167618,14704349,193963.98266528748,953482.9081464926,1.0436735915574902,0.17995758741391868,169778.70318347745,0.0021537845708096293
20211123,35 - 54,145360,23023,23023,2168,11483.686890072959,17542141,296985.3067299481,1321656.438364661,1.0436735915574902,0.17995758741391868,246498.0505962183,0.00828633175391761
20211123,55 - 74,367964,33766,33766,1722,10907.990536491217,14608166,85457.20829116328,444593.7933793398,1.0436735915574902,0.17995758741391868,69710.24126892096,0.02518892515323279
20211123,75 - 119,80302,3182,3182,77,792.4195914113318,4931625,5127.204902935925,46574.11126226396,1.0436735915574902,0.17995758741391868,4231.488175371723,0.016283070995868502
20211124,0 - 17,24524,4801,4801,631,3962.950958531957,14044453,419916.67095916846,2177275.590072226,1.0681127454381671,0.18186585557422585,356212.51221907214,0.0017461698223490798
20211124,18 - 34,31668,4395,4395,305,1817.0345365089531,14704349,200078.65971657512,1008123.4459710163,1.0681127454381671,0.18186585557422585,174007.1613546693,0.0021536485566277025
20211124,35 - 54,145675,23479,23478,2231,11840.046832693175,17542141,313519.8917797009,1361924.914336605,1.0681127454381671,0.18186585557422585,254728.58479043312,0.0083042885130156
20211124,55 - 74,368020,34065,34065,1729,10985.550459895549,14608166,88461.82888329489,444435.3985703131,1.0681127454381671,0.18186585557422585,70282.68616338886,0.02519275862555231
20211124,75 - 119,80290,3175,3175,71,760.8712517554067,4931625,4967.795317830259,45813.43346750695,1.0681127454381671,0.18186585557422585,3877.202671116338,0.016280637720832384
20211125,0 - 17,24341,4803,4803,637,4033.483592630541,14044453,416423.41175224667,2156389.5558774504,1.194284316437443,0.20529185868688202,349901.3004556954,0.0017331397669955533
20211125,18 - 34,31450,4445,4445,324,1901.7615524806577,14704349,209696.2188681575,1007344.0219412434,1.194284316437443,0.20529185868688202,179617.4615420677,0.0021388230107976898
20211125,35 - 54,145224,23807,23806,2235,11969.712016167934,17542141,319883.1004867293,1390089.1416682743,1.194284316437443,0.20529185868688202,258384.08676953887,0.008278578994434032
20211125,55 - 74,367238,34239,34239,1704,10982.066638521997,14608166,86394.69569348998,445243.5118508803,1.194284316437443,0.20529185868688202,68526.6322226647,0.025139226922804684
20211125,75 - 119,80071,3158,3158,66,734.2880888729674,4931625,4301.820656555685,42588.07977765384,1.194284316437443,0.20529185868688202,3252.158475285346,0.016236230451423212
20211126,0 - 17,24337,4807,4807,632,3929.2438189240165,14044453,404808.7853487857,2094265.8366473163,1.188216144267031,0.20821313542193778,333433.3687464829,0.0017328549570424707
20211126,18 - 34,31421,4470,4470,347,1992.7541981613624,14704349,224839.6685569344,1052404.5660743713,1.188216144267031,0.20821313542193778,186575.21640858223,0.0021368508051597523
20211126,35 - 54,144940,24047,24046,2224,11543.548784982022,17542141,323392.3210289531,1343655.9931764184,1.188216144267031,0.20821313542193778,257927.5566855782,0.00826238940845362
20211126,55 - 74,366627,33976,33976,1704,10665.908443502693,14608166,88623.12302789639,437811.5283328307,1.188216144267031,0.20821313542193778,69400.57186458085,0.02509740100160417
20211126,75 - 119,79899,3151,3151,71,706.660286515707,4931625,4451.172677223883,40959.29500463764,1.188216144267031,0.20821313542193778,3486.207720086389,0.01620135350923884
20211127,0 - 17,24174,4833,4833,616,3881.5345509003646,14044453,390242.4037623129,2033889.2564162044,1.2730585303034214,0.2180043151228582,313254.52798772464,0.001721248951454357
20211127,18 - 34,31209,4473,4473,357,2098.9771328937622,14704349,235544.00879067587,1106865.6724347866,1.2730585303034214,0.2180043151228582,185869.13991636038,0.0021224333018755198
20211127,35 - 54,144343,24150,24149,2189,11562.183862727525,17542141,331964.1112178268,1360944.7433648682,1.2730585303034214,0.2180043151228582,255186.56953417024,0.008228357074544093
20211127,55 - 74,365836,34036,34036,1690,10684.872543208807,14608166,91347.91772812969,435692.90723171417,1.2730585303034214,0.2180043151228582,68191.34978101721,0.025043253205090907
20211127,75 - 119,79766,3104,3104,74,703.1631657915813,4931625,5442.397940396959,42462.10763990475,1.2730585303034214,0.2180043151228582,4013.2514885790824,0.016174384710921856
20211128,0 - 17,24273,4878,4878,588,3768.2267915929638,14044453,365653.96891119896,1847649.5315560217,1.4094558905886898,0.24012210716882854,281414.71464302257,0.0017282979977931501
20211128,18 - 34,31303,4503,4503,356,2120.8192164396396,14704349,237750.49215886084,1098345.2857557272,1.4094558905886898,0.24012210716882854,179447.9699433635,0.002128825968426076
20211128,35 - 54,144587,24274,24273,2196,11742.218338522598,17542141,358341.3369759218,1379147.9130245876,1.4094558905886898,0.24012210716882854,255973.5564546636,0.008242266437146982
20211128,55 - 74,366063,33857,33857,1640,10576.618703716733,14608166,94967.76951977811,427871.51139680605,1.4094558905886898,0.24012210716882854,65576.18618112266,0.025058792458957545
20211128,75 - 119,79684,3061,3061,67,697.5879549496335,4931625,5496.430261650532,43489.91184172444,1.4094558905886898,0.24012210716882854,3858.874202323925,0.016157757331508378
20211129,0 - 17,24567,4985,4985,604,3963.7283423907566,14044453,392307.9375972832,2052534.8814663321,1.472034290230502,0.23602815091286933,306345.2449915152,0.0017492315293447171
20211129,18 - 34,31574,4624,4624,373,2311.653169307732,14704349,239119.72954970758,1185785.0419042914,1.472034290230502,0.23602815091286933,185138.85418231462,0.0021472558900771464
20211129,35 - 54,145668,24877,24876,2230,12388.246780258893,17542141,344818.6323214871,1449723.5915939556,1.472034290230502,0.23602815091286933,258319.8550633505,0.008303889473924533
20211129,55 - 74,366973,33918,33918,1598,10573.667696126271,14608166,86758.77654300234,426821.48817801184,1.472034290230502,0.23602815091286933,63495.1384382804,0.025121086384149796
20211129,75 - 119,79837,3050,3050,68,707.5750723448474,4931625,5469.733673159562,44968.74934968718,1.472034290230502,0.23602815091286933,4095.177329525297,0.016188781588218893
20211130,0 - 17,24825,5130,5130,598,4063.9401484000223,14044453,406787.8197118588,2170880.74302442,1.5298546949386347,0.23699488897637522,314720.7497883771,0.0017676017713185413
20211130,18 - 34,31853,4814,4814,369,2311.6418269832125,14704349,243262.89664365392,1160426.3521512258,1.5298546949386347,0.23699488897637522,184392.08386737457,0.0021662298684559243
20211130,35 - 54,146677,25627,25626,2239,12957.052129528045,17542141,337755.65343350114,1475162.3813658126,1.5298546949386347,0.23699488897637522,253724.12957896682,0.008361408108622546
20211130,55 - 74,367984,34392,34392,1520,10420.980024076822,14608166,80542.73939123958,417010.54185498884,1.5298546949386347,0.23699488897637522,59452.26706391251,0.02519029425048976
20211130,75 - 119,79949,3058,3058,70,708.199231291327,4931625,5472.865690333542,45336.4288283465,1.5298546949386347,0.23699488897637522,4169.944606254028,0.01621149215522267
20211201,0 - 17,24987,5107,5107,608,4130.850728124065,14044453,408176.23002363305,2157521.3046079013,1.349642853067323,0.2084286598865361,313762.6080836706,0.0017791365744183843
20211201,18 - 34,32175,5058,5058,390,2452.996175289119,14704349,249304.64903216442,1195111.1735750418,1.349642853067323,0.2084286598865361,191517.88705485777,0.002188128151746126
20211201,35 - 54,147405,26211,26210,2226,12758.513681478376,17542141,334447.84800136805,1454273.9463101726,1.349642853067323,0.2084286598865361,253150.06589209102,0.008402908174093459
20211201,55 - 74,368384,34868,34868,1502,10368.690918647937,14608166,80769.13612408585,414326.6062996766,1.349642853067323,0.2084286598865361,60079.749649603895,0.025217676195629212
20211201,75 - 119,80022,3090,3090,70,733.068478970994,4931625,5793.821252911553,44938.79009753776,1.349642853067323,0.2084286598865361,4319.319628488235,0.01622629457835906
20211202,0 - 17,25783,5305,5305,644,4483.346404102921,14044453,413632.4735090709,2257258.6424214817,1.4159226273421317,0.21240406487538047,312997.49934259435,0.0018358137550818106
20211202,18 - 34,33838,5474,5474,411,2623.8851768920194,14704349,242364.4432403766,1160968.6783112672,1.4159226273421317,0.21240406487538047,179225.03660115346,0.002301223944018195
20211202,35 - 54,151818,27388,27387,2308,13625.619506952207,17542141,342870.79189802316,1490919.38683595,1.4159226273421317,0.21240406487538047,251741.8114961827,0.008654473818218654
20211202,55 - 74,371511,35391,35391,1463,10457.937302138998,14608166,78726.31739223421,412314.22203343967,1.4159226273421317,0.21240406487538047,56709.210875948585,0.025431734551756874
20211202,75 - 119,80417,3125,3125,68,752.835821927212,4931625,5755.368122812936,46000.60453139916,1.4159226273421317,0.21240406487538047,4165.995346251717,0.016306389881631307
20211203,0 - 17,26398,5458,5458,668,4729.745245596702,14044453,418012.0663307857,2278741.706568289,1.4279853928914583,0.21062481345268444,310789.0634247676,0.0018796032853682517
20211203,18 - 34,34873,5706,5706,419,2748.056168661298,14704349,240310.7485056424,1171639.6598166097,1.4279853928914583,0.21062481345268444,175070.04391947077,0.002371611283165273
20211203,35 - 54,154875,28229,28227,2350,14376.106190987459,17542141,343447.8556757048,1509878.0245360744,1.4279853928914583,0.21062481345268444,247610.08663884914,0.00882873988984583
20211203,55 - 74,374216,35635,35635,1465,10568.593480107744,14608166,80653.87073626336,417874.40991665673,1.4279853928914583,0.21062481345268444,56651.34943233954,0.025616904955762413
20211203,75 - 119,80844,3128,3128,66,753.9398964730808,4931625,5683.37556328707,44674.120234029855,1.4279853928914583,0.21062481345268444,3981.446814630343,0.016392973918333206
20211204,0 - 17,26952,5571,5571,707,4973.74473304991,14044453,445293.0916909987,2466091.2391774035,1.351574327667074,0.20310988585987613,341208.43266198505,0.0019190494638701842
20211204,18 - 34,35707,5852,5852,421,2847.3903919850563,14704349,225226.80361960462,1179317.711664811,1.351574327667074,0.20310988585987613,169298.56073586302,0.0024283291970287157
20211204,35 - 54,157401,28946,28945,2414,14817.332125548402,17542141,336273.7663667588,1518032.252752945,1.351574327667074,0.20310988585987613,249237.4927871168,0.00897273599613639
20211204,55 - 74,376539,35811,35811,1479,10754.096226312418,14608166,79695.36197012263,422662.0034277178,1.351574327667074,0.20310988585987613,57467.67423535282,0.02577592560215978
20211204,75 - 119,81069,3196,3196,74,776.1984227588966,4931625,6418.556921120109,47916.740275499644,1.351574327667074,0.20310988585987613,4789.471614486719,0.016438597825260436
20211205,0 - 17,27211,5651,5651,727,5184.170701684271,14044453,459625.8102925672,2650805.316080797,1.3396174986478042,0.1939769553782689,368640.1322456515,0.001937490908332279
20211205,18 - 34,36195,5989,5989,437,2997.069529009473,14704349,232564.6527616189,1263027.950541141,1.3396174986478042,0.1939769553782689,178760.39876748485,0.002461516657418836
20211205,35 - 54,158927,29495,29494,2430,15128.957412796502,17542141,323319.0686314735,1536455.6880299335,1.3396174986478042,0.1939769553782689,248439.61843996172,0.009059726517988882
20211205,55 - 74,378107,36013,36013,1453,10814.595606712166,14608166,75892.77979320106,423661.2021341064,1.3396174986478042,0.1939769553782689,56240.35059466761,0.02588326282710643
20211205,75 - 119,81376,3225,3225,77,798.078782984249,4931625,6801.270279426326,49544.450485139365,1.3396174986478042,0.1939769553782689,5233.865458538249,0.016500849111601146
20211206,0 - 17,27280,5698,5698,729,5308.844544927123,14044453,455048.40939196595,2683716.96777962,1.3663949943577218,0.1920753902724707,362125.54464070324,0.0019424038800229528
20211206,18 - 34,36592,6092,6092,451,3151.5472711743214,14704349,238007.86013990967,1295664.8781652364,1.3663949943577218,0.1920753902724707,181281.34761278998,0.00248851547253129
20211206,35 - 54,160076,29852,29851,2428,15564.616222913022,17542141,328985.46063012996,1580588.7721060014,1.3663949943577218,0.1920753902724707,250301.497389258,0.009125225934508222
20211206,55 - 74,378948,35983,35983,1426,10849.938278533455,14608166,74463.60350035763,422820.79675681115,1.3663949943577218,0.1920753902724707,54522.22199200628,0.025940833366762124
20211206,75 - 119,81469,3242,3242,70,796.3640011795377,4931625,6262.70607209244,48890.990672088294,1.3663949943577218,0.1920753902724707,4738.9075103057085,0.01651970699313107
20211207,0 - 17,27549,5799,5799,706,5211.225811541594,14044453,441298.48923490674,2626409.273839613,1.4652155148947235,0.2014689279359611,350960.1966718918,0.001961557349367754
20211207,18 - 34,37141,6358,6358,476,3325.898709002812,14704349,252673.90365847456,1373202.7366785961,1.4652155148947235,0.2014689279359611,192248.3137366497,0.002525851365470175
20211207,35 - 54,161716,30647,30646,2470,15863.816448316567,17542141,333945.290375072,1594312.703103329,1.4652155148947235,0.2014689279359611,250355.46435846854,0.009218715092986654
20211207,55 - 74,380287,36166,36166,1385,10724.790123316361,14608166,72693.26854993221,410911.7004289559,1.4652155148947235,0.2014689279359611,51873.97051644068,0.026032494428116438
20211207,75 - 119,81685,3272,3272,63,765.7612975269521,4931625,6162.067179452151,49419.166377642825,1.4652155148947235,0.2014689279359611,4593.384562652466,0.01656350594378121
20211208,0 - 17,27944,5973,5973,734,5420.361443180139,14044453,470211.16059622914,2828584.3954710127,1.3748903041279095,0.19201627541197872,377042.11942309886,0.001989682332234655
20211208,18 - 34,37563,6581,6581,486,3352.5927750525316,14704349,241341.35260813005,1322811.546924078,1.3748903041279095,0.19201627541197872,192033.4713023647,0.002554550357856713
20211208,35 - 54,163290,31384,31382,2519,16209.64559326233,17542141,326057.2387478292,1646934.1366236168,1.3748903041279095,0.19201627541197872,254427.63855548156,0.009308441882892173
20211208,55 - 74,381852,36399,36399,1363,10536.453210070733,14608166,68056.3782139929,402359.3968326909,1.3748903041279095,0.19201627541197872,51147.16516736806,0.026139626288474542
20211208,75 - 119,81931,3325,3325,69,786.7514008771569,4931625,5785.459924679864,50333.049248864576,1.3748903041279095,0.19201627541197872,4532.372526622158,0.016613388082021646
20211209,0 - 17,27722,5846,5846,719,5068.391688734455,14044453,452662.0499336724,2618703.5474791653,1.3442685289285474,0.19903022856197303,366059.3236405304,0.001973875379838574
20211209,18 - 34,37073,6499,6499,531,3539.158827987426,14704349,267041.9487480374,1448177.8123519556,1.3442685289285474,0.19903022856197303,214850.48087480068,0.0025212268832846664
20211209,35 - 54,162203,31387,31385,2527,15651.255491317243,17542141,327113.895239717,1626712.6361228845,1.3442685289285474,0.19903022856197303,258799.2869103854,0.009246476812607993
20211209,55 - 74,381276,36092,36092,1330,10025.851751719843,14608166,65235.4681392856,381803.18714108045,1.3442685289285474,0.19903022856197303,49938.08244430389,0.02610019628747373
20211209,75 - 119,81881,3313,3313,67,740.3558136606151,4931625,5236.164065104974,47774.07527858532,1.3442685289285474,0.19903022856197303,4182.28209188046,0.016603249436037817
20211210,0 - 17,27587,5727,5727,700,4934.845750098497,14044453,440298.7654758938,2532196.766935286,1.3793484610721944,0.20298225759809277,353596.75958380476,0.0019642630439220383
20211210,18 - 34,36844,6495,6495,579,3830.556182569288,14704349,287474.2296602143,1560227.5351814087,1.3793484610721944,0.20298225759809277,232391.75703031858,0.002505653259454057
20211210,35 - 54,161975,31467,31466,2515,15372.054188311407,17542141,328405.2020716229,1603487.2517279868,1.3793484610721944,0.20298225759809277,259877.70888081682,0.009233479539356115
20211210,55 - 74,381060,35957,35957,1297,9703.003925061634,14608166,63011.413152979425,367990.82822502236,1.3793484610721944,0.20298225759809277,48319.87384522273,0.02608541003709843
20211210,75 - 119,81937,3347,3347,68,745.8707784243206,4931625,5049.712949913424,45597.78463674643,1.3793484610721944,0.20298225759809277,3952.48439139164,0.016614604719539707
20211211,0 - 17,27789,5676,5676,678,4811.778279254591,14044453,436529.6417374391,2608061.5182939274,0.9439792217774036,0.14006178789044352,368126.71188386215,0.0019786459465527067
20211211,18 - 34,37057,6577,6577,641,4300.430252292146,14704349,308832.53377103736,1731662.573438421,0.9439792217774036,0.14006178789044352,256854.0151536293,0.0025201387698292528
20211211,35 - 54,163229,31857,31855,2565,15982.752313793437,17542141,321325.2712307855,1651158.1077660732,0.9439792217774036,0.14006178789044352,263128.04557746585,0.009304964542241452
20211211,55 - 74,382459,35844,35844,1272,9594.722766909665,14608166,60226.45933528045,361092.8531566903,0.9439792217774036,0.14006178789044352,47568.67811774905,0.02618117839022366
20211211,75 - 119,82237,3362,3362,70,759.13777492966,4931625,5483.289056377398,46405.937110298626,0.9439792217774036,0.14006178789044352,4269.948876256216,0.01667543659544268
20211212,0 - 17,28027,5707,5707,678,4817.051491034428,14044453,407209.5478218741,2364063.861512594,1.345683072587449,0.20112524067418938,335791.51731539913,0.001995592138761118
20211212,18 - 34,37353,6716,6716,713,4812.556319496051,14704349,331822.9285330927,1911431.6701813051,1.345683072587449,0.20112524067418938,278437.6037871562,0.0025402688687544074
20211212,35 - 54,164564,32607,32605,2675,16710.046406823876,17542141,335747.50635878945,1711490.7494152542,1.345683072587449,0.20112524067418938,273997.79074437986,0.009381066997466273
20211212,55 - 74,384003,36029,36029,1328,9839.002972225282,14608166,62073.26064792472,367073.17766996066,1.345683072587449,0.20112524067418938,49222.94585896227,0.026286872698461944
20211212,75 - 119,82383,3376,3376,75,764.0207534347455,4931625,5627.068054639411,46063.538712307425,1.345683072587449,0.20112524067418938,4660.327485508638,0.01670504144171546
20211213,0 - 17,28376,5833,5833,713,5170.102380206744,14044453,423934.22766239353,2648900.0583439576,1.3771254317928427,0.19817325101373853,366183.1133391489,0.00202044180716757
20211213,18 - 34,37798,6977,6977,814,5585.112265801752,14704349,340644.9029585739,2114195.6642798614,1.3771254317928427,0.19817325101373853,304264.5208953501,0.002570532024233103
20211213,35 - 54,166326,33675,33673,2803,18031.06549509004,17542141,325368.6496576324,1824474.8836816873,1.3771254317928427,0.19817325101373853,281208.4514037414,0.00948151083724615
20211213,55 - 74,385477,36427,36427,1338,10137.347121133767,14608166,59890.18446555773,378185.5238497554,1.3771254317928427,0.19817325101373853,49793.028794384154,0.026387775166300823
20211213,75 - 119,82512,3468,3468,78,805.4316735176408,4931625,5150.911730527976,47001.76828259957,1.3771254317928427,0.19817325101373853,4473.713096308205,0.016731199148353738
20211214,0 - 17,28578,5789,5789,678,4813.84832181852,14044453,393127.6076016205,2461108.5487953434,1.2923300460674825,0.1925774294700984,344590.2381005061,0.0020348247097982386
20211214,18 - 34,38166,7392,7392,984,6586.845756720375,14704349,372542.5629132716,2337655.079524451,1.2923300460674825,0.1925774294700984,350038.6599701712,0.0025955586337076193
20211214,35 - 54,166880,34479,34477,3042,18962.689993124688,17542141,341495.7839123266,1929673.912406341,1.2923300460674825,0.1925774294700984,305311.3748371155,0.009513091931024838
20211214,55 - 74,385417,36444,36444,1379,10198.484782955069,14608166,59500.07937364081,379895.1534106767,1.2923300460674825,0.1925774294700984,50939.28703604252,0.026383667874529903
20211214,75 - 119,82449,3432,3432,81,824.128081471258,4931625,4982.67830767985,46280.537691165606,1.2923300460674825,0.1925774294700984,4385.689722745204,0.016718424454414113
20211215,0 - 17,29456,5829,5829,718,5133.900830812983,14044453,368251.5485092564,2522005.748352437,1.1573674685234407,0.16987628216397818,355262.7260768697,0.002097340494499857
20211215,18 - 34,40054,8448,8448,1402,9533.641147198809,14704349,432418.8706904766,3134211.227857167,1.1573674685234407,0.16987628216397818,458051.32094650326,0.002723956021446444
20211215,35 - 54,172996,36506,36505,3493,22336.434204063116,17542141,333332.27706271043,2136711.9616846456,1.1573674685234407,0.16987628216397818,332754.30628526164,0.009861738085448065
20211215,55 - 74,390078,37108,37108,1525,11320.685687896497,14608166,57665.121260877255,407526.2759484183,1.1573674685234407,0.16987628216397818,54232.93055270145,0.026702735990267363
20211215,75 - 119,83070,3486,3486,92,875.7148659738849,4931625,4813.3254827695155,46357.57850242477,1.1573674685234407,0.16987628216397818,4657.466489205764,0.016844346437533266
20211216,0 - 17,30421,5930,5930,744,5434.466102107302,14044453,335612.10086966003,2606646.399806898,1.006511319560321,0.14535091061791666,360578.2345600757,0.0021660508956810208
20211216,18 - 34,42526,9952,9951,2057,14203.729756937248,14704349,492713.7960088939,4179125.7851255503,1.006511319560321,0.14535091061791666,607532.3522422361,0.0028920695503078715
20211216,35 - 54,179808,39576,39572,4222,27894.04741174946,17542141,338572.7148542903,2529639.481432954,1.006511319560321,0.14535091061791666,382561.7484442787,0.010250060126640186
20211216,55 - 74,395600,38164,38163,1789,13256.05806680882,14608166,57700.296082428125,456887.6677956952,1.006511319560321,0.14535091061791666,60914.79102226403,0.02708074374291749
20211216,75 - 119,83742,3578,3578,105,970.3965292867333,4931625,4657.851649774304,49989.51794953371,1.006511319560321,0.14535091061791666,5114.633879582595,0.01698060983955593
20211217,0 - 17,31119,5976,5976,754,5636.785371695704,14044453,311247.5551462238,2669979.265440416,1.0322030999087008,0.14600832489740107,358560.4747408801,0.002215750232493925
20211217,18 - 34,44349,11215,11214,2548,17922.417954235316,14704349,543987.7910176036,4995129.6478891345,1.0322030999087008,0.14600832489740107,710686.4849231726,0.003016046477134078
20211217,35 - 54,184311,42081,42078,4794,32410.764127030507,17542141,348471.53762223665,2866437.4571852186,1.0322030999087008,0.14600832489740107,424734.60690204747,0.010506756273364807
20211217,55 - 74,399567,39340,39338,2073,15426.07445659213,14608166,60870.712994742724,525651.2952571214,1.0322030999087008,0.14600832489740107,69425.48631199668,0.027352304183837998
20211217,75 - 119,84174,3710,3710,114,1093.0568401484945,4931625,4513.413647062981,53726.651139361726,1.0322030999087008,0.14600832489740107,5132.818958966845,0.017068207740856208
20211218,0 - 17,31485,6037,6037,807,6077.880658408781,14044453,313767.2811717678,2847484.0885202754,0.9024399400465068,0.1250445710981848,383542.81690884085,0.0022418103432009775
20211218,18 - 34,45630,12299,12297,2926,20931.313012109582,14704349,579991.7911005407,5713102.982615057,0.9024399400465068,0.1250445710981848,794577.3464505015,0.0031031635606581427
20211218,35 - 54,186503,43762,43759,5279,36494.437677192815,17542141,354827.9469258202,3171873.820424322,0.9024399400465068,0.1250445710981848,459193.97608084546,0.010631712514453053
20211218,55 - 74,400794,39998,39996,2314,17272.929031290005,14608166,62756.87385527638,583587.4020842509,0.9024399400465068,0.1250445710981848,76407.40645397513,0.027436298300553268
20211218,75 - 119,84254,3735,3735,133,1249.9010520413974,4931625,4691.004343413806,58456.56487898423,0.9024399400465068,0.1250445710981848,5708.552888039557,0.017084429574430335
20211219,0 - 17,31939,6159,6158,833,6556.002020596495,14044453,310226.4823971046,3059206.047646032,0.8642403006774154,0.11521100969756853,390388.1699456198,0.0022741362728758464
20211219,18 - 34,46787,13244,13242,3223,24261.837652979262,14704349,625530.2541907893,6519842.06554382,0.8642403006774154,0.11521100969756853,863030.4772914534,0.0031818477649027507
20211219,35 - 54,188713,45232,45229,5551,40413.869141956086,17542141,361542.94705625897,3474736.293667902,0.8642403006774154,0.11521100969756853,477615.4918231008,0.010757694856061184
20211219,55 - 74,402262,40624,40622,2596,20343.490319330434,14608166,67760.52777183398,681314.0044899741,0.8642403006774154,0.11521100969756853,85197.45688560065,0.027536790039215053
20211219,75 - 119,84398,3844,3844,166,1532.8449368657703,4931625,5924.090773900664,72970.57342970117,0.8642403006774154,0.11521100969756853,7490.6883524366785,0.017113628874863764
20211220,0 - 17,32238,6234,6233,866,7031.255907425578,14044453,313956.3787880308,3250523.6614598823,0.8788905349996547,0.11125222055642696,403268.35798613937,0.0022954258168687664
20211220,18 - 34,47803,14116,14114,3417,26797.76086852863,14704349,663122.7742047901,7116197.438522382,0.8788905349996547,0.11125222055642696,901327.283017949,0.003250942969321525
20211220,35 - 54,190207,46090,46087,5809,44084.810294850584,17542141,376517.25795659557,3760967.680826593,0.8788905349996547,0.11125222055642696,495950.67049135617,0.010842861199211658
20211220,55 - 74,402968,40612,40611,2813,22655.09307899108,14608166,72515.43259545433,747820.4466523085,0.8788905349996547,0.11125222055642696,91503.16774573454,0.027585119172386183
20211220,75 - 119,84373,3872,3872,192,1790.4855470549198,4931625,6813.07481306521,87452.78309725175,0.8788905349996547,0.11125222055642696,8959.493316508482,0.01710855955187185
20211221,0 - 17,32610,6331,6330,915,7407.9853168276595,14044453,318988.7268229263,3297246.0834997394,0.8807352131356145,0.11093114578803517,407311.91008900077,0.0023219131425054433
20211221,18 - 34,48811,14997,14995,3487,27472.235784931072,14704349,705524.9472265644,7348071.280128985,0.8807352131356145,0.11093114578803517,926892.8380579352,0.003319494117012593
20211221,35 - 54,191902,47369,47366,5962,45349.40210009198,17542141,391301.39495422615,3830372.353360097,0.8807352131356145,0.11093114578803517,504094.82887913875,0.010939485664834185
20211221,55 - 74,404361,41182,41181,3018,24399.807102352872,14608166,78057.8655656077,805288.6416027679,0.8807352131356145,0.11093114578803517,97934.06487105323,0.027680476796334324
20211221,75 - 119,84563,3930,3930,217,1988.7512151211256,4931625,8115.796128335812,99416.0731626235,0.8807352131356145,0.11093114578803517,10470.431655370472,0.017147086406610397
20211222,0 - 17,32496,6326,6325,945,7560.962471793715,14044453,341248.9824812487,3500371.2304770793,0.8454774834952109,0.10746801572007067,433597.9200797647,0.002313796058842591
20211222,18 - 34,49010,15493,15491,3401,26512.16366345129,14704349,728846.8364645487,7281853.743981398,0.8454774834952109,0.10746801572007067,931210.4708053042,0.0033330275281143015
20211222,35 - 54,190716,47572,47568,5983,44972.44556200682,17542141,411144.43549607194,3870991.610143079,0.8454774834952109,0.10746801572007067,515872.08967161813,0.010871877041690636
20211222,55 - 74,402863,41390,41389,3222,25684.811367717226,14608166,86119.51611649262,855621.1359128699,0.8454774834952109,0.10746801572007067,105909.10961212926,0.02757793141178708
20211222,75 - 119,84308,3947,3947,237,2117.156746906289,4931625,9824.41771220693,113231.67817457324,0.8454774834952109,0.10746801572007067,12370.461014829278,0.01709537931209287
20211223,0 - 17,32274,6150,6148,970,8519.171303119621,14044453,364219.11548270215,3891190.242227922,0.8715830447000741,0.1011022695222526,440360.1969610985,0.0022979891064465094
20211223,18 - 34,48819,15480,15478,3180,27106.78148489292,14704349,755657.8169869639,7809273.878081748,0.8715830447000741,0.1011022695222526,914883.9721474365,0.0033200381737402995
20211223,35 - 54,189488,47043,47041,5789,48130.20269459993,17542141,429812.26157883985,4262526.633905508,0.8715830447000741,0.1011022695222526,513736.955639554,0.010801874184000687
20211223,55 - 74,400915,40959,40959,3397,29414.93443356685,14608166,96209.74996049659,994234.3734830249,0.8715830447000741,0.1011022695222526,113859.15742486563,0.02744458133895795
20211223,75 - 119,84053,3960,3960,281,2677.9274562418736,4931625,12696.155881223125,148225.524592801,0.8715830447000741,0.1011022695222526,15581.796525497237,0.017043672217575342
20211224,0 - 17,32364,6093,6091,1005,9015.479053875673,14044453,396045.7310004272,4235092.148135644,0.8916403713496184,0.10159308093770074,469728.07862501603,0.0023043973303908667
20211224,18 - 34,49036,15475,15474,3102,27070.443573306395,14704349,765552.5012330045,7891333.431426963,0.8916403713496184,0.10159308093770074,902656.0424829824,0.0033347957124793487
20211224,35 - 54,189467,46596,46593,5935,50708.2109501244,17542141,458770.808177025,4581194.329003569,0.8916403713496184,0.10159308093770074,536232.468628119,0.010800677066727488
20211224,55 - 74,400551,40712,40712,3704,32840.46806700748,14608166,109101.82648264179,1128287.7125622823,0.8916403713496184,0.10159308093770074,126765.08470243041,0.02741966376888105
20211224,75 - 119,84117,3992,3992,337,3206.444576347691,4931625,15676.514815020555,177463.1156087454,0.8916403713496184,0.10159308093770074,18709.89453101492,0.017056649684434644
20211225,0 - 17,31990,5864,5862,962,8734.035030304229,14044453,396677.21112245007,4031376.889858858,0.8887104551207535,0.09879413119014559,443536.0015834076,0.002277767599777649
20211225,18 - 34,48473,14838,14838,2993,26521.99496701262,14704349,799013.4863746897,8026383.693542129,0.8887104551207535,0.09879413119014559,903611.667532199,0.003296507720266977
20211225,35 - 54,187364,45111,45109,5961,51755.34918402999,17542141,497346.6924719133,4764635.943615165,0.8887104551207535,0.09879413119014559,550960.7942498581,0.01068079432265423
20211225,55 - 74,398206,39923,39923,3855,34535.33647677498,14608166,121798.07693033523,1213661.7871118458,0.8887104551207535,0.09879413119014559,134834.68782466173,0.027259137115501014
20211225,75 - 119,83774,4018,4018,393,3714.8685622963576,4931625,18819.118957332652,198390.3728807384,0.8887104551207535,0.09879413119014559,21037.644507002813,0.016987098572985578
20211226,0 - 17,31352,5580,5579,934,8482.704950460065,14044453,410380.40333611716,3993043.0250670495,0.8706275335330772,0.09693815887185593,435389.44290560915,0.002232340412260983
20211226,18 - 34,47658,14057,14057,2879,25544.8842563465,14704349,825829.6907941018,8123840.56227577,0.8706275335330772,0.09693815887185593,913676.0914511748,0.003241081941131838
20211226,35 - 54,184090,43002,43000,5983,51995.61366273719,17542141,530915.1937531374,4952693.605491596,0.8706275335330772,0.09693815887185593,571726.0981372112,0.010494158039203994
20211226,55 - 74,394599,38409,38409,4077,36472.55604406871,14608166,135148.89829781777,1302432.1466088507,0.8706275335330772,0.09693815887185593,145017.93998608264,0.027012220425206013
20211226,75 - 119,83372,3937,3937,416,3894.0902498878136,4931625,20508.085600643026,207882.18144363145,0.8706275335330772,0.09693815887185593,22306.634215907518,0.016905583859275593
20211227,0 - 17,31026,5375,5374,943,8620.896415097282,14044453,421173.1009689521,4052614.583372631,0.8473742627764013,0.09366290165085278,440275.4881521096,0.0022091284010847556
20211227,18 - 34,47150,13504,13504,2868,25514.735054696353,14704349,856498.9462188676,8521860.13918076,0.8473742627764013,0.09366290165085278,955666.8031593364,0.003206534338922451
20211227,35 - 54,182132,41693,41691,6182,54022.24636367918,17542141,560114.828006412,5250856.699683073,0.8473742627764013,0.09366290165085278,601928.8202892713,0.010382541104874257
20211227,55 - 74,392586,38039,38039,4431,39611.63422602155,14608166,149395.493856431,1436970.2317757395,0.8473742627764013,0.09366290165085278,160331.1104061676,0.026874420786291722
20211227,75 - 119,83079,4017,4017,468,4323.356290238466,4931625,24108.498150860847,237786.07303257904,0.8473742627764013,0.09366290165085278,25948.122862483324,0.016846171393810356
20211228,0 - 17,30936,5201,5200,907,8713.674461454206,14044453,412295.4592543162,4107367.6309402683,0.8847759832450501,0.09275103745143104,425597.89525629726,0.0022027201771403983
20211228,18 - 34,46796,13001,13001,2886,27048.22058552209,14704349,890488.5905337186,9138211.731533097,0.8847759832450501,0.09275103745143104,974085.8598211367,0.0031824598287214212
20211228,35 - 54,181352,40947,40945,6361,58431.63175970984,17542141,599522.1562230595,5770896.256476806,0.8847759832450501,0.09275103745143104,628984.8257945669,0.010338076749012564
20211228,55 - 74,391987,38477,38477,4854,45627.86804773642,14608166,168086.39704642733,1677781.3903895468,0.8847759832450501,0.09275103745143104,177917.89948365677,0.026833416323445394
20211228,75 - 119,83041,4087,4087,526,5070.082003888225,4931625,27669.304887674443,275143.8582584635,0.8847759832450501,0.09275103745143104,28747.92015343555,0.016838466022862646
20211229,0 - 17,30866,5001,5000,880,8998.166049528814,14044453,388560.6975080705,4061862.4576889486,0.8845022495100711,0.08714156241481014,394122.3827123254,0.002197736002961454
20211229,18 - 34,46442,12500,12500,2884,28803.987113112886,14704349,917345.8883244083,10067211.779006273,0.8845022495100711,0.08714156241481014,1009287.914318695,0.0031583853185203916
20211229,35 - 54,180337,40400,40399,6702,65651.12382732159,17542141,648275.2302269983,6629490.6065946,0.8845022495100711,0.08714156241481014,678015.8802912403,0.010280216080807925
20211229,55 - 74,391700,39623,39623,5499,55004.66642967673,14608166,192252.51647521337,2047851.6780988786,0.8845022495100711,0.08714156241481014,204025.04013785027,0.026813769777807837
20211229,75 - 119,83042,4308,4308,626,6339.598343917069,4931625,35122.61361601885,360829.7619918923,0.8845022495100711,0.08714156241481014,36049.37439314524,0.016838668795782323
20211230,0 - 17,30628,4813,4813,868,8889.965292614808,14044453,387420.75755331357,4169561.353289765,0.8708611648129627,0.08711962375865012,405810.4937057744,0.0021807898107530426
20211230,18 - 34,45917,12183,12182,2909,29066.99463375089,14704349,932031.2145353799,10341847.557323959,0.8708611648129627,0.08711962375865012,1037773.0642531846,0.0031226815957646273
20211230,35 - 54,178804,39686,39684,6884,67441.54114574926,17542141,677723.686154107,6993724.332927428,0.8708611648129627,0.08711962375865012,715346.4208300479,0.010192826519864365
20211230,55 - 74,391254,40852,40851,6277,62611.10281283527,14608166,222467.2476652043,2397271.7268056846,0.8708611648129627,0.08711962375865012,239815.38600410812,0.02678323890897735
20211230,75 - 119,82994,4572,4572,752,7601.822249577826,4931625,43067.582153567644,444482.18144631153,0.8708611648129627,0.08711962375865012,44408.15782633684,0.01682893569563785
20211231,0 - 17,30298,4458,4458,836,8717.378163379497,14044453,387176.3093257436,4428151.153393658,0.8560471175420707,0.08376027655657677,423714.2875895673,0.0021572929896237327
20211231,18 - 34,45236,11744,11743,2929,29667.92590742614,14704349,948649.050170586,10886828.925318863,0.8560471175420707,0.08376027655657677,1073431.3773532736,0.0030763687668185786
20211231,35 - 54,176920,38991,38991,7168,71231.01143196992,17542141,711055.745558824,7605052.403929565,0.8560471175420707,0.08376027655657677,765730.780666118,0.010085427998783045
20211231,55 - 74,389827,41709,41708,6903,69785.10604229043,14608166,245929.15026492166,2752144.6676927716,0.8560471175420707,0.08376027655657677,271557.42988715944,0.026685553819692356
20211231,75 - 119,82712,4746,4746,827,8378.22506399244,4931625,47800.28363578139,507480.40208042006,0.8560471175420707,0.08376027655657677,50173.97557382301,0.016771753732289053
20220101,0 - 17,30648,4402,4402,833,8946.182599736887,14044453,390839.36990932556,4499479.644868788,0.8647742133728178,0.08169007203087902,418643.4722975575,0.0021822138605184552
20220101,18 - 34,45363,11580,11579,2912,30547.420091106538,14704349,968711.9303422383,11392159.921328638,0.8647742133728178,0.08169007203087902,1084783.3450758776,0.0030850056673709255
20220101,35 - 54,178636,39240,39240,7332,75627.03992542237,17542141,731762.928980465,8079063.97296113,0.8647742133728178,0.08169007203087902,783573.5331339523,0.01018324958167877
20220101,55 - 74,392491,43046,43044,7457,78045.67692790611,14608166,268289.73936803115,3075707.3499202025,0.8647742133728178,0.08169007203087902,293598.2056132349,0.026867917574321103
20220101,75 - 119,83151,5058,5058,923,9693.6211241205,4931625,54682.300282644246,591543.4048425892,0.8647742133728178,0.08169007203087902,56464.552835907976,0.01686077104402707
20220102,0 - 17,31037,4356,4356,845,9103.9780731421,14044453,400742.01118330227,4621929.104221627,0.871687020046767,0.0819995455437862,429456.44687381724,0.0022099116284557325
20220102,18 - 34,45625,11713,11712,2967,31379.463223074352,14704349,990394.8087378375,11654244.261562407,0.871687020046767,0.0819995455437862,1100458.9775070993,0.003102823525203326
20220102,35 - 54,180269,39882,39882,7399,77007.17708467778,17542141,745152.0945796235,8272693.984998855,0.871687020046767,0.0819995455437862,796737.2147603987,0.010276339701066136
20220102,55 - 74,394678,44610,44608,7869,82993.81482424536,14608166,286647.7560257304,3295018.913849246,0.871687020046767,0.0819995455437862,312499.1413885206,0.027017628359371052
20220102,75 - 119,83395,5234,5234,982,10401.66983645709,4931625,58877.47404001351,648560.6161650094,0.871687020046767,0.0819995455437862,61383.20190285259,0.016910247636428156
20220103,0 - 17,31096,4226,4226,828,9622.575748777763,14044453,402271.1770325169,4918545.245311347,0.8713475048736451,0.07620373298357679,421976.35881868884,0.0022141125752637002
20220103,18 - 34,45651,11761,11759,2954,33589.766742529355,14704349,1014527.7215283017,12541836.29823978,0.8713475048736451,0.07620373298357679,1104108.48829372,0.003104591709568373
20220103,35 - 54,180788,40221,40221,7390,82541.87459299705,17542141,761278.2903978949,8909481.769634621,0.8713475048736451,0.07620373298357679,799154.5292455115,0.010305925599389493
20220103,55 - 74,395431,45685,45683,8110,91718.07719927332,14608166,302378.5659648522,3648236.9968181923,0.8713475048736451,0.07620373298357679,322691.19617088424,0.02706917487109607
20220103,75 - 119,83494,5402,5402,1026,11733.211351241896,4931625,62981.81461966282,742901.4887988499,0.8713475048736451,0.07620373298357679,65213.804163167064,0.016930322155476137
20220104,0 - 17,31064,4092,4092,792,9888.358849140863,14044453,401978.9149261344,5095713.469296635,0.922870086842424,0.0751951780839294,406910.4198066818,0.00221183409563904
20220104,18 - 34,45417,11773,11771,2933,35789.275340730346,14704349,1046415.8152164218,13435434.232804721,0.922870086842424,0.0751951780839294,1101176.7573205233,0.0030886780502829467
20220104,35 - 54,180666,40140,40140,7280,87606.61021367715,17542141,767160.7875415572,9442803.484442478,0.922870086842424,0.0751951780839294,786626.8464910391,0.01029897091808805
20220104,55 - 74,395033,46246,46244,8211,99899.70999098921,14608166,316575.50564213423,4003930.906135699,0.922870086842424,0.0751951780839294,329013.42192050564,0.027041929835682318
20220104,75 - 119,83356,5577,5577,1057,12916.997965326536,4931625,66342.19539245004,812042.9630732874,0.922870086842424,0.0751951780839294,66757.15686183178,0.01690233949256077
20220105,0 - 17,31234,3953,3953,775,9286.845728149652,14044453,399698.32071222353,4764028.597839518,0.9207048069462781,0.07839792923036619,396065.8486872054,0.002223938518645048
20220105,18 - 34,45559,11745,11743,2927,34374.34275795014,14704349,1063738.7752902529,12754736.10797623,0.9207048069462781,0.07839792923036619,1084773.0565039457,0.0030983350571997443
20220105,35 - 54,180989,40067,40067,7193,83505.33302925092,17542141,785804.8773178862,9068761.480333667,0.9207048069462781,0.07839792923036619,783245.1211559913,0.010317383721861544
20220105,55 - 74,394939,46397,46395,8279,96794.37386271436,14608166,328663.18422196445,3903428.520033957,0.9207048069462781,0.07839792923036619,333429.5273742114,0.027035495078574546
20220105,75 - 119,83314,5657,5657,1061,12521.030586179695,4931625,67726.21612611838,785204.3468191475,0.9207048069462781,0.07839792923036619,67039.84413385458,0.016893823029934352
20220106,0 - 17,31338,3786,3786,725,8501.959712728612,14044453,408176.05766330764,4507845.324587846,0.9807237716372323,0.08510274424953987,382961.80766814644,0.0022313435774251942
20220106,18 - 34,45547,11584,11582,2865,32881.19924895701,14704349,1085492.0825197636,12082243.11542424,0.9807237716372323,0.08510274424953987,1055115.0141286193,0.003097518972108184
20220106,35 - 54,180759,39638,39637,6894,78474.21427135183,17542141,785264.8508216277,8503252.263378385,0.9807237716372323,0.08510274424953987,750062.7812363332,0.010304272437440788
20220106,55 - 74,394530,45985,45984,8000,91708.93219778207,14608166,337060.03649302415,3758334.3736713203,0.9807237716372323,0.08510274424953987,328186.33677033096,0.027007497039669457
20220106,75 - 119,83242,5594,5594,994,11461.421397724784,4931625,68124.88247641677,731921.2239632646,0.9807237716372323,0.08510274424953987,64334.8539821336,0.016879223379717638
20220107,0 - 17,31131,3673,3673,686,7805.643597201759,14044453,386239.3461291297,3864328.5699008373,1.042360134842754,0.09385869364055661,337509.54236321326,0.0022166046623531724
20220107,18 - 34,45145,11256,11254,2718,30242.331258658585,14704349,1120759.5798465381,11221669.11916845,1.042360134842754,0.09385869364055661,1013309.7210139,0.003070180121540913
20220107,35 - 54,179492,38692,38691,6441,71200.07516348823,17542141,791308.2770136334,7774527.759739693,1.042360134842754,0.09385869364055661,706731.5571325661,0.010232046361957757
20220107,55 - 74,393010,44894,44893,7569,84213.73872364486,14608166,346336.71369428415,3492327.4278762615,1.042360134842754,0.09385869364055661,314331.6914961733,0.02690344564813954
20220107,75 - 119,83085,5501,5501,938,10553.982845574059,4931625,69174.42449819972,683377.3785835599,1.042360134842754,0.09385869364055661,61157.36019583211,0.016847388031328417
20220108,0 - 17,30862,3540,3540,656,8202.205164512647,14044453,413323.2232095798,4205049.280930842,1.0428766977653212,0.08589474332401949,335947.61853370623,0.0021974511930083714
20220108,18 - 34,44761,10920,10917,2494,30573.90999500374,14704349,1107126.8722508468,11346480.158679103,1.0428766977653212,0.08589474332401949,923761.8343435499,0.003044065398610982
20220108,35 - 54,178051,37571,37570,5950,72308.97644943635,17542141,792585.7624579456,7970234.526320726,1.0428766977653212,0.08589474332401949,658424.1808985343,0.0101499013147825
20220108,55 - 74,391828,43710,43709,7072,86272.14417603497,14608166,351952.3045156094,3625777.867394996,1.0428766977653212,0.08589474332401949,297182.55505180854,0.02682253200025246
20220108,75 - 119,82832,5312,5312,890,11021.116556102448,4931625,70150.5421252498,718539.428828972,1.0428766977653212,0.08589474332401949,58152.595713378985,0.01679608648265024
20220109,0 - 17,30798,3523,3523,657,8225.815296260907,14044453,454032.1540011251,4400290.200146158,1.0921628592176045,0.08923108029664986,351095.5543555544,0.0021928942337590507
20220109,18 - 34,44449,10713,10710,2331,28590.80730737372,14704349,1092382.2161278287,10638205.342226116,1.0921628592176045,0.08923108029664986,864372.8880647654,0.003022847186230414
20220109,35 - 54,177355,37118,37116,5580,68000.23599058345,17542141,780968.1072142099,7487311.44882296,1.0921628592176045,0.08923108029664986,617968.1503416625,0.010110225428013604
20220109,55 - 74,391270,43046,43045,6673,81512.6714180107,14608166,350536.58997606655,3430517.9306027484,1.0921628592176045,0.08923108029664986,281140.6033029891,0.026784334186782926
20220109,75 - 119,82856,5239,5239,845,10530.08848753611,4931625,69920.68094230622,692451.3178560176,1.0921628592176045,0.08923108029664986,55346.100651310124,0.01680095303272248
20220110,0 - 17,30612,3518,3518,698,7419.805434700743,14044453,487468.709729474,3928559.9954077196,1.106679326045681,0.10730827980160129,368844.87299957965,0.0021796505709407122
20220110,18 - 34,43878,10320,10318,2233,23126.61876417895,14704349,1088806.0603208176,8675699.984293628,1.106679326045681,0.10730827980160129,841387.088760216,0.002984015137290335
20220110,35 - 54,175895,36144,36142,5302,54696.59436536688,17542141,769277.98036528,6056564.299668691,1.106679326045681,0.10730827980160129,592694.4540577771,0.010026997274734025
20220110,55 - 74,389654,41738,41737,6162,64147.08480048479,14608166,336898.4537050466,2724236.2954013366,1.106679326045681,0.10730827980160129,262465.03744621185,0.02667371112841954
20220110,75 - 119,82638,5122,5122,783,8356.569202684579,4931625,68857.64269107067,570977.093862678,1.106679326045681,0.10730827980160129,53451.08811153182,0.016756748536232987
20220111,0 - 17,30316,3599,3599,745,10098.737552851993,14044453,580341.1677518853,5508222.894871312,1.1515524565183644,0.08649847686647331,406711.1162555921,0.002158574634412604
20220111,18 - 34,43206,9849,9847,1921,25766.502707592015,14704349,1022020.7459720214,9622961.580067247,1.1515524565183644,0.08649847686647331,718684.4512700492,0.0029383143721629567
20220111,35 - 54,173879,34927,34924,4676,62050.03737417104,17542141,740321.8463203029,6861519.699663071,1.1515524565183644,0.08649847686647331,520750.8541045157,0.009912074016506879
20220111,55 - 74,387835,40234,40233,5591,74445.08424390246,14608166,334341.41466470825,3143046.6339178113,1.1515524565183644,0.08649847686647331,236094.6480316565,0.026549191732897888
20220111,75 - 119,82353,4970,4970,689,9422.877560194016,4931625,67257.35690982227,645049.5352920678,1.1515524565183644,0.08649847686647331,47122.25022275901,0.016698958254125162
20220112,0 - 17,29851,3711,3711,825,8009.293035475387,14044453,656556.5944879929,4562071.749426093,1.1540747866155194,0.1211404597001966,468419.1274222039,0.002125465477366758
20220112,18 - 34,42564,9511,9510,1820,17165.60238144365,14704349,986818.2685732328,6682803.241356136,1.1540747866155194,0.1211404597001966,713834.570375876,0.002894653819764479
20220112,35 - 54,172090,34081,34078,4567,42976.51427196563,17542141,721061.2907563456,4799925.621762555,1.1540747866155194,0.1211404597001966,517075.91612782236,0.009810091025947175
20220112,55 - 74,386081,38910,38909,5162,49614.729048191555,14608166,302271.8345678096,2088932.4755756739,1.1540747866155194,0.1211404597001966,218563.1971665069,0.026429121903461392
20220112,75 - 119,81998,4745,4745,626,6244.586954956844,4931625,59753.25388977057,424683.34702056245,1.1540747866155194,0.1211404597001966,43140.95911081908,0.016626973867639977
20220113,0 - 17,29505,3803,3803,900,9153.03621561975,14044453,717804.6688392564,5230923.405873091,1.202641055385267,0.12177941808768873,513296.72366912686,0.002100829416425118
20220113,18 - 34,41598,8823,8821,1662,16369.761887132809,14704349,934481.6428488943,6584067.630190916,1.202641055385267,0.12177941808768873,670038.9450450913,0.002828958969893873
20220113,35 - 54,169921,32662,32660,4406,43270.605044050455,17542141,709512.9116948408,4866163.670400894,1.202641055385267,0.12177941808768873,501634.2284878695,0.009686445913301004
20220113,55 - 74,383644,37064,37063,4732,47453.076825312135,14608166,280453.52406220476,1982301.5693771297,1.202641055385267,0.12177941808768873,199413.25691067654,0.026262297402699284
20220113,75 - 119,81603,4525,4525,572,5933.945356238015,4931625,55981.96985749476,405063.1902003166,1.202641055385267,0.12177941808768873,39737.41036564196,0.016546878564367727
20220114,0 - 17,29267,3896,3896,994,9854.902135947861,14044453,808889.3381008194,5700013.614205033,1.1883789582000202,0.12687030645087263,577054.0884398022,0.0020838832242167067
20220114,18 - 34,40901,8153,8151,1480,14090.489499560272,14704349,858446.507596137,5823171.517979807,1.1883789582000202,0.12687030645087263,613600.8412488563,0.0027815580274924106
20220114,35 - 54,168257,31072,31070,4216,40414.71840517806,17542141,685849.5581894633,4585683.25585477,1.1883789582000202,0.12687030645087263,483177.2927278894,0.009591588620796059
20220114,55 - 74,382113,35263,35262,4366,42740.41487897825,14608166,257267.1858092829,1778554.0614235755,1.1883789582000202,0.12687030645087263,182853.5275807868,0.026157493007678036
20220114,75 - 119,81355,4326,4326,524,5336.445605815431,4931625,50975.70842530289,360630.5213420261,1.1883789582000202,0.12687030645087263,36155.59368802532,0.016496590880287938
20220115,0 - 17,28936,3976,3976,1099,11524.145861601473,14044453,871675.6369882212,6552947.844722416,1.2433102188567817,0.1261412210876179,626515.4633699588,0.0020603152005991263
20220115,18 - 34,40096,7471,7471,1353,13688.700108539206,14704349,805812.14798596,5776132.201409626,1.2433102188567817,0.1261412210876179,579288.1242752481,0.0027268123192669053
20220115,35 - 54,166170,29467,29466,4013,40759.55754470739,17542141,656195.4709526928,4698506.952161556,1.2433102188567817,0.1261412210876179,466192.12976466375,0.00947261796607381
20220115,55 - 74,379554,33379,33379,3991,41493.98420128144,14608166,236780.3128293256,1748228.3918381152,1.2433102188567817,0.1261412210876179,169648.15287361317,0.025982317013648393
20220115,75 - 119,80989,4133,4133,497,5341.667934022057,4931625,47409.382295451855,363646.0034485563,1.2433102188567817,0.1261412210876179,33991.94757337337,0.01642237599168631
20220116,0 - 17,28769,4191,4191,1242,13484.037126177805,14044453,939411.1715110041,7458910.489584453,1.2580257755764928,0.11944980266317534,691434.3622198043,0.00204842438505793
20220116,18 - 34,39483,6950,6950,1263,13254.508807488271,14704349,753761.8648402666,5712565.496319472,1.2580257755764928,0.11944980266317534,552762.4409372831,0.002685123972506365
20220116,35 - 54,164726,28055,28054,3899,41226.276856594,17542141,615983.4381976468,4694712.164867899,1.2580257755764928,0.11944980266317534,447668.84945911216,0.00939030190214524
20220116,55 - 74,378227,31648,31648,3749,40551.512359612454,14608166,220044.70918829247,1718597.926876341,1.2580257755764928,0.11944980266317534,161101.18036528584,0.025891477410648265
20220116,75 - 119,80711,3950,3950,445,5022.348839534191,4931625,40447.75317777269,332948.6352897991,1.2580257755764928,0.11944980266317534,29677.423508635162,0.016366005120016222
20220117,0 - 17,28667,4541,4541,1406,15227.418431549879,14044453,992507.682562141,8343761.673583686,1.2792690104706743,0.12150210737555779,777802.1231269577,0.002041161731254325
20220117,18 - 34,38952,6623,6623,1212,12644.939903711416,14704349,695232.8454034848,5511432.412384689,1.2792690104706743,0.12150210737555779,536433.4343984922,0.0026490122072048206
20220117,35 - 54,163529,27321,27320,3949,41859.55667215931,17542141,591648.1790659726,4810766.770865676,1.2792690104706743,0.12150210737555779,456601.4027242579,0.009322066217572872
20220117,55 - 74,377369,30423,30423,3613,39022.47558382513,14608166,201520.49122481508,1665544.397114853,1.2792690104706743,0.12150210737555779,156718.17878794525,0.02583274313832414
20220117,75 - 119,80537,3815,3815,411,4650.10996623011,4931625,37073.180564443304,314993.3670845752,1.2792690104706743,0.12150210737555779,28225.964384166982,0.0163307226319925
20220118,0 - 17,28740,4894,4894,1537,17407.593593492194,14044453,1015001.4638074606,9363362.313573997,1.242225672818843,0.11268672320856546,833586.0675433822,0.0020463595128980814
20220118,18 - 34,38410,6287,6286,1143,12628.623460275754,14704349,639870.5914953529,5608789.198211703,1.242225672818843,0.11268672320856546,516673.65493067395,0.0026121523639026792
20220118,35 - 54,162408,26768,26767,4060,44851.36073260054,17542141,588405.5215073937,5212664.549380142,1.242225672818843,0.11268672320856546,475808.0397416102,0.009258162957417798
20220118,55 - 74,376200,29260,29260,3473,39160.31305709951,14608166,184396.1089431997,1666468.5192055197,1.242225672818843,0.11268672320856546,149637.14292968402,0.025752719403654093
20220118,75 - 119,80328,3656,3656,417,4879.657463125686,4931625,35436.5036303334,330653.51633067045,1.242225672818843,0.11268672320856546,28218.452225164798,0.016288343091780094
20220119,0 - 17,28998,5196,5196,1681,20788.782075853986,14044453,1014883.5997348775,10829223.875278555,1.1834083933461335,0.09711414803311393,877511.5899753429,0.002064729754871906
20220119,18 - 34,38092,6074,6073,1118,13530.298867499332,14704349,602137.7680902864,6095153.371577456,1.1834083933461335,0.09711414803311393,508600.68621447636,0.0025905261089763307
20220119,35 - 54,162110,26571,26570,4253,51513.84957735006,17542141,584621.5810967683,5923123.370957949,1.1834083933461335,0.09711414803311393,493854.76889409847,0.009241175293255252
20220119,55 - 74,376120,28405,28405,3456,42606.10455442359,14608166,173513.58133481743,1788757.9632254988,1.1834083933461335,0.09711414803311393,147238.9259219527,0.025747243014626203
20220119,75 - 119,80379,3505,3505,406,5146.439085924789,4931625,33191.87873446803,349518.5393604331,1.1834083933461335,0.09711414803311393,27779.508076722326,0.016298684510683597
20220120,0 - 17,29130,5417,5417,1816,22477.345405045697,14044453,1033236.4554281306,11934248.444749573,1.1421391601894866,0.09325071083635839,965828.1846501069,0.0020741284833236296
20220120,18 - 34,37837,6016,6015,1160,14058.981696622324,14704349,564517.4021615938,6173143.567987397,1.1421391601894866,0.09325071083635839,513861.341101622,0.002573184300780674
20220120,35 - 54,162263,26726,26725,4589,55838.3791543268,17542141,570726.1093688511,6311363.27178993,1.1421391601894866,0.09325071083635839,522639.41929283855,0.009249897147674277
20220120,55 - 74,376635,28003,28003,3414,42255.67840722141,14608166,157834.57934327735,1773951.497317843,1.1421391601894866,0.09325071083635839,145005.35247602325,0.025782497268993246
20220120,75 - 119,80504,3431,3431,396,5038.654958513232,4931625,30124.655074884384,335603.91807879554,1.1421391601894866,0.09325071083635839,26954.00812349564,0.01632403112564317
20220121,0 - 17,29020,5626,5626,1922,23685.418269422993,14044453,1058950.5448312594,12813629.754654473,1.1571041085576124,0.09436596526760847,1041153.8465554625,0.0020662962096138597
20220121,18 - 34,37426,5867,5866,1144,13956.104141157786,14704349,511869.3161685735,5872697.347589699,1.1571041085576124,0.09436596526760847,488909.27499051363,0.0025452333863947327
20220121,35 - 54,161179,26581,26580,4795,58284.247439442166,17542141,564935.4649107585,6552372.946271936,1.1571041085576124,0.09436596526760847,543592.7301440642,0.009188103094143411
20220121,55 - 74,375139,27497,27497,3362,41488.339810013415,14608166,146832.7363275535,1729264.7361321491,1.1571041085576124,0.09436596526760847,142055.19551809883,0.025680088794171697
20220121,75 - 119,80287,3364,3364,400,5078.367417012256,4931625,27106.9907592081,318395.236517321,1.1571041085576124,0.09436596526760847,25527.89804426806,0.01628002940207335
20220122,0 - 17,28992,5921,5921,2021,24818.252143638136,14044453,1069957.8190965778,13810601.67304517,1.0043918676066186,0.0820017632973613,1130612.142222142,0.002064302539942282
20220122,18 - 34,36825,5744,5743,1133,13831.316285590348,14704349,480633.371915689,5918901.132520918,1.0043918676066186,0.0820017632973613,492680.5416947635,0.002504361124725753
20220122,35 - 54,159421,26514,26513,5027,61041.21778521478,17542141,553563.8646963584,6909291.594634545,1.0043918676066186,0.0820017632973613,573279.4914221077,0.009087887276701288
20220122,55 - 74,373134,27067,27067,3382,41656.87010188854,14608166,140039.4278381979,1761517.1321999866,1.0043918676066186,0.0820017632973613,144969.9118146559,0.0255428367941602
20220122,75 - 119,79851,3313,3313,397,4990.28439707482,4931625,24827.693890214017,308132.40163705806,1.0043918676066186,0.0820017632973613,25096.767710257303,0.016191620409094366
20220123,0 - 17,28888,6165,6165,2114,26122.73484513683,14044453,1071773.231299323,14670234.35074538,0.9200879893573464,0.07484626743477771,1193107.103009881,0.0020568974811621355
20220123,18 - 34,36377,5644,5643,1139,13989.377796762943,14704349,464269.5007698553,6119118.655798881,0.9200879893573464,0.07484626743477771,506544.31317304354,0.0024738939479741675
20220123,35 - 54,157875,26508,26508,5219,63738.89939314453,17542141,546466.6741130351,7280148.644434189,0.9200879893573464,0.07484626743477771,600495.3907948099,0.008999756643160033
20220123,55 - 74,371026,26946,26945,3362,41637.2060946164,14608166,130020.90436804155,1738758.831829022,0.9200879893573464,0.07484626743477771,141558.26276514962,0.02539853394327529
20220123,75 - 119,79460,3318,3318,410,5168.094048710648,4931625,23443.757979370042,311719.64801074675,0.9200879893573464,0.07484626743477771,25236.046914481183,0.016112336197500823
20220124,0 - 17,28739,6467,6467,2151,26361.49306790682,14044453,1052744.7835449472,14478276.831830943,0.7797461820506447,0.06458407970385761,1186068.7505939992,0.002046288310409811
20220124,18 - 34,35841,5586,5585,1151,13904.728336764023,14704349,453648.5574660582,6035958.640913953,0.7797461820506447,0.06458407970385761,504676.6310851981,0.0024374421472178063
20220124,35 - 54,156547,26703,26703,5360,65027.66488974979,17542141,549375.9102913847,7431702.643051659,0.7797461820506447,0.06458407970385761,614456.1108118672,0.00892405322702628
20220124,55 - 74,369008,26948,26947,3455,42435.91609236947,14608166,131778.99707100156,1778765.2758225144,0.7797461820506447,0.06458407970385761,146131.7284886463,0.025260392030046756
20220124,75 - 119,79082,3290,3290,419,5208.25428260496,4931625,24100.804099991557,320372.11946699664,0.7797461820506447,0.06458407970385761,26468.371236318966,0.01603568803386308
20220125,0 - 17,28670,6796,6796,2240,27970.395559171233,14044453,1037835.6195362428,15073067.546220839,0.7158601224042457,0.05829941801686091,1212542.9682172001,0.002041375338719137
20220125,18 - 34,35404,5610,5610,1182,14431.255714488461,14704349,457699.85055135755,6411122.636733222,0.7158601224042457,0.05829941801686091,529366.9380916217,0.0024077230484668174
20220125,35 - 54,155237,26966,26966,5539,68454.24875429833,17542141,545559.0752800279,7827280.059307687,0.7158601224042457,0.05829941801686091,635209.7573759082,0.00884937591141241
20220125,55 - 74,367585,27318,27317,3553,44345.1419515114,14608166,132198.16154183378,1866443.5403480784,0.7158601224042457,0.05829941801686091,150878.67520567542,0.025162980760213158
20220125,75 - 119,78806,3292,3292,410,5145.726617282095,4931625,23085.05830247325,315511.57758647547,0.7158601224042457,0.05829941801686091,26050.157368236472,0.015979722708032343
20220126,0 - 17,28223,6842,6842,2249,27019.651452262253,14044453,1017526.8199646209,14521152.763442386,0.7099989575924627,0.06018854471798513,1214189.830680079,0.0020095478264621626
20220126,18 - 34,34704,5522,5522,1199,14043.36284410449,14704349,466637.0614219204,6405014.806539091,0.7099989575924627,0.06018854471798513,550833.3459317542,0.002360118084792465
20220126,35 - 54,153310,27179,27179,5733,68025.63618958813,17542141,553269.6751541537,7792547.196366274,0.7099989575924627,0.06018854471798513,659353.6624008084,0.008739526150200252
20220126,55 - 74,364934,27533,27532,3616,43480.22554846581,14608166,130274.01503380916,1824559.3581475483,0.7099989575924627,0.06018854471798513,152611.515456777,0.02498150691880144
20220126,75 - 119,78309,3308,3308,429,5184.970135393718,4931625,22850.867073738646,314503.9468344531,0.7099989575924627,0.06018854471798513,26599.95027091288,0.015878944566953084
20220127,0 - 17,27833,6877,6877,2218,27876.387299492664,14044453,988579.5218962907,15317634.67714523,0.6802659494352592,0.05518837676057543,1227319.498412781,0.0019817788560366144
20220127,18 - 34,34093,5513,5513,1260,15530.589850399678,14704349,487120.0917913322,7290648.06440872,0.6802659494352592,0.05518837676057543,597409.7207099526,0.002318565752213852
20220127,35 - 54,151104,27135,27135,5947,73646.37856942922,17542141,562674.2929736543,8545503.12106881,0.6802659494352592,0.05518837676057543,693452.8577299747,0.008613771830929873
20220127,55 - 74,362406,27629,27628,3823,48180.04269042881,14608166,132980.45052964508,2023549.3922748175,0.6802659494352592,0.05518837676057543,161594.45023271185,0.02480845302552011
20220127,75 - 119,77823,3366,3366,458,5793.153790191111,4931625,23149.651478806747,355116.5116438339,0.6802659494352592,0.05518837676057543,28136.743169172598,0.015780396927990267
20220128,0 - 17,27727,6929,6929,2196,28734.686344516966,14044453,968824.7083582289,15555360.160732388,0.6765911801707518,0.052743393250377524,1202449.7489635437,0.001974231392279927
20220128,18 - 34,33751,5503,5503,1279,16375.053011072707,14704349,507622.8820784414,7919126.13804282,0.6765911801707518,0.052743393250377524,623295.4241997318,0.0022953073271043825
20220128,35 - 54,150294,27469,27469,6010,77527.48275968386,17542141,571142.1277554376,9038798.509255836,0.6765911801707518,0.052743393250377524,702646.1679462765,0.008567597307535039
20220128,55 - 74,361665,28081,28080,3928,51527.299986132915,14608166,135646.4549045007,2150235.9338137284,0.6765911801707518,0.052743393250377524,164835.66045586363,0.024757727972149274
20220128,75 - 119,77726,3425,3425,478,6253.873016077692,4931625,24072.054674091618,382686.2962825101,0.6765911801707518,0.052743393250377524,29264.35296383834,0.015760727954781638
20220129,0 - 17,27684,7015,7015,2140,27573.694069092024,14044453,927157.2981367416,14492408.037538072,0.7304019848321489,0.05765374991389456,1132257.549719801,0.00197116968528429
20220129,18 - 34,33463,5463,5463,1330,16826.383348768377,14704349,548622.5952989724,8356528.158067338,0.7304019848321489,0.05765374991389456,665583.8787403367,0.0022757212849069345
20220129,35 - 54,149600,27660,27660,6181,78519.45954213195,17542141,588148.4269418991,9032019.450901853,0.7304019848321489,0.05765374991389456,711403.2716533708,0.008528035431935019
20220129,55 - 74,360831,28244,28243,4042,52262.72822178067,14608166,140145.56493249445,2154603.5722434204,0.7304019848321489,0.05765374991389456,168149.705520572,0.02470063661653352
20220129,75 - 119,77642,3458,3458,485,6255.625951100408,4931625,24456.823422471512,378422.74978479807,0.7304019848321489,0.05765374991389456,29387.600389604075,0.015743695029528805
20220130,0 - 17,27666,7049,7049,2112,27576.665065644283,14044453,939729.3656533997,15043002.773890063,0.688252727227336,0.05317348902549874,1149670.662377518,0.0019698880404954186
20220130,18 - 34,33280,5471,5471,1316,16990.717674725704,14704349,555443.6441569676,8570075.060934749,0.688252727227336,0.05317348902549874,669853.083978635,0.0022632759872606395
20220130,35 - 54,149140,27759,27759,6211,80221.19506835469,17542141,591959.6080698153,9215627.955104247,0.688252727227336,0.05317348902549874,714005.1927938513,0.008501812863093507
20220130,55 - 74,360461,28429,28429,4197,54812.44842296203,14608166,144720.44726386474,2252679.3858934646,0.688252727227336,0.05317348902549874,173821.9281206713,0.024675308317279526
20220130,75 - 119,77585,3525,3525,499,6554.767282569134,4931625,25121.47787629915,393825.6800889499,0.688252727227336,0.05317348902549874,30011.54047204432,0.01573213697310724
20220131,0 - 17,27438,7025,7025,1988,25563.281022660067,14044453,908671.4597884465,13720138.193170063,0.7096068672257845,0.056072586699895184,1065085.1769224603,0.0019536538731697133
20220131,18 - 34,33110,5432,5432,1326,16810.044213838766,14704349,581194.0573486468,8396134.229871433,0.7096068672257845,0.056072586699895184,664205.1306375704,0.0022517147817968683
20220131,35 - 54,148357,27587,27587,6197,78710.99369738334,17542141,618474.0178564122,9013116.341756588,0.7096068672257845,0.056072586699895184,709991.5926843843,0.0084571774904785
20220131,55 - 74,359854,28376,28376,4221,54174.00653086116,14608166,154397.40209043035,2250422.821725764,0.7096068672257845,0.056072586699895184,176686.7041213312,0.02463375621553041
20220131,75 - 119,77458,3536,3536,521,6738.722829030526,4931625,28015.09576241721,413541.43642436544,0.7096068672257845,0.056072586699895184,32120.43026081494,0.015706384812308315
20220201,0 - 17,27236,7002,7002,1938,22998.59163029154,14044453,891958.1002284527,11865139.87077882,0.8264632843939748,0.0713705189757799,997895.4641291602,0.0019392709705390448
20220201,18 - 34,32904,5420,5420,1303,15237.403530867272,14704349,594247.6157417017,7531778.520241361,0.8264632843939748,0.0713705189757799,650522.4126597109,0.002237705321058416
20220201,35 - 54,147286,27717,27717,6113,71549.9223744253,17542141,648031.5410536522,8280321.945797848,0.8264632843939748,0.0713705189757799,710265.0706641234,0.00839612450954533
20220201,55 - 74,358642,28414,28414,4328,51359.933386766825,14608166,163152.43893367785,2106029.876352899,0.8264632843939748,0.0713705189757799,178474.33174684484,0.024550788921757872
20220201,75 - 119,77340,3560,3560,543,6514.850771825425,4931625,31363.09215250138,412609.40532185097,0.8264632843939748,0.0713705189757799,34409.68267327909,0.01568245760778648
20220202,0 - 17,27441,6972,6972,1919,22550.417983566163,14044453,894197.5051098604,11470862.069013517,0.8837980433716486,0.07747959061089209,974941.7187696173,0.0019538674806345254
20220202,18 - 34,33343,5631,5631,1357,15680.807767467773,14704349,608929.5783378531,7437105.341786596,0.8837980433716486,0.07747959061089209,649140.0336904984,0.002267560433991331
20220202,35 - 54,149098,28482,28482,6179,71540.34948339811,17542141,663328.4099254475,8169508.510959885,0.8837980433716486,0.07747959061089209,706875.5449656188,0.008499418628547108
20220202,55 - 74,360828,29075,29075,4431,52026.933144923474,14608166,170629.19911652946,2099659.317577423,0.8837980433716486,0.07747959061089209,180106.1908784956,0.024700431251944974
20220202,75 - 119,77659,3624,3624,561,6644.437105391366,4931625,33442.108695985466,420039.0094240887,0.8837980433716486,0.07747959061089209,35350.90365750416,0.015747142169163307
20220203,0 - 17,27541,6804,6804,1816,21778.717308828822,14044453,892489.337402554,11363626.396805339,0.8512636536825722,0.07302945063577891,945607.5268807989,0.0019609877294615888
20220203,18 - 34,33643,5720,5720,1375,16079.340480476987,14704349,620530.7002158463,7478030.773631485,0.8512636536825722,0.07302945063577891,646647.866011406,0.0022879625612803396
20220203,35 - 54,150174,29000,29000,6292,74181.95628938448,17542141,685680.1453424366,8342136.435627603,0.8512636536825722,0.07302945063577891,710036.3651975065,0.00856075663740247
20220203,55 - 74,362413,29705,29705,4547,54333.49460917275,14608166,180081.02129718673,2201719.1961518773,0.8512636536825722,0.07302945063577891,185359.37391441932,0.02480893220956005
20220203,75 - 119,77948,3682,3682,566,6830.173444671085,4931625,36135.59767876261,442133.95833972626,0.8512636536825722,0.07302945063577891,36571.21643922633,0.01580574354294984
20220204,0 - 17,27560,6624,6624,1718,20806.296011643153,14044453,894015.4357823932,10755485.882671893,0.9309190572072835,0.07858980469128088,888205.4231551666,0.001962340576738731
20220204,18 - 34,33806,5772,5772,1377,16315.668783610914,14704349,626481.9131428889,7246227.401859969,0.9309190572072835,0.07858980469128088,615617.0862167627,0.0022990477171073672
20220204,35 - 54,150530,28975,28975,6190,73836.97475859383,17542141,707206.381888654,8208134.707259223,0.9309190572072835,0.07858980469128088,689727.9987365834,0.008581050625462423
20220204,55 - 74,363323,29797,29797,4656,56265.65468266913,14608166,193067.04276300452,2257186.182057944,0.9309190572072835,0.07858980469128088,187426.30988813526,0.024871226134752303
20220204,75 - 119,78086,3743,3743,593,7257.075511318816,4931625,38883.27243433043,458301.8645270143,0.9309190572072835,0.07858980469128088,37322.29253601832,0.015833726205865206
20220205,0 - 17,27443,6407,6407,1599,19060.12922962949,14044453,869407.6149745618,9750839.035079557,0.9488964645647725,0.0822641468853149,821615.3597978863,0.0019540098856110667
20220205,18 - 34,33902,5791,5791,1359,15837.702101873065,14704349,648956.8309734311,6996355.720222534,0.9488964645647725,0.0822641468853149,606525.3953087691,0.0023055763978398498
20220205,35 - 54,150992,28742,28742,6012,70350.4014926631,17542141,735646.0569466309,7895661.081146247,0.9488964645647725,0.0822641468853149,677896.0986680251,0.00860738720547281
20220205,55 - 74,364724,30133,30133,4755,56524.84259996189,14608166,207484.6643739566,2243069.7120327693,0.9488964645647725,0.0822641468853149,188716.75831596478,0.02496713139760323
20220205,75 - 119,78307,3743,3743,618,7428.599943064252,4931625,42333.007687845355,455544.08085133845,0.9488964645647725,0.0822641468853149,37730.96846085391,0.01587853902111373
20220206,0 - 17,27317,6206,6206,1469,18515.429835662308,14044453,860557.2479671077,9873630.773518499,0.9371796211227464,0.07676429213233849,783872.5525546662,0.0019450383720889665
20220206,18 - 34,33979,5753,5752,1371,16872.599754980794,14704349,675268.2385538829,7443920.308638535,0.9371796211227464,0.07676429213233849,608532.2926662224,0.0023108129438440287
20220206,35 - 54,151435,28619,28619,5852,72164.78100654639,17542141,750890.8096551313,8099699.310822479,0.9371796211227464,0.07676429213233849,660999.8208206398,0.008632640679378875
20220206,55 - 74,365777,30202,30202,4715,59161.23893754179,14608166,213727.70547785182,2317646.072562319,0.9371796211227464,0.07676429213233849,185253.46038204638,0.025039214368182836
20220206,75 - 119,78549,3805,3805,636,8014.011956708452,4931625,45079.55429646371,483720.9252840499,0.9371796211227464,0.07676429213233849,38501.76692151369,0.01592761006767546
20220207,0 - 17,27266,6083,6083,1326,16170.446718543226,14044453,812937.3930608765,8511192.043689052,1.0262261593997877,0.08701611629831696,700296.4322746926,0.001941407045187164
20220207,18 - 34,34122,5856,5855,1404,16731.498368788703,14704349,732247.4676584604,7467631.448854378,1.0262261593997877,0.08701611629831696,627112.4559805827,0.0023205379578517893
20220207,35 - 54,152111,28772,28772,5728,68360.4022826367,17542141,770609.6704411661,7617980.514522419,1.0262261593997877,0.08701611629831696,643101.1346319448,0.008671176454459008
20220207,55 - 74,367001,30488,30488,4686,56861.52243833711,14608166,219785.95472009934,2185225.015850803,1.0262261593997877,0.08701611629831696,180539.0545002739,0.02512300312030956
20220207,75 - 119,78735,3843,3843,643,7844.297747893641,4931625,47496.40789632669,459236.83520272933,1.0262261593997877,0.08701611629831696,38762.575858693,0.015965325830735306
20220208,0 - 17,27108,5957,5957,1259,14696.40462682758,14044453,799924.9626941397,7791010.500700402,1.0645336381918056,0.0941985306387872,671082.6387491825,0.0019301570520404035
20220208,18 - 34,34230,5986,5985,1404,16084.446236500133,14704349,758285.691927766,7019846.746462898,1.0645336381918056,0.0941985306387872,615928.1770040145,0.0023278827236758322
20220208,35 - 54,152282,28808,28808,5566,63753.83667552569,17542141,783453.5584770906,7086575.349148239,1.0645336381918056,0.0941985306387872,623347.6906010022,0.008680924409397918
20220208,55 - 74,367452,30614,30614,4623,53771.40383978434,14608166,225475.61815490804,2045861.4618244125,1.0645336381918056,0.0941985306387872,176833.83347006186,0.025153876263454288
20220208,75 - 119,78848,3844,3844,641,7476.708863699413,4931625,48423.87552853828,427059.1746154146,1.0645336381918056,0.0941985306387872,37553.63695522934,0.01598823917065876
20220209,0 - 17,26579,5721,5721,1204,14980.298739600928,14044453,799406.18150803,8034300.050839123,1.0300028455225598,0.08438640040188296,653184.013843647,0.0018924909357452369
20220209,18 - 34,33795,5917,5916,1421,17402.17600259172,14704349,796682.9807668767,7759939.683452257,1.0300028455225598,0.08438640040188296,637669.97592722,0.0022982996391067703
20220209,35 - 54,150358,28225,28225,5331,65184.79486893357,17542141,770310.7350702966,7341031.562576544,1.0300028455225598,0.08438640040188296,604764.6348709814,0.008571245664939074
20220209,55 - 74,365829,30463,30463,4622,57391.08490283167,14608166,228519.85097224565,2192410.5892648813,1.0300028455225598,0.08438640040188296,178494.25116139275,0.025042774021050967
20220209,75 - 119,78563,3858,3858,631,7892.032116911437,4931625,47182.57643735693,448676.3126260494,1.0300028455225598,0.08438640040188296,36704.174613421455,0.015930448888550934
20220210,0 - 17,26010,5372,5372,1119,13934.991060096829,14044453,767245.1110957684,7353851.913993831,1.1769632415607334,0.09711247050585534,598591.1784953856,0.001851976719919245
20220210,18 - 34,33319,5857,5856,1401,17201.807527427667,14704349,827248.1008737806,7723464.062212093,1.1769632415607334,0.09711247050585534,632741.7799776116,0.002265928263808211
20220210,35 - 54,148721,27483,27483,5094,62250.48832384394,17542141,781116.866179423,7099951.6092456,1.1769632415607334,0.09711247050585534,583564.7425445473,0.008477927523213956
20220210,55 - 74,364455,30290,30290,4612,57468.32387580885,14608166,237254.19608859127,2187465.0836653844,1.1769632415607334,0.09711247050585534,175862.97642954305,0.02494871703949695
20220210,75 - 119,78308,3812,3812,612,7610.6849497545445,4931625,49350.70756223407,439194.419458804,1.1769632415607334,0.09711247050585534,36210.96611629582,0.015878741794033407
20220211,0 - 17,25601,5102,5102,1041,12765.47610554707,14044453,735278.1772640069,7011644.779484093,1.2051189261041146,0.10080415213780464,579081.7585057208,0.0018228549022165548
20220211,18 - 34,33179,5818,5817,1397,16928.82656775464,14704349,866510.066842583,7755207.429636784,1.2051189261041146,0.10080415213780464,641352.0518006302,0.00225640727107334
20220211,35 - 54,147911,26836,26836,4973,59823.15306578799,17542141,781998.1277968291,6877211.170649691,1.2051189261041146,0.10080415213780464,572670.1030126144,0.00843175299981912
20220211,55 - 74,363569,30206,30206,4573,56080.78428607858,14608166,241946.80553183937,2150169.807507546,1.2051189261041146,0.10080415213780464,175555.03014748855,0.024888066031013064
20220211,75 - 119,78287,3796,3796,608,7452.690194506422,4931625,51553.52962858569,435301.7905857218,1.2051189261041146,0.10080415213780464,37074.71778389565,0.0158744835627202
20220212,0 - 17,25101,4793,4793,937,11906.160559524898,14044453,698398.6396984272,6463296.525273538,1.4391823385085158,0.11681008526826496,512938.4936062905,0.0017872536580812368
20220212,18 - 34,32794,5638,5637,1338,16780.82813978459,14704349,893948.7864593978,7847813.311540939,1.4391823385085158,0.11681008526826496,627664.2499215893,0.0022302245410524466
20220212,35 - 54,146583,26193,26192,4727,58608.33414334024,17542141,791215.9418047128,6812743.951669668,1.4391823385085158,0.11681008526826496,551722.2517016159,0.008356049583685366
20220212,55 - 74,362758,29974,29974,4511,56957.82399957728,14608166,251910.01597440572,2186501.750202975,1.4391823385085158,0.11681008526826496,173108.30567966323,0.024832549137242827
20220212,75 - 119,78159,3822,3822,587,7406.186050153157,4931625,51511.45131511116,428250.9993112603,1.4391823385085158,0.11681008526826496,35692.66301610163,0.015848528629001598
20220213,0 - 17,24846,4631,4631,859,11089.661714789416,14044453,673016.8580839289,5959799.518175844,1.4736425093985834,0.11917553766250151,464965.4225076903,0.0017690970235722245
20220213,18 - 34,32622,5555,5555,1300,16599.762210476696,14704349,904232.2074194406,7682853.950855669,1.4736425093985834,0.11917553766250151,604948.5122911535,0.0022185273214067485
20220213,35 - 54,145578,25680,25679,4536,57184.271272688085,17542141,799155.7227026998,6696809.272020254,1.4736425093985834,0.11917553766250151,534122.4425093167,0.008298758971325109
20220213,55 - 74,362240,30180,30180,4504,57839.68351704698,14608166,260700.20902898023,2212002.3641790757,1.4736425093985834,0.11917553766250151,172053.44544334713,0.024797089518287237
20220213,75 - 119,78170,3891,3891,574,7411.579917245829,4931625,53616.54070061625,444232.5461590822,1.4736425093985834,0.11917553766250151,35903.31785721126,0.01585075913111804
