date,imd,respondent_count,unhealthy_count,unhealthy_unk_count,predicted_covid_positive_count,predicted_covid_positive_prob,population,corrected_covid_positive,corrected_covid_positive_prob,factor,factor_prob,+ symptom_based,+ response_rate
20211101,1,68565,7878,7878,605,3398.4520588962737,19898378,382226.87012270803,1425957.16787707,1.51352583291269,0.28402453434429786,254734.8331066034,0.003445758242204465
20211101,2,182552,19104,19101,1400,7993.9448365556955,20057685,352737.86193233595,1342787.3106481396,1.51352583291269,0.28402453434429786,236967.0158098142,0.009101349432898163
20211101,3,420555,41616,41611,3526,19010.351747284032,25874671,491269.8515606629,1784444.6046217668,1.51352583291269,0.28402453434429786,326467.1516932962,0.016253539996701795
20211102,1,68577,7877,7877,578,3162.218658342839,19898378,386965.5701221262,1332671.008531954,1.6936612612739839,0.3213638387129626,247017.74698809668,0.003446361306434122
20211102,2,182725,19043,19041,1379,7646.322300961307,20057685,350921.07759023464,1230126.5419979093,1.6936612612739839,0.3213638387129626,222358.53047748288,0.009109974555887182
20211102,3,421429,41447,41443,3353,17584.498742549822,25874671,484243.6998105443,1596825.238360376,1.6936612612739839,0.3213638387129626,302069.76154308004,0.01628731820396866
20211103,1,68526,7825,7825,568,3095.661131901355,19898378,403821.3959882898,1333420.1364970948,1.9363373380187494,0.35370315400049973,258873.61321215087,0.0034437982834580787
20211103,2,182520,18884,18882,1358,7461.986076945757,20057685,353411.68481784017,1198359.4928064775,1.9363373380187494,0.35370315400049973,218359.2553690054,0.009099754034426207
20211103,3,421081,41451,41447,3238,16804.06137434646,25874671,457241.33970620757,1482189.8876430392,1.9363373380187494,0.35370315400049973,280319.0625153021,0.016273868757596958
20211104,1,67993,7690,7690,556,3011.3982488420356,19898378,401302.05074495816,1315566.2881988392,1.9552180071384684,0.36864608026700824,251321.08465831543,0.0034170121805907998
20211104,2,180913,18708,18706,1308,7156.473846241048,20057685,346149.4186862717,1142793.2563753105,1.9552180071384684,0.36864608026700824,208144.33095491986,0.009019635117412602
20211104,3,417253,40906,40905,3155,16462.349593828778,25874671,455652.7907470425,1429716.4570901168,1.9552180071384684,0.36864608026700824,268832.5928148754,0.016125924847508206
20211105,1,67676,7674,7674,550,2947.936327346474,19898378,398736.6609289195,1309321.1407391154,2.1913249441083233,0.4060868566168053,243551.34660308599,0.0034010812338573526
20211105,2,180304,18613,18612,1247,6754.423339509885,20057685,335912.72789161664,1049727.9513483741,2.1913249441083233,0.4060868566168053,191830.55642522062,0.008989272690243166
20211105,3,415766,40633,40632,3025,15554.922981143689,25874671,454682.0599870509,1332710.432113783,2.1913249441083233,0.4060868566168053,255727.73845410117,0.01606845551775325
20211106,1,67405,7562,7562,522,2897.04213255814,19898378,407590.43867563515,1348417.7361893351,1.9268737610225783,0.34405118502964355,239571.46325316277,0.0033874620333375917
20211106,2,179726,18354,18353,1186,6641.247949179607,20057685,325821.0681959819,1015180.1645370043,1.9268737610225783,0.34405118502964355,179151.2362026731,0.008960455805343439
20211106,3,413936,40200,40199,2843,15303.675642004438,25874671,440138.9913390264,1333612.3976392709,1.9268737610225783,0.34405118502964355,243387.0660914054,0.015997729980798597
20211107,1,67415,7600,7600,512,2860.825426865704,19898378,398912.95240152196,1290568.45143831,1.9409877889007412,0.3426982428388235,231913.79319764904,0.003387964586862306
20211107,2,179645,18392,18391,1165,6478.963271727694,20057685,320592.0117163599,998910.9013411701,1.9409877889007412,0.3426982428388235,178895.4604849142,0.008956417452961296
20211107,3,413940,40495,40494,2804,14980.412155530203,25874671,436118.0612087436,1313051.6432359861,1.9409877889007412,0.3426982428388235,241816.36553288708,0.015997884572136203
20211108,1,67347,7623,7623,493,2833.284411079919,19898378,390457.5517039962,1277807.9282220453,1.9465524616805765,0.33532743203662435,224411.6476023502,0.003384547222894248
20211108,2,179369,18440,18440,1180,6523.821037442855,20057685,326209.30920333776,1007222.3857336157,1.9465524616805765,0.33532743203662435,180969.62788579502,0.008942657141140665
20211108,3,413112,40448,40448,2741,14526.613840582326,25874671,418606.5924234191,1265327.5493973484,1.9465524616805765,0.33532743203662435,234852.34803216325,0.0159658841652518
20211109,1,67219,7629,7629,477,2762.1152120099086,19898378,371824.17481015244,1235791.7695254588,1.7533927663377538,0.30264863391240615,211749.05332469527,0.003378114537777903
20211109,2,179108,18521,18521,1153,6404.693721383721,20057685,320234.1180556099,1014155.0796805421,1.7533927663377538,0.30264863391240615,179434.32547886073,0.008929644672353763
20211109,3,412163,40750,40750,2708,14548.314044842136,25874671,421456.5397515161,1296062.0059815878,1.7533927663377538,0.30264863391240615,239168.1398387477,0.015929207370404826
20211110,1,67000,7658,7658,480,2742.8732977465907,19898378,358678.7244006334,1221971.3764353828,1.771046663459874,0.3066167616272619,210791.47450205212,0.0033671086155866573
20211110,2,178562,18520,18520,1144,6304.176487483052,20057685,309373.66528893047,1002144.7683928125,1.771046663459874,0.3066167616272619,176752.85023267168,0.008902423185925993
20211110,3,411335,40776,40776,2697,14425.11546145961,25874671,424090.85475500923,1326295.3780274016,1.771046663459874,0.3066167616272619,246478.69097205505,0.015897206963520424
20211111,1,66858,7677,7677,492,2883.057286048822,19898378,329955.1200546625,1274198.4025103904,1.5475334275754893,0.254873410119528,213365.44372669738,0.0033599723555357125
20211111,2,177973,18612,18612,1195,6846.308629605961,20057685,326560.2489726761,1186095.9543947796,1.5475334275754893,0.254873410119528,204151.03827572495,0.00887305788280153
20211111,3,409888,40936,40936,2750,15494.954220403662,25874671,414873.1546435404,1482222.1090956007,1.5475334275754893,0.254873410119528,261863.31340761748,0.015841283547141528
20211112,1,66796,7654,7654,488,2917.8592928143426,19898378,310417.0840223814,1272594.9565255912,1.3227956395531137,0.22138768568484202,206043.3341909019,0.003356856523682483
20211112,2,177599,18498,18498,1212,6967.106376810592,20057685,318736.4510223252,1225200.6097946693,1.3227956395531137,0.22138768568484202,208211.16722616507,0.00885441166316053
20211112,3,409153,41110,41110,2815,15944.819739001488,25874671,422088.90739744937,1567702.8837198147,1.3227956395531137,0.22138768568484202,274509.79703426233,0.01581287738885646
20211113,1,66695,7684,7684,529,3241.1319930077257,19898378,315301.0538521787,1392385.0761281492,1.3189629738475108,0.20760733017368324,219914.18168401587,0.0033517807330828674
20211113,2,177726,18553,18553,1208,7308.624176587125,20057685,310167.594445453,1323535.4072154844,1.3189629738475108,0.20760733017368324,217137.24296239024,0.008860743400846109
20211113,3,409473,41320,41320,2869,16837.740163290604,25874671,407647.89986428415,1680301.2571368846,1.3189629738475108,0.20760733017368324,285020.2806848431,0.015825244695864927
20211114,1,66599,7590,7590,521,3229.460875051715,19898378,309052.3708952116,1442587.6056448524,1.506967982966561,0.23713557140404054,228779.3376883702,0.003346956219245609
20211114,2,177465,18501,18500,1222,7443.3372193842915,20057685,301686.1419288507,1300808.6882520444,1.506967982966561,0.23713557140404054,214257.83356851013,0.008847730932059207
20211114,3,408711,41019,41018,2931,17286.466259036148,25874671,406192.5773671046,1737052.5105784102,1.506967982966561,0.23713557140404054,293647.1060415151,0.015795795046051022
20211115,1,66443,7581,7581,531,3437.5857484361823,19898378,315168.8971924595,1614571.0615560529,1.3922359736047807,0.20898142485322788,244052.92453358078,0.003339116384260064
20211115,2,176871,18517,18516,1265,7979.101304413458,20057685,304089.6363727837,1448676.353525499,1.3922359736047807,0.20898142485322788,233326.4018097552,0.008818116347923502
20211115,3,407796,40895,40894,2945,18203.629418697434,25874671,384504.70925523154,1834646.1517691684,1.3922359736047807,0.20898142485322788,296175.1748954324,0.015760432277573694
20211116,1,66464,7611,7611,531,3364.2834914225677,19898378,301498.38807076955,1576936.3691551269,1.3566804468788647,0.21416765737424795,241488.07748117764,0.0033401717466619643
20211116,2,176921,18583,18582,1281,7926.870152541923,20057685,301715.1899025456,1446930.8440771021,1.3566804468788647,0.21416765737424795,239658.51692913778,0.008820609158035935
20211116,3,407926,40937,40936,2973,18104.46195073449,25874671,390877.92603152664,1876907.852438453,1.3566804468788647,0.21416765737424795,306948.47044318187,0.015765456496045882
20211117,1,66429,7541,7541,531,3300.466193451161,19898378,294896.19655291806,1540860.8415584886,1.262011882045002,0.20115720455175334,241817.7770493895,0.0033384128093254637
20211117,2,176907,18674,18673,1294,8040.492870385558,20057685,307343.73740723095,1530629.7980130618,1.262011882045002,0.20115720455175334,251395.90906500077,0.008819911171204453
20211117,3,407565,41055,41054,2948,18045.576268464683,25874671,385617.3866523735,1921953.7393594207,1.262011882045002,0.20115720455175334,313248.32023100485,0.01575150462782696
20211118,1,66591,7585,7585,531,3297.585671182034,19898378,299561.71505684056,1546092.6219371562,1.2942424843250464,0.21710895721015,246424.22629569622,0.0033465541764258373
20211118,2,177411,18750,18749,1292,7890.253635101641,20057685,304494.86141458526,1505094.5488003246,1.2942424843250464,0.21710895721015,247122.3004564549,0.008845038697137781
20211118,3,409153,41265,41264,2960,18050.29481160711,25874671,381166.5038009539,1890293.3323855663,1.2942424843250464,0.21710895721015,308018.62997938786,0.01581287738885646
20211119,1,66604,7621,7621,525,3207.864112731805,19898378,310870.61420957063,1586755.4113081442,1.1117824621160626,0.18876999461326505,265138.0846985104,0.003347207496007966
20211119,2,177447,18897,18896,1286,7743.917127904068,20057685,306756.8658677943,1581516.365145237,1.1117824621160626,0.18876999461326505,264433.8327708174,0.008846833520418733
20211119,3,409408,41443,41442,2988,17929.96315886706,25874671,368625.1082334614,1919267.7526259825,1.1117824621160626,0.18876999461326505,317757.043205929,0.01582273258662883
20211120,1,66391,7619,7619,521,3207.050645739563,19898378,321861.3616984235,1652462.0633109203,1.0460394976358462,0.1872494790813456,278925.2025845752,0.003336503105931549
20211120,2,177037,18917,18916,1321,7886.089561948875,20057685,301777.7068191715,1559350.8563797993,1.0460394976358462,0.1872494790813456,263498.10965736036,0.00882639247749678
20211120,3,408493,41520,41519,3018,17958.354219248442,25874671,367127.48703954706,1931475.6672697996,1.0460394976358462,0.1872494790813456,321256.6268860551,0.015787369818151504
20211121,1,66294,7718,7718,519,3208.6586047765604,19898378,324199.56212318246,1678657.5894311545,1.0098096508138172,0.17892586484230796,282101.6749046291,0.003331628336741819
20211121,2,176905,18969,18969,1308,7923.163523338081,20057685,309172.454791879,1621112.2747354892,1.0098096508138172,0.17892586484230796,270327.77981734887,0.008819811458799957
20211121,3,408187,41643,41643,2990,18014.851886194894,25874671,363795.20740423416,1916038.3057163784,1.0098096508138172,0.17892586484230796,317015.3924912754,0.015775543580824662
20211122,1,66189,7752,7752,528,3159.4866307610696,19898378,316875.38261291117,1568042.1015599256,1.0519444072202566,0.187557179794149,273590.2767778676,0.0033263515247323175
20211122,2,176672,19054,19054,1315,7689.518007329645,20057685,329893.8927193851,1628781.1812041823,1.0519444072202566,0.187557179794149,286051.4101673091,0.008808194963676018
20211122,3,407710,41840,41840,3063,17873.643933469,25874671,359644.37924154964,1796611.3285012925,1.0519444072202566,0.187557179794149,305152.23507209553,0.01575710856381517
20211123,1,66007,7756,7756,511,3103.485124448843,19898378,323553.9753603839,1603243.7115165726,1.0436735915574902,0.17995758741391868,276415.29011514265,0.003317205050582515
20211123,2,176396,19173,19173,1320,7790.204089024203,20057685,329505.006664608,1619503.2382932187,1.0436735915574902,0.17995758741391868,281795.9810291424,0.008794434651855386
20211123,3,407320,42059,42059,3051,17853.271291765344,25874671,363482.7805767894,1804426.3657652952,1.0436735915574902,0.17995758741391868,306458.71581818286,0.015742035908398604
20211124,1,65994,7862,7862,532,3194.2658026057607,19898378,312110.0451318653,1494352.9866516157,1.0681127454381671,0.18186585557422585,257709.46073334618,0.003316551731000386
20211124,2,176629,19351,19351,1339,7976.316106159209,20057685,339332.9199846105,1668932.2611411682,1.0681127454381671,0.18186585557422585,286345.0211059901,0.008806051146979325
20211124,3,407554,42702,42701,3096,18195.872130620046,25874671,375501.88154009334,1874287.5346248848,1.0681127454381671,0.18186585557422585,315053.6653593432,0.015751079501648543
20211125,1,65865,7964,7964,552,3338.6509160827527,19898378,317188.85961577616,1506428.0627485935,1.194284316437443,0.20529185868688202,257052.78776409908,0.00331006879053157
20211125,2,176226,19451,19451,1348,8104.8694767255665,20057685,342745.27620156104,1672587.5063861455,1.194284316437443,0.20529185868688202,289124.0118932108,0.008785959097473112
20211125,3,406233,43037,43036,3066,18177.791495865742,25874671,376765.11163984187,1862638.7419807618,1.194284316437443,0.20529185868688202,313504.8398079422,0.01570002571240423
20211126,1,65821,7969,7969,553,3255.9242576474726,19898378,313227.42628703866,1517909.6254523492,1.188216144267031,0.20821313542193778,251042.9964944012,0.0033078575550228263
20211126,2,175880,19424,19424,1354,7932.418587347283,20057685,342968.0592492774,1602451.4404923588,1.188216144267031,0.20821313542193778,280425.0697770751,0.008768708851495076
20211126,3,405523,43058,43057,3071,17649.77268709101,25874671,389919.58510347747,1848736.1532908704,1.188216144267031,0.20821313542193778,319354.8551538344,0.015672585749979196
20211127,1,65627,7981,7981,549,3314.1130977148746,19898378,314587.47804677114,1532677.94306348,1.2730585303034214,0.2180043151228582,243439.5454333353,0.0032981080166433665
20211127,2,175512,19532,19532,1321,7834.152912276541,20057685,335707.85434265004,1566578.1239578722,1.2730585303034214,0.2180043151228582,263934.1187361256,0.008750361769067566
20211127,3,404189,43083,43082,3056,17782.465245530613,25874671,404245.50704992004,1880598.6200661256,1.2730585303034214,0.2180043151228582,319141.17453839054,0.015621029538887663
20211128,1,65714,7931,7931,552,3367.2564636226825,19898378,308435.9896465725,1427034.9516396208,1.4094558905886898,0.24012210716882854,224990.28628806368,0.003302480232308382
20211128,2,175558,19576,19576,1289,7845.540054818046,20057685,330147.3236284365,1509785.5263678294,1.4094558905886898,0.24012210716882854,248465.4637758711,0.008752655154371005
20211128,3,404638,43066,43065,3006,17692.674486780852,25874671,423626.68455240177,1859683.6755674137,1.4094558905886898,0.24012210716882854,312815.5513605614,0.015638382416533914
20211129,1,65963,8084,8084,569,3561.769692547804,19898378,331406.10940440174,1627452.5888026494,1.472034290230502,0.23602815091286933,248166.7157866079,0.0033149938150737715
20211129,2,176441,19921,19921,1303,8259.341937973906,20057685,324213.2922072418,1600187.1298938072,1.472034290230502,0.23602815091286933,251541.4201165558,0.008796678180956577
20211129,3,406215,43449,43448,3001,18123.759429906775,25874671,412855.4080729957,1932194.0337958226,1.472034290230502,0.23602815091286933,317686.13410182233,0.015699330051385
20211130,1,66428,8269,8269,564,3670.088212943348,19898378,361578.87582311116,1800073.6138335795,1.5298546949386347,0.23699488897637522,270843.0079320468,0.003338362553972992
20211130,2,177150,20222,20222,1267,8290.001403232336,20057685,314370.8978295147,1556458.5316447776,1.5298546949386347,0.23699488897637522,240727.68175360604,0.00883202622835088
20211130,3,407710,44530,44529,2965,18501.7237441037,25874671,397872.2012179611,1912284.301746437,1.5298546949386347,0.23699488897637522,304888.48521923233,0.01575710856381517
20211201,1,66710,8419,8419,566,3649.7575033844582,19898378,364799.9699339005,1797635.6399094092,1.349642853067323,0.2084286598865361,273192.1405175199,0.003352534563369939
20211201,2,177557,20600,20600,1270,8308.156180168287,20057685,318726.6514750659,1561443.6945254616,1.349642853067323,0.2084286598865361,244866.85336418345,0.008852317702666085
20211201,3,408706,45315,45314,2960,18486.20629895769,25874671,394965.0630251968,1907092.4864554554,1.349642853067323,0.2084286598865361,304770.636427008,0.015795601806879014
20211202,1,68098,8807,8807,547,3645.1402577794024,19898378,344539.65906670416,1747735.0480254919,1.4159226273421317,0.21240406487538047,254111.25303332607,0.0034222889926003013
20211202,2,180404,21252,21252,1312,8782.01692126543,20057685,326947.7921979386,1641276.6097784415,1.4159226273421317,0.21240406487538047,242083.63170260625,0.008994258310468033
20211202,3,414865,46624,46623,3035,19516.467032968492,25874671,411861.94289787463,1978449.876329603,1.4159226273421317,0.21240406487538047,308644.6689261983,0.016033633818957543
20211203,1,68977,8979,8979,552,3784.385274495147,19898378,334882.27063752594,1719662.3316723474,1.4279853928914583,0.21062481345268444,243600.2896140482,0.0034664634474226995
20211203,2,182789,21733,21733,1320,9123.955018917552,20057685,324982.3345635405,1661651.4216309052,1.4279853928914583,0.21062481345268444,236983.04113557655,0.009113165352831097
20211203,3,419440,47444,47442,3096,20268.10068841363,25874671,428243.3116106169,2041494.1677684032,1.4279853928914583,0.21062481345268444,313518.65948043263,0.016210447661344177
20211204,1,69717,9134,9134,573,3849.7437893183996,19898378,344798.18460496975,1800211.1102745733,1.351574327667074,0.20310988585987613,259004.30219496487,0.003503652408251567
20211204,2,184512,22138,22138,1391,9670.365595165562,20057685,333352.5881446697,1778243.8771643117,1.351574327667074,0.20310988585987613,251732.56488928702,0.009199067589305545
20211204,3,423439,48104,48103,3131,20648.652515170746,25874671,414756.8078189654,2055564.9598594916,1.351574327667074,0.20310988585987613,311264.7649505529,0.016365000351115575
20211205,1,70273,9327,9327,583,3959.3617555026917,19898378,350783.26327465987,1921825.3124018798,1.3396174986478042,0.1939769553782689,277668.2553121276,0.0035315943842256893
20211205,2,185745,22374,22374,1405,9894.772856256384,20057685,338567.2554182141,1881406.2214383797,1.3396174986478042,0.1939769553782689,265551.02812121005,0.00926054028667815
20211205,3,425798,48672,48671,3136,21068.737421427595,25874671,408853.0630654129,2120263.073430851,1.3396174986478042,0.1939769553782689,314095.0820729663,0.016456170592468598
20211206,1,70559,9375,9375,570,4020.8616713356264,19898378,344495.744965721,1900500.4032310972,1.3663949943577218,0.1920753902724707,267063.1340605232,0.003545967415032522
20211206,2,186524,22460,22460,1416,10194.211481833147,20057685,340904.7939751139,1930084.7376331189,1.3663949943577218,0.1920753902724707,267607.2338502842,0.009299378268229857
20211206,3,427282,49032,49031,3118,21456.23716555867,25874671,417367.50079362147,2201097.2646155423,1.3663949943577218,0.1920753902724707,318299.1512342554,0.016513523978720347
20211207,1,71088,9543,9543,550,3954.3462278956704,19898378,324098.63317964046,1822427.63619517,1.4652155148947235,0.2014689279359611,252721.98426580583,0.003572552496489915
20211207,2,187602,22919,22919,1413,10153.911577478853,20057685,353960.2280109217,1973884.4999652167,1.4652155148947235,0.2014689279359611,274874.1727301286,0.009353123254253918
20211207,3,429688,49780,49779,3137,21783.23458432975,25874671,428714.15780727484,2257943.4442677507,1.4652155148947235,0.2014689279359611,322435.17285016907,0.016606510668290237
20211208,1,71434,9755,9755,578,4169.545559611084,19898378,332578.08807173016,1932382.0982781784,1.3748903041279095,0.19201627541197872,269721.1263318793,0.003589940848445034
20211208,2,188702,23406,23406,1420,10213.796270384986,20057685,357383.0435634415,2039057.6925933058,1.3748903041279095,0.19201627541197872,282417.3497606067,0.009407965076727448
20211208,3,432444,50501,50499,3173,21922.462592446795,25874671,421490.45845568983,2279582.7342287786,1.3748903041279095,0.19201627541197872,327044.2908824496,0.016713024099900633
20211209,1,71011,9680,9680,593,4211.953945395124,19898378,351703.92140510085,2028525.39098993,1.3442685289285474,0.19903022856197303,290867.4922002242,0.003568682834349614
20211209,2,188175,23340,23340,1422,9864.469524005266,20057685,340373.7407948672,1861070.7431343754,1.3442685289285474,0.19903022856197303,270706.2265324542,0.009381690858142402
20211209,3,430969,50117,50115,3159,20948.590104019288,25874671,425211.86392584926,2233575.124249369,1.3442685289285474,0.19903022856197303,332255.7372292227,0.016656018544158494
20211210,1,70969,9646,9646,633,4307.007591470996,19898378,372636.83989781974,2104429.5341229,1.3793484610721944,0.20298225759809277,306593.46417392703,0.003566572109545813
20211210,2,187843,23235,23235,1388,9589.583703172242,20057685,329592.9464802116,1819746.5181714736,1.3793484610721944,0.20298225759809277,263110.18606478034,0.009365138598995846
20211210,3,430591,50112,50111,3138,20689.739529821858,25874671,422009.5369325929,2185324.1144120814,1.3793484610721944,0.20298225759809277,328434.933492847,0.016641409662754746
20211211,1,71289,9723,9723,653,4519.937704559346,19898378,393388.97743826703,2328656.6411061245,0.9439792217774036,0.14006178789044352,339059.79228020215,0.0035826538223366748
20211211,2,188674,23279,23279,1434,9912.390138377326,20057685,336536.37563926016,1884702.7093238235,0.9439792217774036,0.14006178789044352,276494.9093545212,0.009406569103064486
20211211,3,432808,50314,50312,3139,21016.49354424281,25874671,402471.8420533928,2185021.6393354614,0.9439792217774036,0.14006178789044352,324392.69797423895,0.01672709191162276
20211212,1,71583,9894,9894,690,4773.494934103313,19898378,371484.9591797699,2188781.5840470046,1.345683072587449,0.20112524067418938,317841.16133133415,0.003597428895963279
20211212,2,189683,23602,23602,1500,10247.600957800678,20057685,342300.50375665096,1907154.4765673906,1.345683072587449,0.20112524067418938,282340.3152788971,0.009456874011133388
20211212,3,435064,50939,50937,3279,21921.582051110396,25874671,428694.8484798997,2304186.9368770295,1.345683072587449,0.20112524067418938,341928.7085811746,0.016814281426032432
20211213,1,72050,10104,10104,744,5302.987303056292,19898378,371201.8639897108,2436204.5778263654,1.3771254317928427,0.19817325101373853,339064.6840883835,0.0036208981455674426
20211213,2,190966,24188,24188,1585,11072.461518273305,20057685,348842.13505822123,2080884.9904073258,1.3771254317928427,0.19817325101373853,303290.235873429,0.009520839518618426
20211213,3,437473,52088,52086,3417,23353.610114420248,25874671,434944.87742675305,2495668.330204161,1.3771254317928427,0.19817325101373853,363567.9075671202,0.016907384059105524
20211214,1,72110,10335,10335,817,5659.215319242839,19898378,385577.3117167611,2517435.1644413816,1.2923300460674825,0.1925774294700984,361748.2196858873,0.0036239134667157293
20211214,2,191367,24591,24591,1706,11677.058303883778,20057685,339417.97210197465,2086048.6346844668,1.2923300460674825,0.1925774294700984,307883.5847123255,0.009540831855720138
20211214,3,438013,52610,52608,3641,24049.723312963317,25874671,446653.4282898037,2551129.432702129,1.2923300460674825,0.1925774294700984,385633.4452683673,0.016928253889682308
20211215,1,73744,10857,10857,980,6852.519243704774,19898378,388501.9432747735,2835484.3694729903,1.1573674685234407,0.16987628216397818,406792.0731523317,0.0037060307126540667
20211215,2,195640,25806,25806,2089,14276.607375353497,20057685,360707.2051887377,2503742.390941664,1.1573674685234407,0.16987628216397818,367767.53067780944,0.009753867407928682
20211215,3,446270,54714,54713,4161,28071.25011688706,25874671,447271.9945425791,2907586.0319304373,1.1573674685234407,0.16987628216397818,430399.14652040077,0.01724736905833508
20211216,1,75690,11790,11789,1318,9236.702046243156,19898378,400443.3582432921,3428187.1476835534,1.006511319560321,0.14535091061791666,491931.52874798776,0.003803827628563494
20211216,2,200284,27642,27641,2609,18100.745600731898,20057685,370184.47192650696,2981689.800949595,1.006511319560321,0.14535091061791666,433046.71202538727,0.009985399611171479
20211216,3,456123,57768,57764,4990,34421.25021991456,25874671,458628.92929524736,3412411.9034774797,1.006511319560321,0.14535091061791666,491723.519375061,0.017628166170692565
20211217,1,77074,12521,12520,1556,11041.23988585644,19898378,408491.24815671105,3817470.9352093786,1.0322030999087008,0.14600832489740107,534704.5749466006,0.0038733810363839704
20211217,2,203314,29273,29272,3058,21637.92412018431,20057685,396640.1414538179,3508756.2125901263,1.0322030999087008,0.14600832489740107,497963.822845681,0.010136463903984932
20211217,3,463132,60528,60524,5669,39809.93474366149,25874671,463959.6208173403,3784697.1691117496,1.0322030999087008,0.14600832489740107,535871.4740447814,0.01789904884201233
20211218,1,77867,13083,13080,1746,12613.154197209436,19898378,429156.65831305203,4273401.412576569,0.9024399400465068,0.1250445710981848,590703.0186745465,0.003913233530893825
20211218,2,204827,30368,30367,3454,24764.574403830662,20057685,414507.3051465317,3938624.827790809,0.9024399400465068,0.1250445710981848,548763.7251489274,0.01021189633798716
20211218,3,465972,62380,62377,6259,44648.73283000266,25874671,472370.93393723376,4162478.6181555064,0.9024399400465068,0.1250445710981848,579963.3549587288,0.01800880869171245
20211219,1,78649,13600,13597,1881,14277.718798011505,19898378,438348.77738837077,4739658.491717226,0.8642403006774154,0.11521100969756853,619213.5150659966,0.003952533216526493
20211219,2,206402,31352,31351,3722,28079.042707776574,20057685,438518.517504143,4433475.352951016,0.8642403006774154,0.11521100969756853,589239.1927196886,0.010290419856528807
20211219,3,469048,64151,64147,6766,50751.28256593999,25874671,494117.0072973742,4634935.1401091805,0.8642403006774154,0.11521100969756853,615269.5765125251,0.018127689430331308
20211220,1,79153,13929,13926,2009,15851.016034478116,19898378,472331.9391783851,5214432.824309676,0.8788905349996547,0.11125222055642696,657716.7627485335,0.0039778619141721
20211220,2,207291,31923,31922,3977,31131.03290727676,20057685,453528.8728771897,4800394.35044719,0.8788905349996547,0.11125222055642696,610414.276230334,0.010334742020327869
20211220,3,471145,65072,65069,7111,55377.35675509588,25874671,507064.10630236106,4948134.835801552,0.8788905349996547,0.11125222055642696,632877.933578818,0.01820873393907115
20211221,1,79737,14377,14374,2084,16475.80955055447,19898378,498796.94853620965,5370070.965035932,0.8807352131356145,0.11093114578803517,674652.4735364754,0.0040072110400154225
20211221,2,208784,32823,32822,4116,32352.082892168903,20057685,474638.6719763597,4904231.228814391,0.8807352131356145,0.11093114578803517,620817.0268586312,0.010409177330285124
20211221,3,473726,66609,66606,7399,57790.28907660142,25874671,528553.1101850908,5106092.237903867,0.8807352131356145,0.11093114578803517,651234.5731573913,0.01830848399966129
20211222,1,79435,14564,14561,2093,16347.255988082452,19898378,536631.9840340677,5611809.829370689,0.8454774834952109,0.10746801572007067,715021.3611442358,0.003992033923569047
20211222,2,207967,32990,32988,4172,32389.372052489405,20057685,498162.17568583874,4928056.307685042,0.8454774834952109,0.10746801572007067,628491.3277950446,0.010368444813047967
20211222,3,471991,67174,67171,7523,58110.911771303625,25874671,542390.0285506609,5082203.261633277,0.8454774834952109,0.10746801572007067,655447.3622443645,0.018241430006974774
20211223,1,79036,14438,14436,2061,17521.375372595725,19898378,575705.6339189225,6157711.866266799,0.8715830447000741,0.1011022695222526,718768.183731964,0.003971982037932941
20211223,2,206904,32611,32610,4055,34615.508954157005,20057685,520045.4555520452,5339877.397494646,0.8715830447000741,0.1011022695222526,621090.5769931582,0.010315447670057636
20211223,3,469609,66543,66540,7501,63712.133045668335,25874671,562844.0104192555,5607861.388529582,0.8715830447000741,0.1011022695222526,658563.31797333,0.01814937086543052
20211224,1,79047,14312,14309,2087,18179.742988659636,19898378,608658.4491008891,6528616.617102676,0.8916403713496184,0.10159308093770074,743368.8031538697,0.003972534846810127
20211224,2,206853,32371,32370,4130,36182.439585123815,20057685,541152.4085408837,5533653.621735971,0.8916403713496184,0.10159308093770074,626296.8862761938,0.010312905003742955
20211224,3,469635,66185,66183,7866,68478.86364687835,25874671,595336.5240663459,5951100.497898557,0.8916403713496184,0.10159308093770074,684425.8795395005,0.01815037570912496
20211225,1,78433,13918,13917,2064,18159.217060899984,19898378,633079.3171200962,6532786.610162815,0.8887104551207535,0.09879413119014559,737127.5266257906,0.003941678060392661
20211225,2,205158,31504,31503,4108,36440.36103764728,20057685,570778.6972129396,5569782.059549236,0.8887104551207535,0.09879413119014559,624092.3982936704,0.010228398740931469
20211225,3,466216,64332,64330,7992,70662.00612187083,25874671,629796.5715236856,6131880.017296678,0.8887104551207535,0.09879413119014559,692760.8707776683,0.0180182387633064
20211226,1,77493,13347,13346,2082,18317.879267935128,19898378,664359.0416567597,6656620.530010584,0.8706275335330772,0.09693815887185593,746167.8365406096,0.003894438029069505
20211226,2,202632,30104,30103,4100,36456.45625917377,20057685,596899.1572396082,5658312.771514419,0.8706275335330772,0.09693815887185593,634235.614287824,0.010102461974051343
20211226,3,460946,61534,61533,8107,71615.51363639154,25874671,661524.0728854503,6264958.219361896,0.8706275335330772,0.09693815887185593,707712.7558675521,0.01781456467601076
20211227,1,76984,13185,13184,2190,19309.079628567863,19898378,703117.500880131,7008421.156347823,0.8473742627764013,0.09366290165085278,784331.1387396002,0.0038688580546615407
20211227,2,201167,29421,29420,4227,37632.1657509895,20057685,630395.6205293887,5980671.257331146,0.8473742627764013,0.09366290165085278,668763.5641440075,0.01002942263775705
20211227,3,457822,60022,60021,8475,75151.62297017548,25874671,677777.7457920038,6510995.313365818,0.8473742627764013,0.09366290165085278,731055.641985761,0.01769382884134063
20211228,1,76850,13112,13111,2258,20924.316836490478,19898378,730353.3975535755,7518514.227807859,0.8847759832450501,0.09275103745143104,801667.1794526852,0.0038621238374303675
20211228,2,200687,29061,29060,4374,40969.53560955597,20057685,656848.4806888505,6385276.322747961,0.8847759832450501,0.09275103745143104,679867.8521019287,0.01000549166067769
20211228,3,456575,59540,59539,8902,82997.62441226431,25874671,710860.0297027709,7065610.317042375,0.8847759832450501,0.09275103745143104,753799.3689544816,0.017645634991842022
20211229,1,76736,13211,13210,2414,23807.175505076564,19898378,765298.3818912632,8295175.050779029,0.8845022495100711,0.08714156241481014,835480.2489775306,0.003856394727248623
20211229,2,200059,28952,28952,4556,45596.292294290266,20057685,668378.5914622716,6923572.319583865,0.8845022495100711,0.08714156241481014,687491.1895524306,0.009974181965665529
20211229,3,455592,59669,59668,9621,95394.07396419007,25874671,747879.9727971766,7948498.9130176855,0.8845022495100711,0.08714156241481014,798529.1533232952,0.017607644170625398
20211230,1,76543,13277,13276,2572,25336.23089583055,19898378,787862.7828522141,8736971.363368375,0.8708611648129627,0.08711962375865012,882730.3167832672,0.0038466954442216345
20211230,2,199545,28978,28977,4861,48506.62219168977,20057685,699970.0560743933,7247396.11543517,0.8708611648129627,0.08711962375865012,721161.8790182904,0.009948555877709715
20211230,3,453509,59851,59849,10257,101768.57304700773,25874671,774877.6491349633,8362519.672989618,0.8708611648129627,0.08711962375865012,839261.3268178962,0.017527140731567175
20211231,1,76250,13316,13316,2758,27685.009895570834,19898378,829483.5839717905,9631661.021808125,0.8560471175420707,0.08376027655657677,950627.4540149103,0.003831970625947502
20211231,2,198292,28949,28948,5198,52479.820468590784,20057685,728656.4397232239,7842562.447458378,0.8560471175420707,0.08376027655657677,771357.1988958756,0.00988608605629214
20211231,3,450451,59383,59382,10707,107614.81624489679,25874671,782470.5152608417,8705434.083148776,0.8560471175420707,0.08376027655657677,862623.1981591556,0.017408955653967544
20220101,1,76835,13554,13554,2843,29580.8971331767,19898378,844926.7200401116,10053683.97291007,0.8647742133728178,0.08169007203087902,959571.9257057563,0.0038613700071432958
20220101,2,199740,29409,29407,5436,56848.696390469166,20057685,761221.1962585693,8400311.1106534,0.8647742133728178,0.08169007203087902,797870.5937913336,0.009958277837148205
20220101,3,453714,60363,60362,11178,116430.34714464667,25874671,808138.352584024,9183959.210357884,0.8647742133728178,0.08169007203087902,879620.589459442,0.017535063537619473
20220102,1,77295,13916,13916,2941,30820.537525656746,19898378,867945.3572266358,10365874.826421466,0.871687020046767,0.0819995455437862,983586.4864078751,0.0038844874692801593
20220102,2,200970,30085,30083,5621,59224.40675378597,20057685,789507.3512384573,8704360.237074425,0.871687020046767,0.0819995455437862,822243.5600517609,0.010019600965914062
20220102,3,456739,61794,61793,11500,120841.15876215382,25874671,824361.4361014143,9422211.817301236,0.871687020046767,0.0819995455437862,894704.9359730511,0.01765197323668386
20220103,1,77422,14090,14090,2962,33321.97370577799,19898378,896291.2610446566,11273060.361337455,0.8713475048736451,0.07620373298357679,996713.4823173899,0.0038908698990440327
20220103,2,201490,30492,30490,5695,64496.37163971437,20057685,816839.4190005504,9489433.330928909,0.8713475048736451,0.07620373298357679,833072.0909267379,0.010045526191083367
20220103,3,457548,62713,62711,11651,131387.1602893271,25874671,830306.889498021,9998508.106536422,0.8713475048736451,0.07620373298357679,883358.8034478422,0.017683239334714634
20220104,1,77403,14139,14139,2934,35604.41758209525,19898378,918987.7368539826,12098297.94239573,0.922870086842424,0.0751951780839294,993270.6301051534,0.0038899150473470753
20220104,2,201097,30711,30709,5641,68688.7641490422,20057685,820552.9301440923,9961837.735795598,0.922870086842424,0.0751951780839294,814942.401959892,0.010025932703599643
20220104,3,457036,62978,62976,11698,141807.77062872626,25874671,858932.5517206235,10729789.377561485,0.922870086842424,0.0751951780839294,882271.5703355365,0.01766345164350109
20220105,1,77454,14124,14124,2901,33913.744481760754,19898378,921399.4481712522,11355246.823217727,0.9207048069462781,0.07839792923036619,965477.2527621078,0.003892478070323119
20220105,2,201317,30758,30756,5698,66623.26786074141,20057685,855948.0399217322,9742870.09230649,0.9207048069462781,0.07839792923036619,830691.7279580709,0.010036901068094349
20220105,3,457264,62937,62935,11636,135944.91362174266,25874671,868283.8855754611,10178042.137478275,0.9207048069462781,0.07839792923036619,868384.4171350308,0.01767226334974462
20220106,1,77438,13952,13952,2791,31886.672460597027,19898378,944034.4957938227,10720010.12601963,0.9807237716372323,0.08510274424953987,937978.5017105443,0.0038916739846835756
20220106,2,201070,30436,30435,5563,63735.08256225069,20057685,876593.7693383439,9386533.976526307,0.9807237716372323,0.08510274424953987,816841.6107364919,0.01002458658613893
20220106,3,456908,62199,62196,11124,127405.97180569686,25874671,863489.6448419723,9477052.198479105,0.9807237716372323,0.08510274424953987,825840.6813385277,0.017658504720697705
20220107,1,77038,13568,13568,2644,29349.780546306814,19898378,938412.5671207496,9554729.959243655,1.042360134842754,0.09385869364055661,864085.5152665182,0.0038715718436949987
20220107,2,200073,29732,29731,5254,58348.28933713527,20057685,899285.6630019773,8719859.256034918,1.042360134842754,0.09385869364055661,784296.9925961582,0.00997487995249701
20220107,3,454752,60716,60713,10454,116317.70170512542,25874671,876120.11105906,8761641.039990239,1.042360134842754,0.09385869364055661,784657.3643390078,0.017575179989728178
20220108,1,76647,13232,13231,2482,30312.27157442116,19898378,971473.6135037175,10121901.243406668,1.0428766977653212,0.08589474332401949,825598.0636820914,0.0038519220008786646
20220108,2,199094,28967,28967,4835,59192.951566566866,20057685,872957.2966061225,8685141.225413494,1.0428766977653212,0.08589474332401949,707379.5973700325,0.009926070730495569
20220108,3,452593,58854,58850,9745,118873.1292001023,25874671,890707.7944493893,9059038.793334484,1.0428766977653212,0.08589474332401949,740491.1234888552,0.01749173931525545
20220109,1,76463,13048,13047,2348,28654.131009537017,19898378,987110.9489262886,9761496.41157307,1.0921628592176045,0.08923108029664986,794893.8510947946,0.003842675016023919
20220109,2,198706,28634,28633,4566,55990.4727855462,20057685,869738.208190891,8283331.024174012,1.0921628592176045,0.08923108029664986,672396.4100246308,0.009906726524023086
20220109,3,451559,57957,57953,9172,112215.0147046815,25874671,890990.5911443545,8603948.803906921,1.0921628592176045,0.08923108029664986,702633.0355968555,0.017451777454484348
20220110,1,75944,12700,12699,2241,23171.604068534733,19898378,1014087.5222865323,8268021.021717859,1.106679326045681,0.10730827980160129,799478.6512715886,0.0038165924880912403
20220110,2,197582,27810,27809,4313,44885.58423971671,20057685,848684.5901601609,6638383.873737373,1.106679326045681,0.10730827980160129,638642.3994210706,0.009850688152695589
20220110,3,449151,56332,56329,8624,89689.48425916447,25874671,888536.7343649943,7049632.773178828,1.106679326045681,0.10730827980160129,680721.4906826551,0.017358713469245658
20220111,1,75329,12300,12299,1966,26148.349908532567,19898378,1002645.359968787,9534373.237961195,1.1515524565183644,0.08649847686647331,716283.2143149875,0.0037856854463213033
20220111,2,196189,26864,26863,3859,51601.12639233154,20057685,837168.9224570745,7760394.067228301,1.1515524565183644,0.08649847686647331,577077.3816856286,0.009781238462963198
20220111,3,446071,54415,54411,7797,104033.76313784723,25874671,904468.2491928788,8486033.038622007,1.1515524565183644,0.08649847686647331,636002.723883956,0.017239678139289193
20220112,1,74825,12009,12008,1924,18109.41742197865,19898378,1029170.8372983237,7069198.876438482,1.1540747866155194,0.1211404597001966,750901.4999352428,0.003760356748675696
20220112,2,194674,26120,26119,3795,36004.73381272406,20057685,849868.3562933434,5656134.42790861,1.1540747866155194,0.1211404597001966,600010.655254376,0.009705706316556472
20220112,3,443085,52829,52826,7281,69896.57445733008,25874671,847422.0486834828,5833083.130793944,1.1540747866155194,0.1211404597001966,610121.6150136086,0.01712427570576646
20220113,1,73981,11480,11479,1802,17706.61331337923,19898378,1030669.1866628685,7354661.2821769,1.202641055385267,0.12177941808768873,744867.5355097932,0.0037179412311897984
20220113,2,192865,24978,24977,3591,35756.117958702445,20057685,815761.1866665422,5669710.006093149,1.202641055385267,0.12177941808768873,572613.4817048296,0.009615516446688639
20220113,3,439425,50419,50416,6879,68717.69405627136,25874671,851804.3439732807,6044148.177772293,1.202641055385267,0.12177941808768873,606639.5472637826,0.016982824631857154
20220114,1,73445,10903,10902,1681,16110.696349221713,19898378,1017900.9196301856,7013689.665939556,1.1883789582000202,0.12687030645087263,732608.9900288596,0.0036910043622651054
20220114,2,191720,23849,23848,3387,32822.04903618085,20057685,810119.1589800674,5465556.025041818,1.1883789582000202,0.12687030645087263,565760.9386679961,0.009558431095113918
20220114,3,436728,47958,47955,6512,63504.22514007727,25874671,833408.2195107527,5768807.279823853,1.1883789582000202,0.12687030645087263,594471.4149885027,0.016878591422476445
20220115,1,72653,10319,10319,1605,16294.611361426345,19898378,999158.7503845533,7368371.92041562,1.2433102188567817,0.1261412210876179,728762.2266126085,0.0036512021231077225
20220115,2,190052,22724,22723,3220,32949.110971735536,20057685,792543.5390610198,5672252.827476053,1.2433102188567817,0.1261412210876179,557559.348982594,0.009475270949763146
20220115,3,433040,45383,45383,6128,63564.333316989505,25874671,826170.6616060799,6098836.645688586,1.2433102188567817,0.1261412210876179,589314.2422616538,0.016736058209203895
20220116,1,72145,9783,9783,1527,16052.995687846498,19898378,977644.1815813826,7624850.740933836,1.2580257755764928,0.11944980266317534,729854.1824884905,0.00362567240405223
20220116,2,189043,21618,21618,3116,33156.506808983126,20057685,774097.2606876924,5862540.242670671,1.2580257755764928,0.11944980266317534,555785.5409403695,0.009424966041694243
20220116,3,430728,43393,43392,5955,64329.18149257723,25874671,817907.494645908,6430343.729333457,1.2580257755764928,0.11944980266317534,597004.5330612587,0.016646704416067745
20220117,1,71771,9438,9438,1537,16137.163597471492,19898378,965223.6761045256,7897985.433524673,1.2792690104706743,0.12150210737555779,758129.5838533958,0.00360687690222791
20220117,2,188311,21100,21100,3085,32842.99264033263,20057685,748416.8131302334,6018825.795552746,1.2792690104706743,0.12150210737555779,573108.701454199,0.009388471301648221
20220117,3,428972,42185,42184,5969,64424.34431967152,25874671,804341.8895861012,6729687.391956075,1.2792690104706743,0.12150210737555779,624542.8181142259,0.0165788388188588
20220118,1,71323,9172,9172,1509,16633.039671120794,19898378,945881.997221087,8483611.183350926,1.242225672818843,0.11268672320856546,777120.1689222434,0.003584362504320704
20220118,2,187501,20487,20487,3074,34117.49789511961,20057685,711369.0465669574,6320258.225189893,1.242225672818843,0.11268672320856546,573515.4647235721,0.009348087777826803
20220118,3,427262,41206,41204,6047,68177.01074035297,25874671,805859.1455956978,7378068.6881611915,1.242225672818843,0.11268672320856546,653287.7237246998,0.01651275102203232
20220119,1,71224,9031,9031,1548,18548.28977314146,19898378,930854.2508311163,9594421.421199324,1.1834083933461335,0.09711414803311393,797312.5509253746,0.003579387224426031
20220119,2,187337,20111,20111,3137,38300.8523425099,20057685,685491.5483237312,7057881.911167815,1.1834083933461335,0.09711414803311393,581589.596342675,0.009339911360658022
20220119,3,427138,40609,40607,6229,76736.33204540065,25874671,792002.6098363709,8333473.788032776,1.1834083933461335,0.09711414803311393,676083.3318145428,0.016507958690566538
20220120,1,71289,8930,8930,1581,19076.72100293111,19898378,911483.0017856131,10126116.02226312,1.1421391601894866,0.09325071083635839,838179.7867220578,0.0035826538223366748
20220120,2,187583,19983,19983,3245,39892.78793678012,20057685,672958.6861986982,7598179.954657645,1.1421391601894866,0.09325071083635839,620410.1801357778,0.009352175986411193
20220120,3,427497,40680,40678,6549,80699.53068201817,25874671,771997.5133924256,8804014.723002777,1.1421391601894866,0.09325071083635839,715698.3387862516,0.01652183326311666
20220121,1,70923,8852,8852,1589,19043.11010394763,19898378,905005.0030663629,10470807.698224388,1.1571041085576124,0.09436596526760847,871664.4617037537,0.003564260363332127
20220121,2,186508,19650,19650,3268,40174.07116209863,20057685,643517.9452404222,7662966.249190084,1.1571041085576124,0.09436596526760847,625042.6208540987,0.009298580568993879
20220121,3,425620,40433,40431,6766,83275.29581100226,25874671,761172.1046905677,9152586.073751127,1.1571041085576124,0.09436596526760847,744531.862694557,0.016449291277945137
20220122,1,70371,8809,8809,1630,19628.03142483237,19898378,902819.1730109894,11114791.275131108,1.0043918676066186,0.0820017632973613,926234.1585716216,0.0035365194087678903
20220122,2,185092,19450,19450,3381,41481.77760855844,20057685,627101.9440971793,8055045.479530552,1.0043918676066186,0.0820017632973613,659101.2955007462,0.009227984186609771
20220122,3,422760,40300,40298,6949,85228.13168001537,25874671,739101.0603288723,9538607.17937601,1.0043918676066186,0.0820017632973613,781303.4007915558,0.01633875847155699
20220123,1,69829,8800,8800,1658,20175.71013626155,19898378,887478.8410147406,11596387.888968578,0.9200879893573464,0.07484626743477771,958309.4826833805,0.0035092810077283687
20220123,2,183823,19454,19454,3449,42507.61800280483,20057685,626330.0988887614,8604560.150739076,0.9200879893573464,0.07484626743477771,698994.8643026511,0.009164716665956215
20220123,3,419974,40327,40325,7137,87972.98403930459,25874671,722165.1286261228,9919032.091110557,0.9200879893573464,0.07484626743477771,809636.7696713334,0.016231085604914552
20220124,1,69383,8818,8818,1647,19920.174034925218,19898378,843928.4534255001,11055859.700311143,0.7797461820506447,0.06458407970385761,915226.8760755974,0.003486867120526105
20220124,2,182451,19457,19457,3496,42729.025247511025,20057685,630160.4976856451,8720490.532735204,0.7797461820506447,0.06458407970385761,716273.8919058138,0.009096313956471048
20220124,3,417383,40719,40717,7393,90288.8573869589,25874671,737560.1013622396,10268725.27803976,0.7797461820506447,0.06458407970385761,846300.8242346199,0.016130949065980393
20220125,1,69046,8813,8813,1654,20255.15211221022,19898378,814317.1180118688,11255515.558776489,0.7158601224042457,0.05829941801686091,917731.4697618793,0.003469931066743229
20220125,2,181458,19774,19774,3659,45449.724495223185,20057685,636752.9166616192,9323651.128967,0.7158601224042457,0.05829941801686091,753165.1271012146,0.009046806747638124
20220125,3,415198,41395,41394,7611,94641.89198931825,25874671,745307.7305384479,10914258.672452811,0.7158601224042457,0.05829941801686091,883151.8993955491,0.016046503547813225
20220126,1,68255,8746,8746,1670,19706.17733695625,19898378,820196.0094577968,11165257.899577579,0.7099989575924627,0.06018854471798513,945535.4969186862,0.003430179082938318
20220126,2,179715,19935,19935,3696,44085.70311956825,20057685,614934.3383470614,8826899.418338526,0.7099989575924627,0.06018854471798513,742772.6260697291,0.008959907387118703
20220126,3,411510,41703,41702,7860,93961.96571328976,25874671,755428.090843383,10865620.75341368,0.7099989575924627,0.06018854471798513,915280.181751917,0.01590397033454068
20220127,1,67463,8673,8673,1721,21255.69817738328,19898378,827702.3467762539,12201149.907724392,0.6802659494352592,0.05518837676057543,993647.6784414744,0.0033903768437809354
20220127,2,178072,19920,19920,3787,47237.687677936934,20057685,608736.8217107921,9472819.72014821,0.6802659494352592,0.05518837676057543,761072.707474658,0.008877993646824147
20220127,3,407724,41927,41926,8198,102533.16634462113,25874671,758064.8401826823,11858482.138668811,0.6802659494352592,0.05518837676057543,953192.8843384604,0.01575764963349679
20220128,1,67118,8656,8656,1707,22003.84393729912,19898378,826439.7595425784,12672251.717541745,0.6765911801707518,0.052743393250377524,993824.6849319671,0.0033730387471782876
20220128,2,177505,20234,20234,3859,49974.22904692247,20057685,613004.9912812968,9878497.182187457,0.6765911801707518,0.052743393250377524,764223.7703709614,0.008849725180149155
20220128,3,406540,42517,42516,8325,108440.32213326266,25874671,767863.4769468247,12495458.138398072,0.6765911801707518,0.052743393250377524,964442.8992263258,0.015711890597565472
20220129,1,66838,8585,8585,1690,21495.665936549172,19898378,807517.3383025967,12086289.821834045,0.7304019848321489,0.05765374991389456,958609.6328901217,0.0033589672484862837
20220129,2,176832,20310,20310,3899,49792.08453532928,20057685,628259.3653754706,9776286.960070543,0.7304019848321489,0.05765374991389456,766383.17281589,0.008816171956035804
20220129,3,405550,42945,42944,8589,110150.14066099534,25874671,792754.005054513,12551405.186630862,0.7304019848321489,0.05765374991389456,981789.2003176743,0.015673629241508037
20220130,1,66682,8614,8614,1679,21692.791557611647,19898378,827694.6713876518,12648969.54644103,0.688252727227336,0.05317348902549874,980869.1338738286,0.0033511274135007386
20220130,2,176439,20408,20408,3891,50437.59719817733,20057685,636440.656457254,10053756.25490665,0.688252727227336,0.05317348902549874,773401.5071236546,0.008796578468552078
20220130,3,405011,43211,43211,8765,114025.40475846692,25874671,792839.2151754397,12772485.05456381,0.688252727227336,0.05317348902549874,983091.7667452388,0.015652798058765655
20220131,1,66429,8519,8519,1666,21226.172209625125,19898378,836886.1935493331,12049863.91576457,0.7096068672257845,0.056072586699895184,944737.1161488353,0.0033384128093254637
20220131,2,175867,20266,20266,3819,48696.082172936985,20057685,630934.5093471167,9322870.597003613,0.7096068672257845,0.056072586699895184,729123.635125311,0.008768060720865842
20220131,3,403921,43171,43171,8768,112074.79391121212,25874671,822931.3299499026,12420618.510180024,0.7096068672257845,0.056072586699895184,974228.2833524147,0.015610671919268074
20220201,1,66023,8490,8490,1656,19422.174592784897,19898378,829845.2775889584,10415514.035602236,0.8264632843939748,0.0713705189757799,891020.6753870007,0.0033180091362220577
20220201,2,175183,20238,20238,3818,45054.38271739009,20057685,647734.2095586302,8454715.968453785,0.8264632843939748,0.0713705189757799,717657.5870185135,0.008733959078527757
20220201,3,402202,43385,43385,8751,103184.14438400189,25874671,851173.3009623967,11325649.614436753,0.8264632843939748,0.0713705189757799,962888.6994676029,0.015544236291931983
20220202,1,66653,8665,8665,1658,19232.826504017663,19898378,830394.1403644456,9939491.461779876,0.8837980433716486,0.07747959061089209,856109.1889247316,0.0033496700082790666
20220202,2,176572,20611,20611,3849,44858.31924179181,20057685,662657.7700691902,8422975.749878036,0.8837980433716486,0.07747959061089209,724811.5363402109,0.00880320934345115
20220202,3,405144,44508,44508,8940,104351.79973893774,25874671,877474.8907520416,11234707.037103588,0.8837980433716486,0.07747959061089209,965493.6666967913,0.015657938220741047
20220203,1,67076,8792,8792,1701,20018.21853698239,19898378,846643.9333920188,10078668.742412759,0.8512636536825722,0.07302945063577891,857774.8215360743,0.003370928022374487
20220203,2,177546,20823,20823,3820,45328.474290567196,20057685,675760.0679165885,8489055.346357103,0.8512636536825722,0.07302945063577891,715451.7649446962,0.00885176928444135
20220203,3,407097,45296,45296,9075,107856.98930498454,25874671,892512.8006281779,11259922.67178617,0.8512636536825722,0.07302945063577891,950995.7619625869,0.01573341744132708
20220204,1,67232,8795,8795,1650,19699.45955128659,19898378,842456.4573637855,9537095.39823449,0.9309190572072835,0.07858980469128088,799130.1304971272,0.003378767857360032
20220204,2,177801,20863,20863,3855,46159.299269745454,20057685,710642.4612701234,8469584.353886442,0.9309190572072835,0.07858980469128088,706715.6458513958,0.00886448261601476
20220204,3,408272,45253,45253,9029,108622.91092680392,25874671,906555.1273773615,10918656.286255114,0.9309190572072835,0.07858980469128088,912453.3341841433,0.015778828646748785
20220205,1,67454,8759,8759,1616,18961.960440992512,19898378,851744.6168498851,8899040.088280138,0.9488964645647725,0.0822641468853149,764160.0528649703,0.0033899245456086922
20220205,2,178439,20891,20891,3812,44874.15876746422,20057685,726180.573613521,8073119.231484667,0.9488964645647725,0.0822641468853149,683923.0040860225,0.008896290873049406
20220205,3,409475,45166,45166,8915,105365.55615873488,25874671,925902.9844930212,10369310.30956764,0.9488964645647725,0.0822641468853149,884401.5236005064,0.015825321991533726
20220206,1,67579,8734,8734,1577,19514.588665404914,19898378,845479.9311335164,9026788.633422688,0.9371796211227464,0.07676429213233849,731334.0759803576,0.0033962064646676227
20220206,2,178902,20853,20853,3740,46278.78521708362,20057685,765834.8097907483,8609365.946791755,0.9371796211227464,0.07676429213233849,693481.7729021342,0.008919374294690538
20220206,3,410576,44998,44997,8726,108934.68760895163,25874671,934208.8150261714,10582462.810611451,0.9371796211227464,0.07676429213233849,852344.0444625969,0.015867873257209723
20220207,1,67858,8744,8744,1528,18273.162388168967,19898378,830133.6267397939,8127006.471968704,1.0262261593997877,0.08701611629831696,678226.3356525537,0.003410227708007155
20220207,2,179471,21008,21008,3722,44514.52005701793,20057685,802601.7063138704,8316188.593261811,1.0262261593997877,0.08701611629831696,692209.2937977469,0.008947742473770028
20220207,3,411906,45290,45289,8537,103180.48511101257,25874671,950341.560723265,9798070.792888861,1.0262261593997877,0.08701611629831696,819376.023795886,0.01591927487696365
20220208,1,67972,8774,8774,1489,17009.50048816709,19898378,824676.7727253527,7435452.411545802,1.0645336381918056,0.0941985306387872,652367.6095946208,0.0034159568181889
20220208,2,179671,21023,21023,3666,41993.06004104045,20057685,825693.9701860097,7846990.8040478,1.0645336381918056,0.0941985306387872,681982.4202484016,0.008957713714219762
20220208,3,412277,45412,45411,8338,96780.23971312983,25874671,965192.9638710802,9087910.017157773,1.0645336381918056,0.0941985306387872,790395.946936469,0.015933613223526592
20220209,1,67415,8613,8613,1470,17804.214456597925,19898378,852089.6789629009,8107504.49775607,1.0300028455225598,0.08438640040188296,672499.8436720645,0.003387964586862306
20220209,2,178360,20752,20752,3602,44308.04655451602,20057685,822335.738838025,8053767.879748033,1.0300028455225598,0.08438640040188296,653829.7731699718,0.008892352233071762
20220209,3,409349,44819,44818,8137,100738.1256197554,25874671,967676.9069538801,9615085.821254741,1.0300028455225598,0.08438640040188296,784487.4335746268,0.015820452364399145
20220210,1,66851,8364,8364,1391,16935.68062413143,19898378,837168.64805531,7603691.2851202935,1.1769632415607334,0.09711247050585534,627567.4402459796,0.0033596205680684124
20220210,2,177230,20448,20448,3521,43440.6776882288,20057685,832199.8065391071,7791762.775649646,1.1769632415607334,0.09711247050585534,632322.953903875,0.008836014724530772
20220210,3,406732,44002,44001,7926,98089.93742457191,25874671,992846.5272053778,9408473.027805774,1.1769632415607334,0.09711247050585534,767081.2494135292,0.01571931098177055
20220211,1,66626,8225,8225,1350,16257.390693325659,19898378,819693.3921225773,7254784.279526225,1.2051189261041146,0.10080415213780464,603564.3755237039,0.003348313113762338
20220211,2,176593,20220,20220,3482,42320.231087645196,20057685,858849.1237718592,7885114.344231929,1.2051189261041146,0.10080415213780464,649579.756754655,0.008804256323698374
20220211,3,405328,43313,43312,7760,94473.30843870393,25874671,998744.191169406,9089636.354105677,1.2051189261041146,0.10080415213780464,752589.5289719906,0.015665049422270916
20220212,1,66084,8107,8107,1286,16029.55954740624,19898378,817621.602190936,7169147.75113342,1.4391823385085158,0.11681008526826496,576176.8661200826,0.003321074712722816
20220212,2,175827,19845,19845,3362,42191.74174733321,20057685,860433.0975142736,7658696.298352047,1.4391823385085158,0.11681008526826496,611660.5688166731,0.008766066472775896
20220212,3,403484,42468,42466,7452,93438.031597641,25874671,1008930.1355468425,8910762.488512903,1.4391823385085158,0.11681008526826496,713288.5289885041,0.015593782815634642
20220213,1,65820,8072,8072,1247,15864.725417551324,19898378,816372.4033538849,6875445.337864108,1.4736425093985834,0.11917553766250151,544154.5567055721,0.0033078072996703552
20220213,2,175324,19669,19669,3289,41966.179340322815,20057685,881436.6695416115,7617537.254071288,1.4736425093985834,0.11917553766250151,597727.2260674979,0.008740988803044818
20220213,3,402312,42196,42195,7237,92294.05387437297,25874671,992912.4650401698,8502715.059454534,1.4736425093985834,0.11917553766250151,670111.3578356479,0.015548487553716142
