2020-07-06,0.0005794772260024407,0.0003804107311486611,0.00014475853936433882
2020-07-07,0.00975131023508654,0.008497482420095072,0.01060604396588158
2020-07-08,0.0040013337046513366,0.002869564769355536,0.004623510394785523
2020-07-09,0.005982259006780726,0.002830262790498922,0.007251173572817413
2020-07-10,0.011569404562041878,0.0024628903835466212,0.0039106037523717625
2020-07-11,0.0004804055327015598,0.0002596359016031681,0.00017331453114242745
2020-07-12,0.0009743092207842123,0.0006042227732535424,0.0003666227359051021
2020-07-13,0.0027518268390559347,0.0018205849495999036,0.0020371866038163037
2020-07-14,0.00046877381832615057,0.00019861604124834332,0.00019664170542798412
2020-07-15,0.01464871245508194,0.008931860814328965,0.01785630706954036
2020-07-16,0.0004465946302428474,0.00016426673790067854,0.00013925232924739592
2020-07-17,0.008022140170356707,0.0031036985489500332,0.012812601138792316
2020-07-18,0.003049677436234857,0.0005908347982888738,0.0006155681138664359
2020-07-19,0.004517428486356469,0.0012316013215382376,0.007567006811353686
2020-07-20,0.000593360845461169,0.0003141223222996504,0.00015739069031435346
2020-07-21,0.0005741357337108364,0.00029768228279400177,0.00019942207451189607
2020-07-22,0.0007011871043179559,0.00039574820330444914,0.00022299551086483302
2020-07-23,0.0004831804994238321,0.00020036936543157665,0.00013006594480408258
2020-07-24,0.005746752638386692,0.0028843402350045132,0.005335721927598082
2020-07-25,0.005908400158924718,0.0009353655531045998,0.0017168334323008358
2020-07-26,0.0004955108278141125,0.000286492426542289,0.00020764079585762558
2020-07-27,0.004370201669176663,0.0004180356198793033,0.0007594536438587897
2020-07-28,0.0032874152943890094,0.0008906784813263803,0.0016521853044634772
2020-07-29,0.003903386161245016,0.0006331171805761208,0.0005994094487246256
2020-07-30,0.0018217520123098873,0.00015867720899261572,0.0002504799689253294
2020-07-31,0.0005244575640377092,0.0002970007151899403,0.00010403604752052861
2020-08-01,0.009054339868044593,0.0028103693700418106,0.0038131949037173685
2020-08-02,0.00040650453528224363,0.00019615628150695602,0.00012169353290025428
2020-08-03,0.013364529394173671,0.0018876149911770718,0.0031952078329735333
2020-08-04,0.007160956759727956,0.004681406851008148,0.010436386102369773
2020-08-05,0.002897471555738271,0.000296848723477809,0.0004750875784251032
2020-08-06,0.0006378487944136026,0.00020336593101115134,0.00015538155539973058
2020-08-07,0.00043569097144207736,0.00016962572778836464,0.0001298069174292718
2020-08-08,0.0005851849305114206,0.00021087560874140536,0.0001797373551948171
2020-08-09,0.00044340439218266763,0.00020803675839065137,9.274813359560158e-05
2020-08-10,0.009135274864325043,0.005541694295586842,0.004528581665111919
2020-08-11,0.0007885815470616878,0.0002620265219584935,0.00018866876801596286
2020-08-12,0.009205818736227387,0.0019805566983611,0.0029952787168344326
2020-08-13,0.0006388945019436591,0.00029547609287200655,0.00013944312446082004
2020-08-14,0.0011215594991586938,0.00044496397069496163,0.00021782509984680123
2020-08-15,0.011862488308094998,0.002483658189029593,0.0037594970885928684
2020-08-16,0.0009799365309879349,0.00038947319844790426,0.00028270061983157456
2020-08-17,0.0011404692028802778,0.0005745890803999056,0.00018715158536952373
2020-08-18,0.0048491192925117,0.001886135237044853,0.0036236888274534156
2020-08-19,0.0006152620688538076,0.00016834715476298322,0.00028343257225347157
2020-08-20,0.014913367166589801,0.011469541654096901,0.01087692469767831
2020-08-21,0.00955686994624327,0.004123631335830879,0.015773405529185217
2020-08-22,0.0007279941894784581,0.0003151670991865009,0.00013803601707776375
2020-08-23,0.0019620782263804456,0.00042372949626325555,0.0002496030488818066
2020-08-24,0.0020825156123669966,0.0002016086622916896,0.00029304832232627176
2020-08-25,0.0012068172172228669,0.0006713164624456494,0.0006143411102933964
2020-08-26,0.023172429834067258,0.011083025694742185,0.012383531204622888
2020-08-27,0.013368376198259597,0.0030205742764240332,0.003998218499574028
2020-08-28,0.0007047246719911957,0.00016825018852426456,0.0003366125531823715
2020-08-29,0.0005478439829919068,0.0002894832686245754,0.00040880227252922157
2020-08-30,0.0013192039395049835,0.0007217426465239678,0.00045504983115775234
2020-08-31,0.0012671929215489202,0.0005192032355872899,0.0005297259419399761
2020-09-01,0.0005698273880442244,0.00031836813727574814,0.0001828996252240667
2020-09-02,0.0007405470040976744,0.0002807798497462656,0.0002784366249240357
2020-09-03,0.0010418838135271256,0.0004805143689259928,0.0006982924420660321
2020-09-04,0.002200591874624023,0.000756870630818022,0.0013597096329524317
2020-09-05,0.005858375936075769,0.0025812151559935956,0.0033645677719413352
2020-09-06,0.0009786877634506536,0.0004421194722184842,0.0012131023410401121
2020-09-07,0.0008168994635907197,0.00022068592697740427,0.0008434293309903435
2020-09-08,0.0006644578291044189,0.0002725496597108,0.000507083457542369
2020-09-09,0.0009267995102493046,0.00041641796978197253,0.0010687804920222893
2020-09-10,0.006722021347457243,0.0014507864166975796,0.0024342751720399353
2020-09-11,0.0010867175714149792,0.0004591764277399459,0.0009448830640502886
2020-09-12,0.0008460215893499993,0.00022731018667577482,0.0008155315360432532
2020-09-13,0.0010624166933448764,0.00016629726673015566,0.000655784421271647
2020-09-14,0.00691489543376986,0.003771345239321583,0.009525443436511436
2020-09-15,0.0024533329757049746,0.0004367787246610514,0.0006502276212760093
2020-09-16,0.0008316772193188073,0.0004939891966574098,0.0008277215047891838
2020-09-17,0.0007675729203176626,0.00038284812968709074,0.0008706417930697357
2020-09-18,0.0007790038810659486,0.00024121255493125,0.0010868439137868395
2020-09-19,0.000541270826391845,0.00019015178412095494,0.0006209682345638152
2020-09-20,0.002837444114303271,0.00065508148818211,0.0009705454422892324
2020-09-21,0.0012154701969508657,0.00041919764008733134,0.000898984002597931
2020-09-22,0.0028775860586408436,0.000986906921982891,0.0013198412140313035
2020-09-23,0.012229556169706234,0.010770503131516614,0.010740934530501792
2020-09-24,0.0008150009318185758,0.000318185023372179,0.0005509933828590458
2020-09-25,0.0032572813724690295,0.0012871422559162164,0.0035058527639733423
2020-09-26,0.00043239124421177565,0.00012644453768989228,0.0005333852347799248
2020-09-27,0.001817338393553076,0.0005751924619708524,0.0011535244797147954
2020-09-28,0.0008406978326363627,0.0004114133953162621,0.00037102966277053636
2020-09-29,0.0011744928593633583,0.00019797027272620276,0.0007134668264871802
2020-09-30,0.0006847884478063375,0.00020387983607405094,0.0005463331289419834
2020-10-01,0.0008217356739333434,0.0004255963827508305,0.0007964705193538815
2020-10-02,0.0030322783050983,0.0011169035466388998,0.0018573085937653693
2020-10-03,0.001259791717664542,0.0002871157383547546,0.0007871687255281548
2020-10-04,0.0010513096701555969,0.0002505595068273254,0.0007738573286541353
2020-10-05,0.0008628781303450191,0.0004931298009181846,0.0007286082119247609
2020-10-06,0.000632636921926956,0.0001665840205166105,0.00030654512769031603
2020-10-07,0.0006614831723411526,0.00028153008787752936,0.0006115368060452403
2020-10-08,0.0026824698884052424,0.0021113964468418875,0.002397175818892751
2020-10-09,0.0072695923928725835,0.006512745464253967,0.006856843348127458
2020-10-10,0.0011610222038191044,0.00041652603334274015,0.000761401891416735
2020-10-11,0.0010023334771416485,0.00029584395543001517,0.0008884100499715091
2020-10-12,0.002325591227307803,0.0019474312251444186,0.0021723714297427745
2020-10-13,0.0010451998820623393,0.0002897075932552026,0.00028679755170172064
2020-10-14,0.0012416956383656365,0.0005151312756087509,0.0005417758497523242
2020-10-15,0.001958845869038135,0.0014572207909292797,0.0020513773098042158
2020-10-16,0.0006954320050253916,0.0002823824620890697,0.0004289169965258286
2020-10-17,0.0012549338939570412,0.0005542536586612537,0.00046011504536416965
2020-10-18,0.0014993943308259257,0.0008261839699405661,0.0005769964049525604
2020-10-19,0.004117419580570316,0.0032779847687100135,0.00513969622052046
2020-10-20,0.0009868746770144612,0.0003065591790048069,0.00037203942909299286
2020-10-21,0.0008930480887006976,0.00036865613379808576,0.0003579142765173448
2020-10-22,0.0004906892307844757,0.00033910980215837145,0.00019719033083663294
2020-10-23,0.0009323933791752523,0.00048362627805919944,0.000602532580654549
2020-10-24,0.0007593742591223521,0.0002372370606160041,0.00044037154276497446
2020-10-25,0.0013129597957706961,0.0006749577862423873,0.0004100556296187299
2020-10-26,0.0008785690539989013,0.0003431588788015523,0.0002965300644124491
2020-10-27,0.009356503096535908,0.0025916224543490276,0.0034318974913137438
2020-10-28,0.0013370051689191322,0.0010542944418691937,0.0005863665561288445
2020-10-29,0.0006065832857601118,0.000441112513524384,0.00023160415470769086
2020-10-30,0.0022993299210773187,0.0018877158086007533,0.0020901270531963833
2020-10-31,0.0005576853804735975,0.0002952828403253961,0.0003073689847215559
2020-11-01,0.0005878582805613359,0.00036237057898602605,0.0005031380993142797
2020-11-02,0.007002817535425202,0.003045091831846222,0.0032092413259798744
2020-11-03,0.00026285894904710814,8.234771167883204e-05,0.00012357771586717087
2020-11-04,0.0006236329329551471,0.000293704489960287,0.00030956207764263347
2020-11-05,0.00041136171953749725,0.00023594521728482,0.0002756030918991422
2020-11-06,0.00027734687868570025,0.00011197646599692727,0.00017003576554239566
2020-11-07,0.00036538368306709604,0.00012853299516341882,0.0005224514158899938
2020-11-08,0.0003125784381598922,0.00013698538714002132,0.000284737664397865
2020-11-09,0.0007759702348532504,0.0006410012060578013,0.0003645251342081495
2020-11-10,0.0004935963912262712,0.00018008758333487086,0.00022259481365579633
2020-11-11,0.0003902104172710662,0.00022476060461715052,0.00018562536749003477
2020-11-12,0.0014288921303960936,0.0010196106463755616,0.0014205017706424138
2020-11-13,0.0033130575703014422,0.001343300280117878,0.0017240046547297935
2020-11-14,0.0006248218671649217,0.0005300626887104032,0.0005490371780276214
2020-11-15,0.0027296656796198145,0.0008742229084069911,0.0011574177250890866
2020-11-16,0.0006425684061679231,0.00024103903431461253,0.00048007478192801267
2020-11-17,0.0007690153935720378,0.00037631728983936663,0.001038488816248229
2020-11-18,0.0004410306453518866,0.00017976992421547008,0.0004179235423056507
2020-11-19,0.000872532003185939,0.00046877095139647357,0.0004441606181788096
2020-11-20,0.00037519031857491267,0.0001605245670584603,0.000185867187302738
2020-11-21,0.0005381679271432033,0.00034694986418140665,0.0003483357933073732
2020-11-22,0.0006349748337323016,0.0005516924686086852,0.0003315554320589381
2020-11-23,0.0005965501067589078,0.0005037035163294557,0.0005183890815523269
2020-11-24,0.00104225926018962,0.0005783656058530762,0.0004276100683890895
2020-11-25,0.00046768318998929517,0.0003135931356230531,0.0005755496614235105
2020-11-26,0.0005589136036437657,0.00044505835958161754,0.0005237668146383735
2020-11-27,0.00034358718118075103,0.00019179376048588642,0.00024571988093813823
2020-11-28,0.0003586616470930258,8.81198471458382e-05,0.0003189405802118612
2020-11-29,0.0003846792896902055,0.00017648613389519493,0.0003361340685529926
2020-11-30,0.000752443873089668,0.0006114871392324217,0.0004993342345857181
2020-12-01,0.0002722788230515246,7.558572034838938e-05,9.995867048230078e-05
2020-12-02,0.0008417894319264747,0.00020766456866118515,0.0004245595724368161
2020-12-03,0.0006117260229264389,0.0005356367032863105,0.0005335654144291468
2020-12-04,0.0011221600697424422,0.0007016312732019665,0.0005341109975458555
2020-12-05,0.0009055298146585895,0.0008479988433190615,0.0005460038585748368
2020-12-06,0.00027037509109836344,0.00010514035944972903,0.00014431507709430615
2020-12-07,0.00046477289168317816,0.00020909860283731138,0.0004223065139623615
2020-12-08,0.0007266568986745792,0.0005235222989444333,0.0004988351581846963
2020-12-09,0.0005646887940187149,0.00042390597962157074,0.00045536566763095237
2020-12-10,0.0009297087753307462,0.0008726200544750024,0.0006090306055711834
2020-12-11,0.00041240244226340236,0.00019067010188783128,0.0001959160308377218
2020-12-12,0.0008585449181755337,0.0003508907470575536,0.0007153385654109653
2020-12-13,0.0008287895079084021,0.0005603638159695269,0.0004575342642140568
2020-12-14,0.000979065342895528,0.0002836240733060824,0.0004717259688762628
2020-12-15,0.0006397548427910701,0.0005619324872887161,0.00044766167324664937
2020-12-16,0.0008141401157388442,0.0006084065163378684,0.0007572486809813924
2020-12-17,0.0008465522107456103,0.0003018082221570208,0.0005259322101432808
2020-12-18,0.0005094795531726779,0.000444099061984185,0.00045181455277243414
2020-12-19,0.0005646875152672006,0.00035235404745575193,0.0003906348484078669
2020-12-20,0.0008004153176683482,0.0003045644278428479,0.0003601531870354325
2020-12-21,0.0010780889470597573,0.0005403677272380542,0.0005912097859283078
2020-12-22,0.00029987648785524874,6.704152200352302e-05,0.0001096372700700735
2020-12-23,0.0006107560296703707,0.0003835263262263675,0.0004147379356577875
2020-12-24,0.0009436538706207218,0.0006799120050934023,0.0007724548022314515
2020-12-25,0.000836644612795218,0.0003083927343037734,0.0004974242298092701
2020-12-26,0.0008495363503457342,0.00048776191876550787,0.0007897924821284384
2020-12-27,0.0010946834483266494,0.0009325896708987853,0.0011081203747615052
2020-12-28,0.0006751359832288613,0.0004231812167164426,0.000870353864928404
2020-12-29,0.0006726161944311193,0.00031409746776427425,0.0005945912626390755
2020-12-30,0.00040130595949373194,0.00015128991829588856,0.0003603414513937544
2020-12-31,0.0022312155192585077,0.002066341641362552,0.0019880630315659118
2021-01-01,0.0004912492330194808,0.00027453500771071744,0.00017578976064825888
2021-01-02,0.000571322699869951,0.00030150080671224763,0.00037221931197091153
2021-01-03,0.0007516659053198038,0.0003113803822251191,0.00033197585336877607
2021-01-04,0.0010772418038921875,0.0006492936071322831,0.0004090106213894519
2021-01-05,0.0011852883777404301,0.0006074092848602083,0.0006688181296734241
2021-01-06,0.000768954032099319,0.00044713663149845715,0.00030143756986975495
2021-01-07,0.0005269570781050462,0.00027502356539191406,0.0005189663322647942
2021-01-08,0.0005910442858630476,0.0002571367814126345,0.00028564335954587693
2021-01-09,0.0010442392577625173,0.0007931454585595016,0.0010664178506300062
2021-01-10,0.032724258187169286,0.021128331187853268,0.00879600666800153
2021-01-11,0.0002785470160230217,0.00011656887779563095,0.00026867508754774353
2021-01-12,0.0008266760117271312,0.00047268647094697005,0.000604127568664518
2021-01-13,0.00040874257542252357,0.00011754437498351109,0.00023666830171259275
2021-01-14,0.0004794531374204057,0.00014819917932599156,0.0002432336386368733
2021-01-15,0.0009415146526420424,0.0005728117851723889,0.0013480807636942799
2021-01-16,0.0003521621015642618,0.000292944927701884,0.00023794941015877556
2021-01-17,0.0003366870997365747,6.425312828263604e-05,0.0002330070150367489
2021-01-18,0.0002834730418134379,0.00015474026013106342,0.0001136191833866234
2021-01-19,0.000644686656461499,0.00030470872791522457,0.000641293629001501
2021-01-20,0.0003258721057817314,0.00022567271695041075,0.0002537968232291853
2021-01-21,0.0001378218149399417,0.00010253849917913306,0.00012887254996595587
2021-01-22,0.0002058751231525676,8.2847730117022e-05,0.0001072290162101143
2021-01-23,0.0003029103961712422,0.00017079732921350066,0.000255263822826615
2021-01-24,0.00026340360003356797,8.638868311720603e-05,7.192348382114543e-05
2021-01-25,0.001318196387744683,0.0007879550376456619,0.0005531211910465277
2021-01-26,0.0008018524768005784,0.00032869720186647403,0.00025658808147570626
2021-01-27,0.00020076140786717128,8.222210848696988e-05,0.00019293928028209776
2021-01-28,0.0005784509839249204,0.0003421244901811579,0.00032866080800458765
2021-01-29,0.000337448326839752,9.439179596360587e-05,0.0004673370898943912
2021-01-30,0.0003924408545576846,0.0003010998090231388,0.0002498158531176003
2021-01-31,0.00046632175536613586,0.0002648633295358854,0.00028289217418939894
2021-02-01,0.0005423393596207675,0.0004753763029217972,0.0004847141504302544
2021-02-02,0.0007640094996056788,0.0005170853887893803,0.0005507984419274495
2021-02-03,0.0007719103965910803,0.00047799395656790184,0.000555443929555987
2021-02-04,0.0,0.0,0.0
2021-02-05,0.0002631085606387086,9.350255641250782e-05,0.00012578921594050637
2021-02-06,0.0008684708771454559,0.0005133055076898758,0.0002657316269084752
2021-02-07,0.0005024610793844583,0.00023717145167974395,0.0002446019894304129
2021-02-08,0.0006210481331104781,0.0003549940452863678,0.0003635440047968182
2021-02-09,0.0003385198828853958,0.00012348973037226016,0.00017879327606495465
2021-02-10,0.0007229413480568855,0.00039048335188022424,0.0004810904102732227
2021-02-11,0.0006306899914551244,0.00041323485304352797,0.000551636794322008
2021-02-12,0.000745502988071407,0.00024810597514407333,0.0002992367584368597
2021-02-13,0.0005667433480110834,9.760693672907518e-05,0.0004795513611675667
2021-02-14,0.0008329458468826684,0.000379954380324102,0.0004573900101772433
2021-02-15,0.0009572061088297942,0.00033575166036545055,0.0003879742098160369
2021-02-16,0.0002741485589619759,0.00019413582513115127,0.0002427353707427769
2021-02-17,0.0008516310202657158,0.0002976196758967634,0.0001876434083188426
2021-02-18,0.00036993572032541265,0.00022325314737835865,0.0003177558744130586
2021-02-19,0.07701538338558268,0.0428125748051469,0.03364097674119049
2021-02-20,0.0003869568534835635,0.00010215341285432318,0.00013680264857281324
2021-02-21,0.0003628037394187985,0.00026122679859220683,0.0002058847542851393
2021-02-22,0.00038278593922816515,0.00015109762653501592,0.00018999602019861432
2021-02-23,0.00048085683172536766,0.00016923006519009722,0.00012946641950538614
2021-02-24,0.00036896627852371275,0.0001025143250248237,0.00013711653528344274
2021-02-25,0.0004042526783898356,0.00018438629009671456,0.00018398211664752014
2021-02-26,0.001603023423462634,0.0010508152942627722,0.000865338737844867
2021-02-27,0.0002558885691142353,0.00014181476787850634,0.0001310597547436873
2021-02-28,0.00016582981972926994,0.00013132957521499075,0.00011018475254874474
2021-03-01,0.0011824208066521186,0.0002013100487637278,0.00024432150791659407
2021-03-02,0.0011411080674527535,0.00024952921219162925,0.0006725513841616583
2021-03-03,0.0006572444271229046,0.00019225211543515166,0.0004921249357621821
2021-03-04,0.0004939945206107269,0.0001864047214648121,0.00021610109019867216
2021-03-05,0.0006856086790791579,0.000459917115386947,0.00039449419106113903
2021-03-06,0.0004690990280851859,0.0002654065741664468,0.00026979455878314715
2021-03-07,0.0009153824872774757,0.00020223555667024987,0.00024822783001004746
2021-03-08,0.0005030557865238572,0.00018725520039384222,0.00012291645614037817
2021-03-09,0.0008505133127226891,0.0005803809560089031,0.0007693228887005649
2021-03-10,0.0009584172806672756,0.00077296591295376,0.001008932815029893
2021-03-11,0.00021899824587824827,0.00011044329819260532,0.00013529498193822525
2021-03-12,0.003466119425603732,0.0017111146246958499,0.0016321947267638472
2021-03-13,0.0003552111396478622,0.0001326577939444091,0.00015194372856801487
2021-03-14,0.0005149240170625015,0.00021602888365929816,0.00011423933716164556
2021-03-15,0.0002767025375575601,0.00011824316428311943,0.0001291302662172315
2021-03-16,0.0004518899435914724,0.0002376478085057723,0.00021997503808650646
2021-03-17,0.00039886449321324907,0.0001443259968592985,0.00016166195299777115
2021-03-18,0.0011930363131951785,0.0008247136387788502,0.0014191501717840363
2021-03-19,0.00043222837426477157,8.437336282699283e-05,0.0001427156892343239
2021-03-20,0.001480261436572598,0.00011226670622579125,0.000207021098998914
2021-03-21,0.0008130777268771351,0.00018957820988501394,0.00019486228459687275
2021-03-22,0.0005672927154443776,0.00020892198590500847,0.00017752900554069223
2021-03-23,0.00036693463427887846,0.00011931006582849112,0.00023053762250738863
2021-03-24,0.0023948740576161267,0.0003839152479473155,0.0006940195936987174
2021-03-25,0.00038221882293030764,0.00017588813527981176,0.00019785803102274208
2021-03-26,0.00047753641351262576,9.907361005778806e-05,0.00013339251347325098
2021-03-27,0.0004966919844840336,0.0001809170407939194,0.00022885165499997952
2021-03-28,0.0007271479302832115,0.00013216460094328468,0.00016433437386902057
2021-03-29,0.0007538820709093559,0.00020695493421321294,0.00022093355478793798
2021-03-30,0.0027024311693132383,0.00104123026956767,0.003030393362943624
2021-03-31,0.004658680911915081,0.0035077402261750445,0.0029161729324299526
2021-04-01,0.00043523415597433794,0.00015040417232630067,0.00025863605411266186
2021-04-02,0.0002729753342488651,8.827559100458998e-05,0.00022818582838114078
2021-04-03,0.00032164910691584995,8.35236560653285e-05,0.00028812656726962086
2021-04-04,0.001247418182125686,0.0008260082789495648,0.0011755361081386296
2021-04-05,0.008527430453505081,0.0034045851983488086,0.002357038782537782
2021-04-06,0.007411450497717626,0.0034681720092953248,0.00438616459978458
2021-04-07,0.005042963985065886,0.004430709956407067,0.004529522047727057
2021-04-08,0.0004944242224871728,0.00011202917090997601,0.00023395758561771353
2021-04-09,0.003935119839063185,0.0028884135136770274,0.005278328471488945
2021-04-10,0.003689155659932671,0.0030818643672450444,0.001826509775543709
2021-04-11,0.0005112842514467096,0.00011695520622769049,0.00021823410036742627
2021-04-12,0.0006022192366998552,0.0001291022424844778,0.00021053021792995612
2021-04-13,0.0007233209647172517,0.00012049498933779432,0.00037862848955773484
2021-04-14,0.003346822715132436,0.0028439898037622884,0.002624570428145546
2021-04-15,0.0012455496951148592,0.0006936476635223766,0.001020470271416505
2021-04-16,0.0005228340926623353,0.0002623476621630212,0.0004387969715896558
2021-04-17,0.00037105726965336354,0.00010255879641590125,0.00021040808424661718
2021-04-18,0.000711469121079206,0.0003040146749364736,0.0004834595141596272
2021-04-19,0.0007445734668012076,0.00020928789733856573,0.00034106906023690644
2021-04-20,0.0008686505571303459,0.0002660250307999816,0.000273039829729998
2021-04-21,0.0003214604612595194,0.0001212124654383981,0.00037813363106986846
2021-04-22,0.0004657582822359683,0.00012111682167553763,0.0002463125843535628
2021-04-23,0.0003819182768501668,0.00014435065036722417,0.0003722372951324003
2021-04-24,0.000618029398814741,0.0003094643761182344,0.00018796637729457682
2021-04-25,0.0005608446079047231,0.00029697408317658615,0.0004519574074760099
2021-04-26,0.0019358932166408764,0.0006689820641897946,0.0009825807571145753
2021-04-27,0.0009373417625241198,0.0003159486142962132,0.00048705411648555916
2021-04-28,0.0007270084679509692,0.00015666124423203222,0.00036625039328895315
2021-04-29,0.0006736916600147487,0.00019439418312894113,0.0004349422151110189
2021-04-30,0.00037753914378680926,0.00010557167525551411,0.0003492340212015573
2021-05-01,0.0003859173247746638,0.0001019923283782097,0.0003840754224758619
2021-05-02,0.0005287632760780773,0.00030397175854579643,0.0005121785459531671
2021-05-03,0.006875259522803469,0.005960808454802205,0.004638251129851116
2021-05-04,0.0011499747134894732,0.0003320969933305296,0.0007210739999966727
2021-05-05,0.0015830231189008419,0.000273734548287521,0.00044217942339886307
2021-05-06,0.0007709758906712808,0.0002670152926607936,0.0004005302922065536
2021-05-07,0.4735753898692332,0.44941756531032645,0.04852723796109574
2021-05-08,0.030481887469685467,0.015689359449482784,0.036517585793251504
2021-05-09,0.02690738871597976,0.014383902786216532,0.03647891959662762
2021-05-10,0.004975011619183256,0.0008489941427619646,0.0011293529362176773
2021-05-11,0.013783727270870882,0.012908330871393208,0.005016347729167541
2021-05-12,0.00497695996860255,0.001110197466919767,0.0012249548088718357
2021-05-13,0.001831090300549957,0.0005862063436748567,0.0009235791735725647
2021-05-14,0.004153958094045609,0.0006941123303639902,0.001183472607384133
2021-05-15,0.003592299559345707,0.002223798152201417,0.000965903700183877
2021-05-16,0.0013685447972777885,0.0004671726128180733,0.0009059522522283545
2021-05-17,0.006575963604404293,0.0011922492494213332,0.0026573329617363495
2021-05-18,0.012065178658296585,0.0019363252512232597,0.0032926194624981566
2021-05-19,0.003380828564566826,0.0006031132806626189,0.0009635725731775122
2021-05-20,0.007842509017878953,0.0012534925558763403,0.0012794626152363541
2021-05-21,0.004371252954672043,0.0005559638675185749,0.0010537356720380436
2021-05-22,0.021618896821655516,0.009322860660352875,0.018036433826501472
2021-05-23,0.013624282121037942,0.0029563057836907865,0.0029914760530136654
2021-05-24,0.01119762581789343,0.0012935712219880053,0.002546739236488034
2021-05-25,0.007086302928946105,0.0013004265222573354,0.0015675311867571246
2021-05-26,0.007657483105319692,0.001997983418505176,0.002294034115569416
2021-05-27,0.004659454549341225,0.001093443140306675,0.001213859335840579
2021-05-28,0.008756112132339029,0.0012560270743572632,0.001747425323683053
2021-05-29,0.003559572687187126,0.0003848503433498729,0.0006942094375856986
2021-05-30,0.02013622705372029,0.014341450331527004,0.023214982266916245
2021-05-31,0.020299184490210724,0.013991430314030752,0.023629859071376144
2021-06-01,0.00467898501700004,0.004677793480179555,0.0012860957806038835
2021-06-02,0.0013808885717941492,0.0011122230123450977,0.0006333121862767821
2021-06-03,0.001516166160671128,0.001181755517784435,0.0008131690572149259
2021-06-04,0.08288131134053794,0.022383115408219877,0.1134637651983894
2021-06-05,0.003210286614628316,0.001522469297581159,0.0024242852489735284
2021-06-06,0.0516912846791356,0.046775954628017695,0.049045690755124924
2021-06-07,0.003979197516493862,0.0029608833392197735,0.003372574456810088
2021-06-08,0.010267893313638678,0.006600264790893578,0.0013065611182264826
2021-06-09,0.0014655638897942114,0.0008973569917648326,0.0006227956099459586
2021-06-10,0.0010096765139755827,0.000904378977209506,0.0008269684900999136
2021-06-11,0.001700713567629509,0.0006602469384292289,0.0009722752799324434
2021-06-12,0.0008163136271430532,0.0006177484934982291,0.0006970896031965656
2021-06-13,0.0029563596308358336,0.0014978254813269505,0.0009365837222648079
2021-06-14,0.0011814751435469042,0.0011162404870846208,0.0008647674258852736
2021-06-15,0.0023568086298668177,0.001497101802320638,0.0011172626266607462
2021-06-16,0.0008054223449535817,0.00026021419723225943,0.0003884648586068504
2021-06-17,0.001348294600832136,0.0007305671973869278,0.0009271622188182429
2021-06-18,0.0011720038233049151,0.000674019430603742,0.0006140965825922986
2021-06-19,0.003668803915040774,0.0008266638110993014,0.0014697276078677744
2021-06-20,0.0007545484843541259,0.0005739829267785272,0.0005174927001238208
2021-06-21,0.0011257444302192729,0.0007979932176962318,0.0005529155042930401
2021-06-22,0.0013159737715518014,0.0009485257562248827,0.0009485916864002521
2021-06-23,0.000859618971851516,0.0004712489090172811,0.0007341427081203463
2021-06-24,0.0006340245279756415,0.00033684580897491034,0.0008002463993760249
2021-06-25,0.007523577334599737,0.0018188928613368633,0.0024909238549705747
2021-06-26,0.00187087867445524,0.001473165492171519,0.000815359070330795
2021-06-27,0.0012140736440419137,0.000985567340625137,0.0008168117806210401
2021-06-28,0.005254056868342651,0.004675973103497737,0.0036466951484920088
2021-06-29,0.004347531481678731,0.004112402333009108,0.0012756964272622445
2021-06-30,0.006345621114911287,0.005620915439977251,0.005036461096169532
2021-07-01,0.0012648969146229548,0.001099579396693585,0.00032158657395829827
2021-07-02,0.0014393200348561867,0.0011266887824833505,0.0006970795448851633
2021-07-03,0.0021873430799591283,0.0018548430704612984,0.0010362903982854548
2021-07-04,0.00118607380328146,0.0005900871458645578,0.00028612843486360023
2021-07-05,0.01756164058979155,0.015734116184569484,0.011254845375234301
2021-07-06,0.008798040609080982,0.004958266373410636,0.0048448453897549345
2021-07-07,0.0032200841730728015,0.0025882056126295063,0.0013652941976176369
2021-07-08,0.014436397282193187,0.014525246138691624,0.0065817562965409864
2021-07-09,0.0021409316264366257,0.0011348535838876892,0.0006710896337276543
2021-07-10,0.0017168589433412252,0.0004119443807553007,0.0002494135632847632
2021-07-11,0.0017410806866300945,0.0015332594941687575,0.000521889277310152
2021-07-12,0.004542989151436889,0.0037308723064973944,0.001164793743552576
2021-07-13,0.0019625905796546413,0.0019199586139485479,0.0012184585386145353
2021-07-14,0.005986216836720982,0.0025518648660498083,0.0028790933839121465
2021-07-15,0.0010195277108909784,0.000989947052498817,0.0005052169331795853
2021-07-16,0.0022804863840559957,0.001826248178960154,0.0012258177117078753
2021-07-17,0.38674875322503083,0.3387308323892057,0.040671315850019735
2021-07-18,0.001431252647046422,0.00027270496599756224,0.0010900151153015662
2021-07-19,0.0012788159428134872,0.0009148801151210191,0.0008393038274065399
2021-07-20,0.0007105048896254182,0.0005379366487964746,0.0006586167307440189
2021-07-21,0.003482640535521464,0.0014442157238321806,0.00193197762168095
2021-07-22,0.000401429611014852,0.0002406085872886673,0.0004357802350095475
2021-07-23,0.0003632085524908994,0.0002711860666510426,0.0002721414987048278
2021-07-24,0.001082961532644616,0.0008780848153536503,0.0010263225438263668
2021-07-25,0.0004573525084863834,0.0002543007199708111,0.00027657779675491814
2021-07-26,0.0008822271484754457,0.0003069928085250329,0.0005467587459353013
2021-07-27,0.0023317360450080585,0.0017636316980943927,0.0017135043226975074
2021-07-28,0.001654127314382352,0.001744182530760152,0.0007942456067475608
2021-07-29,0.0009003100900537524,0.0009108443180408894,0.0004713508913469205
2021-07-30,0.001020453537091683,0.001056677644278164,0.0006434292371240715
2021-07-31,0.000693722895002115,0.0005549817414974023,0.0003809074207708563
2021-08-01,0.001648568940285235,0.0015499776296379454,0.001480501802051494
2021-08-02,0.0009574107476335412,0.0007485036626812256,0.0009605904425877156
2021-08-03,0.0015914387410563187,0.0017152658511021596,0.00030682064893433294
2021-08-04,0.001522153222131084,0.001630965203243372,0.00025263739569131657
2021-08-05,0.0010436006696378864,0.0010491486012390624,0.0006527695893878114
2021-08-06,0.0011683134778510298,0.0011549588173269474,0.0004511031022717609
2021-08-07,0.0010570647721590124,0.0008613758036746204,0.0004259655852595222
2021-08-08,0.0014914179139399373,0.0008306937486916094,0.0007905066555037325
2021-08-09,0.001213007191716176,0.00040539495127945294,0.0005010584767683105
2021-08-10,0.0009863097454837892,0.0009994068986943446,0.0008331304054150792
2021-08-11,0.001669576435344043,0.0016495700448932006,0.0004803167951448777
2021-08-12,0.000625535611588541,0.0004382752428939175,0.0003470508021031384
2021-08-13,0.0009179437740329713,0.0005904292449644567,0.000905177550886326
2021-08-14,0.00035982289450621865,0.0001265487783317208,0.00027296590264827423
2021-08-15,0.0015373834722681753,0.0012859918643756706,0.0016743986954918585
2021-08-16,0.0008527990438264531,0.0008967019308334573,0.00018144560293088187
2021-08-17,0.00113004052361046,0.0010995174231765534,0.00038140073761971363
2021-08-18,0.0013317662473774712,0.001285701258710961,0.0008801216006084816
2021-08-19,0.0015790508809672952,0.001505123261236599,0.0003333440402471207
2021-08-20,0.0009505399765742856,0.0007962451012701688,0.0007445761315410025
2021-08-21,0.0007910612984738178,0.0005456311127786186,0.0006477079127208087
2021-08-22,0.0005142999064865384,0.00022048800182512818,0.0005283782050008631
2021-08-23,0.0015766001602630802,0.0010643696078099095,0.0006172069887086239
2021-08-24,0.0007550643201451512,0.0006206920689631009,0.0002532430624695759
2021-08-25,0.0007514165900904569,0.0007242424003770008,0.000347794175837409
2021-08-26,0.0004127109375778355,5.31221606044649e-05,0.00024795423725386845
2021-08-27,0.0010792954611466956,0.0006607684204596071,0.0008865949263181421
2021-08-28,0.0013431202269342743,0.001116666528678881,0.001494748615694331
2021-08-29,0.0002329417563246475,0.00010904500226213358,0.0003257826318123881
2021-08-30,0.0031875414054499066,0.0024020568715281644,0.0025459448958557044
2021-08-31,0.000418254993465796,0.00031896354592866454,0.00035847374627401545
2021-09-01,0.0003124786206504536,0.00012060333663301026,0.0002604377755163475
2021-09-02,0.00040586124323416445,0.0002554149190784414,0.00040321676844961565
2021-09-03,0.0002865869196970101,0.00018460617947904637,0.0002408352937692367
2021-09-04,0.0010126180550585411,0.00034176275203302153,0.0014394031998090984
2021-09-05,0.0008251437322384765,0.0005913544770429405,0.0006856980094311903
2021-09-06,0.00039851154253990714,0.00015561156555292044,0.0003763513892436676
2021-09-07,0.0005633280343448997,0.00023756919175253803,0.00028321191585644413
2021-09-08,0.0018861661692220482,0.0015200996694998894,0.0011245465927856373
2021-09-09,0.0007692815327029804,0.0006438513778363816,0.0005885770280487547
2021-09-10,0.00030248184289878214,0.00027469756937042116,0.0002201017558151043
2021-09-11,0.0006913567942541863,0.00039905901058265406,0.0005131957251352541
2021-09-12,0.0008465247344123052,0.0008464692493624561,0.0003991764318906139
2021-09-13,0.0026904603852059596,0.0025710552120661867,0.0007223071909921678
2021-09-14,0.003942764331842804,0.003351265733384002,0.0017810103104014085
2021-09-15,0.002004687900613899,0.001273842901291483,0.001445739835825695
2021-09-16,0.0012049771773577059,0.0011423986403082886,0.0007281096697976664
2021-09-17,0.0010883916059007865,0.0008837977646370637,0.00039271179288869075
2021-09-18,0.0009668891203964911,0.00027026027548341557,0.0009102047669670717
2021-09-19,0.001124788739981337,0.0007582219377230475,0.0012867676543923338
2021-09-20,0.0007047353125724731,0.0007208349026843947,0.0003275631728407637
2021-09-21,0.0009053107581189873,0.0005006091457330544,0.0007440596553003093
2021-09-22,0.0005099842085397957,0.00020760441830438938,0.0005319913296394549
2021-09-23,0.0004845559356242892,0.0001862353582950295,0.0004237607832048392
2021-09-24,0.0004647500454028147,0.0003447854073126398,0.000254677178702846
2021-09-25,0.0011219287946639541,0.00045427688778594045,0.0009237207967527162
2021-09-26,0.0005109701533444382,0.0003726931172945798,0.00021685756801214265
2021-09-27,0.0006129925388088596,0.000551379589543439,0.00033941599760221533
2021-09-28,0.0007045522300412914,0.0006115695398825494,0.00037491316342976727
2021-09-29,0.0007176333345646424,0.0006022642782208749,0.0007408747730295005
2021-09-30,0.00019058175331903483,8.58602085598709e-05,0.00017075375203286865
2021-10-01,0.0010023794641246208,0.00031781085332431704,0.0004537046536301328
2021-10-02,0.0005714439756256851,0.0002765517848897,0.00017551631084439264
2021-10-03,0.11702415382437298,0.10195271420193366,0.02389382841292084
2021-10-04,0.007582550386398982,0.004621781134024797,0.0009154521155627877
2021-10-05,0.00030879035600205436,0.00015820859826667845,0.00012575516843962118
2021-10-06,0.00016054337965226112,4.821792078185854e-05,0.00017822953687155266
2021-10-07,0.00019928421437187188,4.7768862058736645e-05,0.0002287109463944248
2021-10-08,0.0007400196317814765,0.0005657563283016859,0.00040829813783851764
2021-10-09,0.0002718581238928008,0.00019396725525840328,0.00010811944371918917
2021-10-10,0.0021789587632791477,0.0016451828961453394,0.00038492261499150883
2021-10-11,0.0007377956895747358,0.0005166946083963029,0.0008125716277737796
2021-10-12,0.0005981437429131724,0.0004604858852095944,0.0005992221864954332
2021-10-13,0.00025678239742777927,8.176142453249354e-05,0.000184572026198134
2021-10-14,0.0006645407906327571,0.0006269702704278362,0.00028064661330127506
2021-10-15,0.00024564227749568324,0.0001239279677193524,7.330078601374025e-05
2021-10-16,0.0002253046933977887,0.00013407334717711566,0.0002624656364282928
2021-10-17,0.0005315543250290633,0.00030771762609504505,0.00033167492194697575
2021-10-18,0.000310344951634269,0.00012571302809643515,0.00014251437173824405
2021-10-19,0.00028109492445312865,0.00011235160187899973,0.0002283377111820179
2021-10-20,0.00020795308323513247,6.879329448151272e-05,0.00022411035475929374
2021-10-21,0.0006563235864613569,0.000150712939065771,0.0006164301503254085
2021-10-22,0.00031567983274195127,0.00018493192101457366,0.0001688132600793556
2021-10-23,0.0002371669781278073,0.00012992571712585745,0.00016569036574635355
2021-10-24,0.0002853323401969922,0.00023521611164920988,0.00014778650483694136
2021-10-25,0.00016022897860642116,7.754066449664284e-05,0.00013154818814149324
2021-10-26,0.005949790364963173,0.0062081048733717645,0.0004112596745061709
2021-10-27,0.00022554066159201293,0.00010715072614693647,0.00021037220658779487
2021-10-28,0.00019360128375458217,0.0001204804221967634,0.00012853864497910434
2021-10-29,0.00038087067997174585,0.00027885933238153767,0.00019637942258300255
2021-10-30,0.00032428223280759445,8.866040355146245e-05,0.0002826088127110096
2021-10-31,0.00016170583314892309,8.165996010455087e-05,0.00018273072869594208
2021-11-01,0.00024995676502914574,0.00015949419422263764,0.00016210172044303734
2021-11-02,0.00031395124547940745,0.00019842668243715293,0.00015264102007958965
2021-11-03,0.00024244072088206218,0.00019369921140866692,0.00017545739568199217
2021-11-04,0.00016159264875981964,8.42071186933273e-05,0.0002457914447206343
2021-11-05,0.00018557189224995026,0.00010290028077190014,0.00022152253845851084
2021-11-06,0.00012665160767380654,9.877821442314563e-05,0.00011153625034026575
2021-11-07,0.0003099597374141174,0.00027435075923477637,0.00016725084831531133
2021-11-08,0.0008296899326139133,0.0006797493379000642,0.00019307475349160204
2021-11-09,0.00043887795454290946,0.00013595221417000067,0.0001978364783963887
2021-11-10,0.0002208235859424323,7.598170365038688e-05,0.00013016885555901188
2021-11-11,0.00028306626910184,0.00010517953637952264,0.00021676050083475245
2021-11-12,0.0002619889031078022,0.00013454975132327798,0.00013670171507095734
2021-11-13,0.00011275003635034141,6.224391863457763e-05,0.0001185349356067776
2021-11-14,0.000505393121258933,0.0004948209582009331,0.00024894101930629677
2021-11-15,0.0002899255989928495,9.165374717132032e-05,0.00011338593952725527
2021-11-16,0.00015602583062110633,0.0001290912101899379,0.00012126195998012605
2021-11-17,0.0003138490752013756,0.00019071775487343315,0.0001312463488714925
2021-11-18,0.00021359130652298403,0.00014863901394762235,0.00017508516692257766
2021-11-19,0.0004109402558827756,0.0003776974872967665,0.0001706386543970995
2021-11-20,0.0001915431070206301,0.0001504410351800376,0.00019147348216786887
2021-11-21,0.00019401431407703955,0.00015936667572427423,0.00018352221878234164
2021-11-22,0.0007671559110812927,0.0006580393690688265,0.000525912783966037
2021-11-23,0.0002504124967872849,0.00011134382705888506,0.0001866339357946
2021-11-24,0.000261410415188169,9.000627198425942e-05,0.00028050332761814136
2021-11-25,0.00033795963377618814,0.00016281416774720686,0.0002037445957788825
2021-11-26,0.00033988165945554474,0.0002895552379115516,0.00026552868298477953
2021-11-27,0.00027974862386544413,0.00020460035683588654,0.000139639039171236
2021-11-28,0.0004462230161319333,0.00022500548637579854,0.00016373562098482457
2021-11-29,0.0006303519799261949,0.00045940103540980867,0.00030786418031758327
2021-11-30,0.0001889656819503211,0.00012996930744886575,0.00016264392801526963
2021-12-01,0.0005804380810981924,0.00042271348669413146,0.00046581306970075106
2021-12-02,0.00016532716590519453,9.733532954612908e-05,0.00016790676907941203
2021-12-03,0.00027275628832567245,0.00017194844433780242,0.00031114979531489016
2021-12-04,0.0003887460440429964,0.0002371962274321361,0.00022007327816152877
2021-12-05,0.0002296105132523361,8.012050679096198e-05,0.0001109853972444532
2021-12-06,0.00030885696094652324,0.0002177454166149127,0.0001558039176229222
2021-12-07,0.00021996788286353884,0.0002281793969034102,0.00010063279200089927
2021-12-08,0.0003530381199250061,0.00025468561239464643,0.0002527223807140635
2021-12-09,0.0003607766644135113,0.00027570162460406177,0.00030269120129984664
2021-12-10,0.00021311384319902562,7.498836173083815e-05,0.0001318405078627475
2021-12-11,0.00029648947738378955,0.00014464008368883838,0.00018808425986729816
2021-12-12,0.0003249130098649079,0.0002256773446422503,0.00024496174502142273
2021-12-15,0.00034627420474909993,0.00010387128851199895,0.0001942971104093678
2021-12-16,0.0007641537093190015,0.00020332167273644689,0.0001677262952577039
2021-12-17,0.00040252473076314143,0.0003225441904773414,0.0003457705879964351
2021-12-18,0.0004143641784518031,0.0003095790148091595,0.0002546893357553148
2021-12-19,0.00037781849283912333,0.00017144980458808973,0.0002469855512166181
2021-12-20,0.004733432809314128,0.0022432206235374927,0.0019417870493307471
2021-12-21,0.00029410638082936086,0.0001514893252912975,0.00023436958069765238
2021-12-22,0.004231158501400629,0.0031449152887832103,0.00409434890193928
2021-12-23,0.00045419938307199743,0.00043591481621840577,0.00031427043765036306
2021-12-24,0.00024283791599174042,0.00018559837419805967,0.00016130042387601013
2021-12-25,0.00020424951659175152,0.00011528270265761329,0.00022443907321554118
2021-12-26,0.0007147342766069412,0.000174587331675713,0.0003894271054009212
2021-12-27,0.00027709581073174925,0.00011785856525903283,0.0001956978836015421
2021-12-28,0.00035867937325974737,0.0002216895774910175,0.0004164972056957404
2021-12-29,0.00014900285125773175,5.034382115412202e-05,0.00018741361111048653
2021-12-30,0.00019880546785247763,0.00013939283392996245,0.00019581442646835276
2021-12-31,0.0003224495176630287,0.00018283750069698708,0.0003470043842077276
2022-01-01,0.0003445938178082716,0.0002599072357160066,0.0003921622858298049
2022-01-02,0.0004447173119095041,0.00029959758644396953,0.00030804665994345803
2022-01-03,0.0002859703836620533,0.00014046922648218766,0.0002509750902102099
2022-01-04,0.00021226174956859442,0.00018477514167732407,0.00016698292200641686
2022-01-05,0.00024107225438842902,0.00017418578330814506,0.0002583258033402715
2022-01-06,0.0003563680493648877,0.000156066741338953,0.00045561636639051563
2022-01-07,0.0003283441368209612,0.00020014490461472788,0.00031675506337262616
2022-01-08,0.0002393395192892181,0.00020065250134014537,0.0002016120629616556
2022-01-09,0.00026217248712442334,0.00019816444980560975,0.00018301576856916685
2022-01-10,0.00030457467249153273,0.00011992029822690722,0.00020689839221663272
2022-01-11,0.00042883461364294566,0.00034543471304618925,0.0003674846789552879
2022-01-12,0.00017038696927141516,0.00013373094347675127,0.00011014153710284676
2022-01-13,0.00039342118849532414,0.00038600989148005453,0.00022912927365210622
2022-01-14,0.00019808240540938963,7.819387700700315e-05,0.00016093506160293414
2022-01-15,0.00033041983684304693,0.00027005932323161043,0.00022589324821210998
2022-01-16,0.0024403934818121036,0.002359122885029049,0.0003825243620298285
2022-01-17,6.129355704342481e-05,3.043500822862718e-05,5.230902103410138e-05
2022-01-18,0.0003136653415205408,0.00016573686057559807,0.00024078854534016788
2022-01-19,0.00013067080526520588,8.549190739956258e-05,0.00013591453910572832
2022-01-20,0.0005322303656145485,0.00022346825164715683,0.0001847007773213032
2022-01-21,0.0003930928357909161,0.00018620195525441877,0.00014757390782306877
2022-01-22,0.00012670781929550914,2.7280056648090403e-05,0.00012173237484011837
2022-01-23,0.00019063493224110513,7.548408614220755e-05,0.00013605041648019059
2022-01-24,8.850865473768033e-05,5.6111304494988826e-05,7.128047516942274e-05
2022-01-25,0.00013614101705920864,4.287694337426691e-05,0.0001234163937792433
2022-01-26,0.00015205652428927903,0.0001359942831373518,0.00011321299461814305
2022-01-27,0.0002695579533676921,0.00018541511658668342,0.00015487486658297573
2022-01-28,0.00014173540540939034,7.153059366761076e-05,0.00012769242824446568
2022-01-29,0.00012173216192208549,5.5863239407426416e-05,0.00014993735585487153
2022-01-30,0.002698410397590672,0.0008436500455706486,0.0014222473958909623
2022-01-31,0.0002640195837472676,0.00011373500891898016,0.00013347936062704517
2022-02-01,9.045671665234287e-05,5.061962424656199e-05,7.733667315126243e-05
2022-02-02,0.00010178276351378408,6.401813200370634e-05,0.00010984921733044666
2022-02-03,0.0003348329338692605,0.00018060305393516427,0.00017145295738755305
2022-02-04,0.0001318974076542088,9.880933082515587e-05,0.00011233971719844103
2022-02-05,0.00013720838957780555,5.379207165264381e-05,0.0001145659358102312
2022-02-06,0.00015338556298321695,9.84999956338083e-05,0.00011423018370894078
2022-02-07,0.0001965697739685147,6.82690387237122e-05,0.00013139770365890892
2022-02-08,0.000593718269587989,0.0004731973615115846,0.0005113331664019315
2022-02-09,0.00015437621991919298,0.00013816156888604616,8.119100505667597e-05
2022-02-10,0.00024504198929692865,8.857700833421352e-05,0.000192588298414317
2022-02-11,0.00011051177234988321,6.830500768091523e-05,7.506989274624199e-05
2022-02-12,0.00011449894632970577,9.063046486270732e-05,3.744358436179106e-05
2022-02-13,0.00013831366555773646,9.431289406737114e-05,9.715286650176473e-05
2022-02-14,9.923072538248206e-05,5.508152874542779e-05,5.410371221704928e-05
2022-02-15,8.365935779023744e-05,6.308868532722943e-05,7.320640897111071e-05
2022-02-16,9.155800932888496e-05,8.434187871478931e-05,6.106642175073654e-05
2022-02-17,5.881490042791295e-05,1.71841121534389e-05,7.24217842484243e-05
2022-02-18,0.0001613645070464935,7.989776781014536e-05,0.00011368460244125887
2022-02-19,0.00024211909721506833,4.6122527147648764e-05,9.052778889529709e-05
2022-02-20,5.284107034497607e-05,3.9133061593419526e-05,3.2087756045780675e-05
2022-02-21,0.0002589292080384412,0.0001284428491607159,0.00018604970523708423
2022-02-22,0.00011179117292399031,3.33648331891547e-05,6.0807011237640954e-05
2022-02-23,0.0002295488160975868,7.530422282117298e-05,0.0001144735998113982
2022-02-24,1.120013719669332e-16,2.3738562214138072e-17,1.187756836123541e-16
2022-02-25,1.1640474406502824e-16,2.4119479334661218e-17,1.4810809879120287e-16
2022-02-26,5.7151150401558025e-05,2.4481925003874873e-05,3.703065250301567e-05
2022-02-27,8.284014237461405e-05,5.173237080694124e-05,5.4350599059236746e-05
2022-02-28,0.00012548488606860925,3.6663784362707805e-05,0.00010080166687973058
2022-03-01,0.000331972882808532,0.00021236609528850684,0.00042025742828875597
2022-03-02,0.0001674292306050632,8.672381461559909e-05,7.804680146875022e-05
2022-03-03,0.00011595235892032554,8.73811409976343e-05,0.00010141558076112532
2022-03-04,4.755273645472445e-05,1.4329748753189846e-05,2.7749248891246888e-05
2022-03-05,0.00013961331638184216,9.420635910069231e-05,0.00011727853767141027
2022-03-06,9.855322536552006e-05,5.5092461831076515e-05,7.156104627762964e-05
2022-03-07,8.815801019023946e-05,3.731891730230838e-05,4.242334393786604e-05
2022-03-08,0.00015796671390652228,0.00011231262205973874,6.466059801695927e-05
2022-03-09,0.0001940031174437523,0.0001030989995987411,0.00011681291004953872
2022-03-10,0.00019623864386118472,0.000185931213824682,0.00012316168887059525
2022-03-11,8.873141690415836e-05,7.139829770136329e-05,6.792787419633106e-05
2022-03-12,8.203093994913061e-05,4.319425999182138e-05,7.798549428888935e-05
2022-03-13,5.8412350645640733e-05,3.862558070448108e-05,6.358192637171767e-05
2022-03-14,0.00019031955819318234,0.0001750925633289496,0.0001372386527530115
2022-03-15,5.484411520115924e-05,2.309031101418225e-05,4.456542487660973e-05
2022-03-16,6.248511048312663e-05,1.74910913759642e-05,7.673328097029235e-05
2022-03-17,0.00035049157428580595,0.00031660372142785413,0.00027998990272168616
2022-03-18,0.0001221979679992681,3.575884968416547e-05,0.00011385897576632816
2022-03-19,0.00010211927774752592,7.90165968512219e-05,6.969520993269927e-05
2022-03-20,0.00011165113018331693,6.906721953923944e-05,0.00011676166301845537
2022-03-21,5.9099693634548946e-05,1.9445916555284307e-05,7.911528784103991e-05
2022-03-22,8.373442048613438e-05,3.7005591537315464e-05,0.00011400456540618316
2022-03-23,0.00012397121615289182,9.065545705558604e-05,8.287801803729422e-05
2022-03-24,0.00014995141572420525,5.778216042659937e-05,0.00014141818506611148
2022-03-25,6.725186579453486e-05,3.355422909643457e-05,4.90771919554439e-05
2022-03-26,0.00013774350607607779,0.00011386265830001247,0.00011440981115680355
2022-03-27,6.210160568809552e-05,1.9141840388992617e-05,8.317591058928648e-05
2022-03-28,0.00012444465638049735,6.457353177034199e-05,0.00010601221192738398
2022-03-29,0.00015293767101147708,0.0001328490563901841,9.97316869266631e-05
2022-03-30,0.00012456764493269792,0.0001163533050899904,5.217485425885621e-05
2022-03-31,0.00043477865742780553,0.0003283070547116855,0.00047651723406788734
2022-04-01,8.71994929019874e-05,6.684269695613742e-05,9.623711453447977e-05
2022-04-02,7.033384017365563e-05,5.238059607328259e-05,5.970058673949623e-05
2022-04-03,0.00013837739904793895,7.751214328017627e-05,6.769007914727461e-05
2022-04-04,6.54778766566644e-05,5.709740074931005e-05,4.43220687416239e-05
2022-04-05,5.138942914339623e-05,4.309478399855751e-05,4.17318308425328e-05
2022-04-06,0.00010369756426750184,3.705472178677847e-05,7.181695465026939e-05
2022-04-07,0.0001472405862387786,0.00014113700648805022,0.00012441875828393838
2022-04-08,8.67358029041062e-05,7.905508418177849e-05,5.226337177274077e-05
2022-04-09,8.667481374868964e-05,5.639029754526519e-05,4.62374777443195e-05
2022-04-10,0.00010322667313918319,6.012422777477313e-05,6.61492453267059e-05
2022-04-11,0.00013242246700439152,8.244928863567027e-05,6.149631728086114e-05
2022-04-12,0.004728964794884865,0.004714464970338683,0.00013220271074179774
2022-04-13,8.688638002511548e-05,7.563722912261856e-05,4.810696461926861e-05
2022-04-14,0.00013958423218541008,0.00010806056936791298,0.00011708327060971975
2022-04-15,5.8134148684863876e-05,2.4367517249022682e-05,2.8878426667844844e-05
2022-04-16,8.580069158575154e-05,5.415746294375748e-05,3.0707801313341916e-05
2022-04-17,7.708280662219098e-05,4.893884639905828e-05,6.40403690248119e-05
2022-04-18,0.00021175623584091354,7.32907131194677e-05,0.00028824452663197685
2022-04-19,4.7362149325783074e-05,2.6200774076457172e-05,1.7834148853969887e-05
2022-04-20,7.144905767789976e-05,4.694008321991076e-05,8.064632442121354e-05
2022-04-21,9.197589150210792e-05,3.76244200974075e-05,0.00010121581349208893
2022-04-22,8.668097543586476e-05,2.4966768193533302e-05,4.800089125186364e-05
2022-04-23,8.034056020936492e-05,7.324624168334399e-05,5.030916965878329e-05
2022-04-24,0.00010671202364610961,8.544825145210442e-05,5.654262208578226e-05
2022-04-25,0.0001452691509287743,0.00011537623585316979,0.0001104128521836547
2022-04-26,7.809726702588351e-05,5.352367859610004e-05,5.291136406531266e-05
2022-04-27,0.004261669970568996,0.0014281419783349102,0.007928812447334942
2022-04-28,0.00630562032544942,8.00750050181664e-05,0.012258897399281508
2022-04-29,5.841094594377396e-05,5.614768301993257e-05,3.9643845185250284e-05
2022-04-30,0.0001674123313677396,8.219165364417768e-05,0.0001642136900796868
2022-05-01,9.34616598879864e-05,4.3170364852332044e-05,6.97335255730769e-05
2022-05-02,0.006513806542828813,0.00013899213754492838,0.012887023771392241
2022-05-03,0.006281959436403796,7.424195971314422e-05,0.012523956368844513
2022-05-04,0.006760970228638218,0.00030335226088886987,0.013125404556505599
2022-05-05,0.0066772785429605646,0.00011607868459568585,0.012836936020584775
2022-05-06,8.318047656310374e-05,4.17466055543829e-05,9.69814470653315e-05
2022-05-07,0.00015804837412422513,9.758445838549215e-05,7.842646451772035e-05
2022-05-08,0.005543446865419127,0.00021554245990489421,0.011110152605515506
2022-05-09,0.00618069161346771,0.00011678612040108132,0.011648163357015268
2022-05-10,0.006976561261286683,8.651169659275677e-05,0.01338632845603277
2022-05-11,5.522880488396951e-05,4.122804248049774e-05,1.8514381425320266e-05
2022-05-12,0.00657678294362058,9.418025095755486e-05,0.012259941609392547
2022-05-13,5.262278440539457e-05,2.9104388577000642e-05,3.711012797289512e-05
2022-05-14,0.00015215367387626862,6.551506954869457e-05,0.00010688329899225569
2022-05-15,8.97449192347277e-05,6.134666847560997e-05,4.310041925901894e-05
2022-05-16,0.005976593779072094,0.0002678442910125712,0.011640414529178241
2022-05-17,0.007095391740895665,0.0001013047356257746,0.015059073254787718
2022-05-18,0.0063596242361828,0.0001515978418668094,0.01417194256726486
2022-05-19,0.006578883520729172,0.0001192468654668463,0.012895399478598916
2022-05-20,7.788289277118345e-05,3.6193229578856655e-05,5.525405278610876e-05
2022-05-21,0.00016026546487541823,8.502363399050887e-05,9.155155010292684e-05
2022-05-22,0.006944662102188854,0.00027309329072719923,0.014658700153917922
2022-05-23,0.007227277394412202,0.00011875986741426003,0.015002235303942898
2022-05-24,0.0069360308559282295,0.00018772894891672795,0.01395188147679032
2022-05-25,0.0068400977030187585,0.00017739350206647176,0.014018151638682357
2022-05-26,9.936068392550108e-05,3.6987091229681575e-05,5.479366006616007e-05
2022-05-27,0.00013697543636909774,0.00012314462407158556,0.00010805921624568664
2022-05-28,0.0006808136317371027,0.00016328092338825211,0.000180869967464754
2022-05-29,0.007026802509845394,0.0014230008742480804,0.014168945225903493
2022-05-30,0.005931933791637583,0.00011362898827531635,0.012307795366920065
2022-05-31,0.007926758159391823,0.00597406100649627,0.008846379612170573
2022-06-01,0.0006707727762207389,0.00048694062728396777,0.0006124918148928237
2022-06-02,8.355743034547024e-05,4.524650267086426e-05,7.51270468532537e-05
2022-06-03,0.0002542655887521905,0.00014300723669636626,0.00032172208492632463
2022-06-04,0.0006056346285172409,0.00035603888812434575,0.0003304315234787762
2022-06-05,0.005478078270823249,0.0017985043840161546,0.012049777566417806
2022-06-06,0.00773100615583086,0.00014835307356274514,0.016088299613309626
2022-06-07,0.01411149198176454,0.013943336127034515,0.0025711372501280583
2022-06-08,0.0274530650741613,0.018662262838399533,0.019707404401498367
2022-06-09,0.008380279218455041,0.00027561446963291885,0.018429453149996465
2022-06-10,0.00015383583997469872,7.420000636708722e-05,0.00011933617765425429
2022-06-11,0.00812364782361415,0.00026494949867720755,0.01815521486173371
2022-06-12,0.00017407613583874103,0.00014133801014709613,7.359241563459102e-05
2022-06-13,0.008124558386821133,0.00027550812628587346,0.017588754527045537
2022-06-14,0.007837342563453873,0.00012617355155910146,0.01736752736972487
2022-06-15,0.008816577366069297,0.00018170097511031142,0.019640387036617312
2022-06-16,0.007766180442242954,0.0002942794826641946,0.0174065726063362
2022-06-17,5.487745256836283e-05,3.709419394955933e-05,3.1138541230984894e-05
2022-06-18,0.00018452734289410003,7.227955883798433e-05,0.0001244842983890915
2022-06-19,0.007271498820398461,0.0002465355897900409,0.01645732424556202
2022-06-20,0.04813117292597184,0.03242999254555043,0.017375001293930933
2022-06-21,0.007948628222663826,0.00020737030194031294,0.01750973100773898
2022-06-22,0.009018476794902947,0.00012838061404786511,0.020098238744436146
2022-06-23,0.007933003287969071,0.00018034865479982427,0.018533335032396236
2022-06-24,7.985362325580613e-05,4.6716901605084426e-05,3.373661339799634e-05
2022-06-25,0.00011536851711927296,6.364021132576508e-05,6.59574375772129e-05
2022-06-26,0.00988197283012642,0.0019198918204164903,0.019646350033172087
2022-06-27,0.009915098060458432,0.0006075411247386479,0.012231648242545733
2022-06-28,0.013694007839484351,0.0008052028278647088,0.012122520534188776
2022-06-29,0.008921983549139388,0.0005505516932007977,0.010905613360412403
2022-06-30,0.006425194960505069,0.003108382054959423,0.00950638375892931
2022-07-01,0.000366759359894133,0.00025322845252639855,0.0002808066156929154
2022-07-02,0.000329903766146333,0.0002774898317753388,0.00014260367086794197
2022-07-03,0.00018846413867143485,6.967013333247604e-05,8.550542940257684e-05
2022-07-04,0.00019588330512708695,0.00016155662989254005,0.00014004368798124122
2022-07-05,0.00021535213432272103,0.00021076462931800236,8.882728627944088e-05
2022-07-06,0.0002099476393718342,5.447350963842205e-05,0.00010149842260106585
2022-07-07,0.0002371157722259887,7.953301704796411e-05,8.644161804091595e-05
2022-07-08,0.0001131114775314897,6.001090324700726e-05,7.304013739633646e-05
2022-07-09,0.00010810833448142875,2.5163567588340066e-05,9.426551224399557e-05
2022-07-10,0.00030581477012636346,0.00011023824116076819,0.00010598389233076629
2022-07-11,0.00010939536419066121,3.779461996497029e-05,6.592062966148539e-05
2022-07-12,0.0004143532340099889,0.00033676132022593776,7.574203232267555e-05
2022-07-13,0.0003933175792795682,0.00029895002760283086,0.000112961537982849
2022-07-14,0.0012147197107933033,0.0011396970006068846,0.0004061762686055192
2022-07-15,0.0011176817282354161,0.0012022473960480963,0.0003285759294667798
2022-07-16,0.0008219171934497443,0.00087349138536257,0.0003036313365861973
2022-07-17,0.000764100030890672,0.0008009156669163699,0.00025002373020473846
2022-07-18,0.0002858668256706993,0.00029715052789753443,0.00014350092359099615
2022-07-19,0.0005706526488591898,0.0006129454897337935,0.00014730979789960168
2022-07-20,0.004494736136824705,0.004998528559671194,0.001132093291989656
2022-07-21,0.00025316507573131485,0.00017725339538488628,0.0001567162460170592
2022-07-22,0.00016738731970630867,9.549534424562053e-05,0.00015267310857464725
2022-07-23,9.523096410671079e-05,4.501181195131858e-05,0.0001195203845796218
2022-07-24,3.904754764237418e-05,2.0757574812548676e-05,4.7923979824680324e-05
2022-07-25,0.00032630664202109655,0.00011718092879665448,0.00020699541839353793
2022-07-26,0.00021872330715520005,0.00019295910515143246,0.00012097155923821324
2022-07-27,0.0003611009993080537,0.0003555543923870405,0.00019045338384861838
2022-07-28,0.0003549634521785322,0.00022762406265787287,0.0002381725156349786
2022-07-29,0.0001178910680038922,7.224569194606037e-05,0.00015845469458658864
2022-07-30,0.0004049558379169175,0.00025344665741053286,0.0001820328522756947
2022-07-31,0.00031588513054602897,0.00012483538584731336,0.00022100771588757893
2022-08-01,0.0003063229157148378,8.893934952371352e-05,6.210178457494376e-05
2022-08-02,0.0004181072172838162,0.0003801895239068338,0.00019885997473313306
2022-08-03,0.00015710362675601253,0.00010740127972129601,6.141943862952142e-05
2022-08-04,7.825712184005007e-05,5.152203482954886e-05,5.72902717067387e-05
2022-08-05,0.00014528296070428188,0.00012000375529723538,8.343917964412309e-05
2022-08-06,8.636432497952979e-05,4.3879643178541925e-05,5.7302319665729327e-05
2022-08-07,6.928836468823147e-05,2.8653967866500194e-05,3.003796307682985e-05
2022-08-08,0.0001375563656895994,5.1443518936508174e-05,8.071312889322472e-05
2022-08-09,0.0001252422785204904,2.2822908723182185e-05,5.556244043739158e-05
2022-08-10,0.0004177252886904107,0.0003106793008687394,0.00012317798860917464
2022-08-11,0.00010958115140120371,7.893970382303018e-05,5.02235602502984e-05
2022-08-12,0.00017673842007174222,0.00011245115479445636,8.694184203032244e-05
2022-08-13,8.828677357968771e-05,4.7936015722239845e-05,5.090527498474192e-05
2022-08-14,0.00012763197446259518,4.9788684807740074e-05,0.00011919214391701122
2022-08-15,0.00037292498437982587,5.158200454870972e-05,0.00022807939507555656
2022-08-16,0.0007213732286282255,0.00020065689790715958,0.00019810723469413708
2022-08-17,0.000759350621507936,0.0004229910375095233,0.0001159774158874355
2022-08-18,0.0005156029147624283,0.00034232360622680965,0.00028152639850266786
2022-08-19,0.00013651904830688742,4.146582974327814e-05,0.00016885669704043126
2022-08-20,3.4829976911600146e-05,1.1669592292374068e-05,2.8856513588492647e-05
2022-08-21,0.0001942680207680956,0.00010883732042972647,0.00012890942459389866
2022-08-22,0.0006134018566284563,7.346638649251642e-05,9.508294294365755e-05
2022-08-23,0.0005323222035125753,0.000257619477805964,0.0002698718304750831
2022-08-24,0.00014706789260797613,4.7242899020666484e-05,4.533913460210317e-05
2022-08-25,4.730691521855272e-05,1.8775800142114714e-05,2.7665134979654763e-05
2022-08-26,0.00012363902421804186,4.80229339907742e-05,7.054977867332353e-05
2022-08-27,0.00011364001111276651,9.561481082638403e-05,7.75639786861581e-05
2022-08-28,0.00023987813547612677,0.0001302788834737991,0.00015744181519690867
2022-08-29,0.0008106786669822787,0.00024933970274011193,0.00022464694021235408
2022-08-30,0.000287674326870007,0.00031784168975919753,4.9360860727366695e-05
2022-08-31,0.0002731798250966135,0.00012164727090819076,0.00021182194757205002
2022-09-01,6.939450282189287e-05,2.7011798780473267e-05,3.844546508545322e-05
2022-09-02,0.0001037799839926697,6.924991216640591e-05,7.557483175486627e-05
2022-09-03,0.0001388889484036204,2.9052447781733837e-05,6.110903766790815e-05
2022-09-04,0.0009610615462787637,0.0005942590221929676,0.000698902463918471
2022-09-05,0.00023903824146319038,5.315670695697709e-05,6.122198057714562e-05
2022-09-06,0.0002127031889876912,5.531317713211441e-05,0.0001894558149708526
2022-09-07,0.000288020640181077,0.0002734038198217199,0.00011866741364457631
2022-09-08,0.0009799215268400364,0.0008864212689444919,0.0007017114256135607
2022-09-09,0.00011707006151436142,4.86917116898612e-05,8.030078949394353e-05
2022-09-10,0.0007728523950971605,0.0006270403917635017,0.0009103975899655282
2022-09-11,0.00017607803588305757,4.124615279377223e-05,6.143807866317617e-05
2022-09-12,9.931038114484684e-05,7.339447118085439e-05,5.013375400067378e-05
2022-09-13,0.0008087752345582813,0.0005448001257011757,0.0006803843172111623
2022-09-14,0.00031935800012890226,0.00032108189414183135,0.00014262397429292526
2022-09-15,0.0001487792107676486,7.808413526183726e-05,9.584602031806452e-05
2022-09-16,0.00014560829392927256,6.5990726333338e-05,0.0001338779640013006
2022-09-17,0.00031782494548274486,0.00017209206340456786,0.00018367592169938368
2022-09-18,0.0002571678396931952,7.804098597746522e-05,8.743408516054976e-05
2022-09-19,0.0001546076994644615,5.359299891780523e-05,0.00012224736726117175
2022-09-20,0.000445493608986095,9.098042882482278e-05,0.00011776564957675554
2022-09-21,0.0003582748971900992,0.00034849478835660973,8.999473981468242e-05
2022-09-22,0.0026887526847990157,0.0022236844612960713,0.003034439016144505
2022-09-23,0.00043693492357312666,0.00014189864657967286,0.00019997831079326798
2022-09-24,0.00028835829551015227,0.00010558133797725292,0.0001344557643789042
2022-09-25,0.0002618356882625434,0.00018667616850624006,0.0002596991508430162
2022-09-26,0.00037891015802499813,0.00014650243135579233,0.0005185426932025549
2022-09-27,0.00025800112548835663,0.00010677689376310634,0.0002288108195241243
2022-09-28,0.0005295327266656792,0.0004865133254028877,0.0003212145700280616
2022-09-29,0.00032749572900898373,0.00028873210767141485,0.00019295338452951692
2022-09-30,0.00029345585676829593,0.0001491156085924242,0.00024245095772807454
2022-10-01,0.00022254696824697138,0.00014517116006565982,8.038793923577784e-05
2022-10-02,0.0002800794214837566,0.00022120342610905882,0.00024168127059137094
2022-10-03,0.00045071557434469455,0.0002715126661160817,0.00021903870707392904
2022-10-04,0.00035551391191045525,0.0002490521395310073,0.0003607934835326178
2022-10-05,0.0005994253212521891,0.0006266625760252253,0.00019065646431159328
2022-10-06,0.00021689875381282985,0.00013291149470820966,0.00013159368306202423
2022-10-07,0.00047679130679976583,0.0002441047509225399,0.00025119268906831664
2022-10-08,0.00043009215204480044,0.0001349031299826287,0.00013035419778497406
2022-10-09,0.0001667166866752933,7.329962079580451e-05,0.0001182137383876181
2022-10-10,0.00023475827284472953,0.00018136080841754497,0.00024383272302061618
2022-10-11,0.0005798810763672781,0.00037983649800087555,0.000553943565666528
2022-10-12,0.0005176404643337752,0.000530833413622646,5.405618362157065e-05
2022-10-13,0.00025733873258218385,0.0001450094848748357,0.00017488718763326747
2022-10-14,0.0002914048255829147,6.636975582971543e-05,9.595021955139914e-05
2022-10-15,0.00023863943358987165,0.000164604538533866,0.0002689176912890222
2022-10-16,0.00035335103879513763,0.0001161854585737884,0.00015648386311234403
2022-10-17,0.00032922268720540933,7.591327254507595e-05,9.975742636714528e-05
2022-10-18,0.0005956781823406301,0.00021731367391593715,0.0003070107395021002
2022-10-19,0.0004031629505558064,0.00019667351155765165,0.0002262967454305856
2022-10-20,0.00015313647430044758,7.581464313908149e-05,0.0001358702392350455
2022-10-21,0.00010489196237007672,6.712869935950791e-05,9.081437365209681e-05
2022-10-22,0.0001472110555980661,0.00010476778990987165,0.00014590870612862
2022-10-23,0.00014691430017545025,6.24164925461908e-05,9.716426316500718e-05
2022-10-24,0.0003592883896743725,0.00027843978137438296,0.00016850118361531674
2022-10-25,6.0418224785053875e-05,2.76439023743961e-05,6.867315306956527e-05
2022-10-26,0.0005616540899011748,0.0005809134641671792,8.791701805454334e-05
2022-10-27,0.00014810344305914104,0.00010884093008374928,0.00011357560799217396
2022-10-28,0.00018597258536198776,9.667214160006514e-05,0.00028155361606656916
2022-10-29,0.00026417393234418035,0.00014173036912918332,0.00021989685768682537
2022-10-30,0.00037136362735802327,0.00010684178561451772,0.00016897959682690545
2022-10-31,0.00015763379757605995,0.00010834963666881347,0.00014809184880523323
2022-11-01,0.0004660648892806372,0.000218337716506088,0.0002979157299871507
2022-11-02,0.00036574796463216655,0.0003734795571340769,0.00014856558815192552
2022-11-03,0.00024433858393616063,0.00015545096091769682,0.00030802465926180585
2022-11-04,0.00013230221170977986,7.27644593379684e-05,4.1211034566150624e-05
2022-11-05,0.00021672132526569354,0.00021968929623538807,9.640294836628999e-05
2022-11-06,0.00026760071715136076,6.521295368685479e-05,0.00012838736349307867
2022-11-07,0.00024783589198064637,0.0001227270605611809,0.00014339843319045016
2022-11-08,0.00012171682051342506,8.864325796005631e-05,9.289375452912987e-05
2022-11-09,0.00022468549693196587,0.0001885481617377833,0.0001654956291834154
2022-11-10,0.0005596040737881806,0.0005632457083492965,0.00019836588885837757
