2021-02-06,0.0008708542477744356,0.0005117772602487721,0.00026240107719965937
2021-02-07,0.0005107367634449714,0.00023691762407721995,0.0002535759038258708
2021-02-08,0.0006206609360128992,0.0003585870362434188,0.0003719514982954526
2021-02-09,0.0003351844205004684,0.0001261796769838263,0.00017129165250473903
2021-02-10,0.0007151351390882392,0.00039167603401511547,0.0004784695725269517
2021-02-11,0.0006366621537929011,0.00041795198056236303,0.0005438552313277946
2021-02-12,0.0007319234249174122,0.00024826206656955793,0.0003003381928282086
2021-02-13,0.0005601374947833348,9.413311221266633e-05,0.0004898672527018627
2021-02-14,0.000829316312454806,0.0003849291664381425,0.00045559298376151815
2021-02-15,0.0009594994686872786,0.00033310821313005726,0.00039361194896131966
2021-02-16,0.00027577864508817983,0.00018988279124280188,0.0002477723294905526
2021-02-17,0.0008345901072996034,0.00029952188057178896,0.0001725798767001603
2021-02-18,0.000369136900559925,0.00021492266211579596,0.00029311329296878694
2021-02-19,0.07698688717523343,0.04280567335512715,0.03361258557124504
2021-02-20,0.0003882614741200839,0.00011260620820756352,0.00011964771412531962
2021-02-21,0.00035526082835244895,0.00026024878531027474,0.00021369627513680083
2021-02-22,0.0003604066162193394,0.0001375027717493943,0.00017083555328748005
2021-02-23,0.0004993956848997398,0.00017253523606284318,0.00011411246399964144
2021-02-24,0.00034454078103049115,0.00011007212656284378,0.00011100333661539182
2021-02-25,0.00039826284313465815,0.0001779342014072736,0.00015981252898179848
2021-02-26,0.0015896769890532212,0.0010381023328737,0.0008617440193300467
2021-02-27,0.0002695424094548553,0.00013889291986543474,9.841332815198176e-05
2021-02-28,0.00015992174238532933,0.00013090368398655934,0.00011043854382276018
2021-03-01,0.001159743267143641,0.0001894770062305774,0.00022834665112852999
2021-03-02,0.0011476460407276138,0.00023947330802892217,0.0006735546636174902
2021-03-03,0.0006735419287721169,0.00020369197830930367,0.0005118042348626206
2021-03-04,0.0005156726364858442,0.000186852173383359,0.000165696697009205
2021-03-05,0.0006779049537538359,0.0004622377182064395,0.00033506832283028664
2021-03-06,0.0004439611185087268,0.0002625429179953229,0.000214424987180582
2021-03-07,0.0009087285956501383,0.0001958202986217364,0.00021222603259955794
2021-03-08,0.0004711136899583842,0.00018132183725419923,0.00010353215004671569
2021-03-09,0.0008504117109251126,0.0005755982205208937,0.0007216992988597395
2021-03-10,0.0009658120199874519,0.0007717524073938822,0.000988582501752811
2021-03-11,0.00020882390263528554,0.00010628854307285391,7.014677155338635e-05
2021-03-12,0.003450293542800834,0.0017138416508182895,0.001638576349561623
2021-03-13,0.0003438626893830377,0.00012571802307767237,0.00012977800539683474
2021-03-14,0.0005493799871096037,0.0002263789979443322,8.917352807578505e-05
2021-03-15,0.0002837123476705334,0.00011889973310401878,0.00011988286650299379
2021-03-16,0.0004302323186886618,0.00024035385906994163,0.00014997084248933443
2021-03-17,0.00038953950948420396,0.00013290283322918818,0.00014130495609640802
2021-03-18,0.001168316484265549,0.0008252907443829565,0.001417147089305487
2021-03-19,0.00043165165367913845,8.711941135090798e-05,0.00010395573139666258
2021-03-20,0.0014032912337476762,0.00010128277222940076,0.00013424734347712114
2021-03-21,0.000745890845806735,0.00019334588166656589,0.000141013615515909
2021-03-22,0.0005811892856948251,0.00022358560491557612,0.00011140014050542196
2021-03-23,0.00035652967841205127,0.00012057013089900822,0.00018070972962732084
2021-03-24,0.0023484854816129353,0.0003717791570785352,0.0007062441542969731
2021-03-25,0.00040694747706390125,0.00017774039256207032,0.00014300802850531727
2021-03-26,0.00038786131125064313,8.911828480189724e-05,4.3965671154845855e-05
2021-03-27,0.0004955878945249563,0.00016537989056850133,0.00020245890647335924
2021-03-28,0.0006911997893221528,0.00015316055319924464,9.655935644546443e-05
2021-03-29,0.0006971298823908116,0.00019098194538413418,0.00017586995502414168
2021-03-30,0.0027168172474669556,0.001024934857902164,0.003007442072152019
2021-03-31,0.0046543486056516556,0.00351334218370631,0.0028714784450845077
2021-04-01,0.0004056426735360913,0.00014798358975287796,0.00017628555434459755
2021-04-02,0.00024654451722523315,7.991093294259754e-05,0.00016179379549503736
2021-04-03,0.00027162671461060123,8.025448340172066e-05,0.0001268342478395566
2021-04-04,0.0012403715824752352,0.0008330379438203537,0.0011852132256728097
2021-04-05,0.008530402427038333,0.003432627655483529,0.0023492324658966734
2021-04-06,0.007433186225660167,0.0034423408799845933,0.0043803734051927265
2021-04-07,0.005028547427971012,0.0044052318672755265,0.004613008878481139
2021-04-08,0.0004533918907937423,9.898751090806854e-05,0.00016733215533214481
2021-04-09,0.003951807818477233,0.0028899007806004076,0.005267470980496645
2021-04-10,0.0037188608495380727,0.0031016480639641233,0.0018780878416259632
2021-04-11,0.000510992406130229,0.00010801878877495324,0.00016084966885239983
2021-04-12,0.0007208602177988546,0.0001358133304200624,0.0002029267228373931
2021-04-13,0.0008254460874938578,0.0001340515612204076,0.00018966148160989166
2021-04-14,0.0033381149147645723,0.0028464099973909934,0.0026716275757126466
2021-04-15,0.0013282932933277687,0.0007306275250663458,0.0010159140759175404
2021-04-16,0.0005159507693904013,0.0002587164088369749,0.00023254733460144442
2021-04-17,0.00026717836055318385,0.00010776373737375355,9.489061125386136e-05
2021-04-18,0.0007508246890929408,0.0003177640957331703,0.00035154506933078415
2021-04-19,0.0005284650380043485,0.00014345957985714518,0.00011372047592221956
2021-04-20,0.0006070805863878146,0.0002883652672641914,0.000262899388585812
2021-04-21,0.0003474033445845802,0.00013667753404037234,0.0001295918686179847
2021-04-22,0.00024854637773444056,0.0001081727025191862,0.00016131042819774946
2021-04-23,0.0002632685597357213,0.00011680787025049194,0.0001781010999224364
2021-04-24,0.0005642274192463228,0.00027793490769773753,0.00016737969856228652
2021-04-25,0.0005638125276953373,0.0003245829212717995,0.00029732447711180895
2021-04-26,0.0019266149735297144,0.0006597924407930308,0.0009971579802254443
2021-04-27,0.0006754010500169351,0.0002457570975996339,0.0001565754588007093
2021-04-28,0.0003745801775410257,0.00011528358239776044,0.00015429589499364336
2021-04-29,0.0005253612904926779,0.0002268288942285112,0.00030857795897665116
2021-04-30,0.00021683267811936077,0.0001224686907710912,0.00012318551306010793
2021-05-01,0.00023041013955645007,8.094222750724431e-05,0.00014230929401774697
2021-05-02,0.00039894457367355666,0.00021498161162012498,0.00016183431413797434
2021-05-03,0.006857925546399375,0.005950195395559593,0.004511573810460382
2021-05-04,0.0007196998523141675,0.0002458057608341967,0.00014542064887038524
2021-05-05,0.0014850295814267643,0.00031609700786278827,0.0002638736175749427
2021-05-06,0.0009127495123836006,0.00035222541986324135,0.000346518621250264
2021-05-07,0.00031657503428751866,0.00023501126891842648,0.0002154338916671672
2021-05-08,0.0160671663212703,0.005599884116079512,0.00901211783773035
2021-05-09,0.004963222422451725,0.0005686936797442984,0.0010494745730571658
2021-05-10,0.0003135615677444601,6.744412703377025e-05,0.00013206801929878148
2021-05-11,0.0006487400279844384,0.00017716105373004348,0.0002895219429283283
2021-05-12,0.0005936932626606706,0.00042837382062120186,0.00026109564603930634
2021-05-13,0.0005895844893674386,0.0003033214210379148,0.0003122649226785248
2021-05-14,0.00044948784218165746,0.00025355409985019085,0.00021491356166498281
2021-05-15,0.00033607641803196553,0.00010668905392762824,0.0002500256634289491
2021-05-16,0.000606957412917901,0.0002941519057705287,0.00040683462175560546
2021-05-17,0.0085135753202892,0.0019345415880787776,0.0027432491384381634
2021-05-18,0.014017262998645185,0.0026012504855345807,0.0038190309035868674
2021-05-19,0.0008722794079068013,0.0004774823352737988,0.0004534652966970023
2021-05-20,0.0007256654555737159,0.00015270094822236524,0.000357638915150877
2021-05-21,0.0005437414061690748,0.00021379953101783547,0.0003253514075393659
2021-05-22,0.025353754763992133,0.015274267118950463,0.019917473744600626
2021-05-23,0.0006764489151974175,0.00030850197222213866,0.0003117740818815673
2021-05-24,0.0006009620136868795,0.0003397591991277916,0.0003996634300782096
2021-05-25,0.0006663185996307618,0.00035639414013020475,0.0003611869751432796
2021-05-26,0.0006228112948518455,0.00016757405321135061,0.00013237305023694796
2021-05-27,0.0005376667295778402,0.00044119433838389144,0.00025739422990700254
2021-05-28,0.0008363685023103801,0.0006853145331620076,0.0004261987901943623
2021-05-29,0.00024719495793992823,0.00013565129953124262,0.00021278104544584728
2021-05-30,0.0287245249230319,0.024513653799374036,0.024701789521986223
2021-05-31,0.027048510469505252,0.023451387468787298,0.024406108718459142
2021-06-01,0.00034129953694285665,4.6636609922287506e-05,0.00016171773894154546
2021-06-02,0.0005142403897972635,0.00018779614244232083,0.00018134648005018882
2021-06-03,0.000360242087890209,0.00012949011661803582,0.0004697482263967225
2021-06-04,0.00046490814869476867,0.0003241707535851198,0.00031298362778229996
2021-06-05,0.000545534524429019,0.00032948208206922216,0.0003794779631900344
2021-06-06,0.0219354509679576,0.017696768168450526,0.026227806123800382
2021-06-07,0.000768209148034073,0.00065066533207759,0.000512242201030105
2021-06-08,0.009330993497748574,0.0028492752135230387,0.004568447133548972
2021-06-09,0.00049064292373153,0.00040137264207798187,0.0005420366734902762
2021-06-10,0.00040683696326170574,0.00020528057558822388,0.00036225384070568225
2021-06-11,0.000390646776341231,0.00012977396577303941,0.00043475386114842483
2021-06-12,0.0004880296237602018,0.0003694317429955013,0.00030006944054724834
2021-06-13,0.006630338461764927,0.002126920282444875,0.0033529723612937636
2021-06-14,0.0011048019126890256,0.0006387916951403438,0.0003114700087082238
2021-06-15,0.0009038661072870457,0.0003645991440478607,0.0002823227540230292
2021-06-16,0.0007508339568821847,0.00044407107624374746,0.00038636551582729896
2021-06-17,0.0020523964000546424,0.00043749899838380974,0.00034817025887114725
2021-06-18,0.0034486841215172525,0.0007994686024311408,0.0011055608174043734
2021-06-19,0.003836910167293777,0.001430463477988498,0.0014287628433877187
2021-06-20,0.00047293090063809556,0.00023815848980087583,0.00041510165223296856
2021-06-21,0.0023827657742491923,0.0009479494000428399,0.00048588518343814903
2021-06-22,0.0007864364590166677,0.0006774702975989219,0.00040113749136391156
2021-06-23,0.0004410741047758582,0.00023893275703384267,0.0002333102146914495
2021-06-24,0.0009725419711868841,0.0008297108703490345,0.000678444033892789
2021-06-25,0.0026328320114813136,0.0004641393596527226,0.0008673283318423727
2021-06-26,0.0012098182423962243,0.00031402774419212213,0.0009390646284154649
2021-06-27,0.0003789701424249925,0.00015666973796188297,0.000171631198428677
2021-06-28,0.002113555955782974,0.0007108938766076594,0.0007629912455374944
2021-06-29,0.01788494054774459,0.014338011098451424,0.019630488172643238
2021-06-30,0.007691252612618948,0.006840257852733121,0.007666663323372962
2021-07-01,0.0004626244348328126,0.00021885147913258224,0.00019801325348317036
2021-07-02,0.0011520156446566858,0.0008791125883430124,0.0010313350465566118
2021-07-03,0.0004924186236265952,0.0002057392059378616,0.00027787688264733937
2021-07-04,0.00040732476371307594,0.000249794240818646,0.0004080759326680673
2021-07-05,0.0007544294502370132,0.000450711339399368,0.00033425968107793065
2021-07-06,0.0011363400068230085,0.00030684703468910105,0.00034367395999287324
2021-07-07,0.0005231340750532678,0.00017114343983720294,0.0003437926682811784
2021-07-08,0.00036731039276355126,0.0003277534245701648,0.0002253811659726274
2021-07-09,0.0020341135229715304,0.0006809175303120777,0.0007643487695468734
2021-07-10,0.000819980672447392,0.00039123262979280985,0.00038775375578388053
2021-07-11,0.0008216212479573978,0.0003887579261098389,0.00048316436483151847
2021-07-12,0.008861094564116158,0.008061607554714868,0.006443089205802872
2021-07-13,0.00046370300550374735,0.00011717253389787117,0.0002389365290946022
2021-07-14,0.001711774954850156,0.0015580577156848361,0.0014401968296021087
2021-07-15,0.0006754179532876405,0.00022764865020280292,0.0005536274024030357
2021-07-16,0.0033014611776858737,0.0023519220714395377,0.0035571720706931284
2021-07-17,0.00048629574728925774,0.00024976763261002054,0.00015128593066358542
2021-07-18,0.7297943440886072,0.7279930713001979,0.10097962237231606
2021-07-19,0.001278815942813515,0.0009148801151210261,0.000839303827406589
2021-07-20,0.0007105048896254282,0.0005379366487964709,0.000658616730744063
2021-07-21,0.0034826405355214483,0.0014442157238321622,0.001931977621680915
2021-07-22,0.00040142961101484405,0.00024060858728866972,0.0004357802350094416
2021-07-23,0.00036320855249085646,0.0002711860666509995,0.0002721414987047461
2021-07-24,0.0010829615326446176,0.0008780848153536498,0.0010263225438263432
2021-07-25,0.00045735250848639823,0.00025430071997080867,0.0002765777967549404
2021-07-26,0.0008822271484754675,0.0003069928085250411,0.0005467587459353019
2021-07-27,0.0023317360450080503,0.0017636316980943932,0.001713504322697483
2021-07-28,0.0016541273143823724,0.0017441825307601883,0.0007942456067475992
2021-07-29,0.0009003100900537364,0.0009108443180408786,0.00047135089134690784
2021-07-30,0.0010204535370916424,0.0010566776442781313,0.0006434292371239942
2021-07-31,0.0006937228950021092,0.0005549817414973835,0.000380907420770867
2021-08-01,0.00164856894028522,0.001549977629637939,0.0014805018020514645
2021-08-02,0.0009574107476335316,0.0007485036626812026,0.0009605904425877558
2021-08-03,0.0015914387410563074,0.0017152658511021476,0.0003068206489342852
2021-08-04,0.0015221532221310833,0.001630965203243387,0.0002526373956913658
2021-08-05,0.001043600669637893,0.001049148601239069,0.0006527695893878338
2021-08-06,0.0011683134778510689,0.0011549588173269982,0.00045110310227169584
2021-08-07,0.0010570647721590545,0.0008613758036746653,0.00042596558525952557
2021-08-08,0.0014914179139399386,0.0008306937486916062,0.0007905066555036534
2021-08-09,0.0012130071917161882,0.000405394951279447,0.000501058476768327
2021-08-10,0.000986309745483803,0.00099940689869435,0.0008331304054151677
2021-08-11,0.0016695764353440554,0.0016495700448932236,0.0004803167951448274
2021-08-12,0.0006255356115885528,0.00043827524289393377,0.000347050802103143
2021-08-13,0.0009179437740329526,0.0005904292449644612,0.0009051775508862435
2021-08-14,0.000359822894506203,0.00012654877833171433,0.00027296590264823005
2021-08-15,0.0015373834722682057,0.0012859918643756945,0.0016743986954919495
2021-08-16,0.0008527990438264417,0.0008967019308334599,0.00018144560293081397
2021-08-17,0.001130040523610457,0.0010995174231765287,0.0003814007376197283
2021-08-18,0.0013317662473774131,0.0012857012587108962,0.0008801216006084355
2021-08-19,0.0015790508809672738,0.0015051232612365946,0.00033334404024715653
2021-08-20,0.0009505399765743124,0.0007962451012702087,0.0007445761315410088
2021-08-21,0.0007910612984738403,0.0005456311127786433,0.0006477079127208193
2021-08-22,0.0005142999064865467,0.00022048800182517079,0.0005283782050008533
2021-08-23,0.0015766001602631132,0.0010643696078099286,0.0006172069887086977
2021-08-24,0.0007550643201451384,0.0006206920689630735,0.00025324306246954646
2021-08-25,0.0007514165900904435,0.0007242424003769681,0.000347794175837497
2021-08-26,0.0004127109375778407,5.312216060446551e-05,0.00024795423725401883
2021-08-27,0.001079295461146697,0.0006607684204596066,0.000886594926318214
2021-08-28,0.0013431202269342999,0.0011166665286788812,0.0014947486156944168
2021-08-29,0.00023294175632466226,0.00010904500226212478,0.0003257826318123777
2021-08-30,0.003187541405449873,0.0024020568715281397,0.0025459448958556844
2021-08-31,0.00041825499346579624,0.0003189635459286832,0.0003584737462739226
2021-09-01,0.0003124786206504323,0.00012060333663300238,0.00026043777551635136
2021-09-02,0.00040586124323416917,0.0002554149190784484,0.00040321676844963636
2021-09-03,0.0002865869196970009,0.0001846061794790659,0.0002408352937691863
2021-09-04,0.001012618055058515,0.0003417627520330414,0.0014394031998090785
2021-09-05,0.0008251437322384435,0.0005913544770429416,0.0006856980094310936
2021-09-06,0.0003985115425399087,0.00015561156555291052,0.0003763513892438057
2021-09-07,0.0005633280343448924,0.000237569191752582,0.00028321191585643904
2021-09-08,0.0018861661692220648,0.0015200996694999197,0.0011245465927856703
2021-09-09,0.0007692815327030097,0.0006438513778364112,0.0005885770280488623
2021-09-10,0.0003024818428987502,0.0002746975693704298,0.0002201017558150357
2021-09-11,0.0006913567942542099,0.00039905901058266474,0.0005131957251353152
2021-09-12,0.0008465247344122932,0.0008464692493624238,0.0003991764318906516
2021-09-13,0.002690460385205985,0.0025710552120662145,0.0007223071909922175
2021-09-14,0.003942764331842802,0.003351265733384016,0.0017810103104014105
2021-09-15,0.002004687900613894,0.0012738429012914734,0.0014457398358256703
2021-09-16,0.001204977177357712,0.0011423986403082912,0.0007281096697977331
2021-09-17,0.0010883916059007913,0.000883797764637079,0.00039271179288862017
2021-09-18,0.0009668891203964448,0.0002702602754834112,0.000910204766967012
2021-09-19,0.001124788739981352,0.0007582219377230388,0.0012867676543923381
2021-09-20,0.0007047353125724749,0.0007208349026843954,0.0003275631728408509
2021-09-21,0.0009053107581189821,0.0005006091457330366,0.0007440596553003498
2021-09-22,0.0005099842085398461,0.00020760441830441594,0.0005319913296394861
2021-09-23,0.0004845559356243261,0.00018623535829502335,0.0004237607832048124
2021-09-24,0.00046475004540284635,0.00034478540731266077,0.0002546771787028358
2021-09-25,0.0011219287946639222,0.00045427688778592077,0.0009237207967526668
2021-09-26,0.000510970153344423,0.0003726931172945567,0.0002168575680122505
2021-09-27,0.0006129925388088975,0.000551379589543472,0.00033941599760224764
2021-09-28,0.0007045522300412936,0.0006115695398825551,0.0003749131634297195
2021-09-29,0.000717633334564668,0.0006022642782208918,0.0007408747730294862
2021-09-30,0.0001905817533190266,8.586020855987424e-05,0.00017075375203288453
2021-10-01,0.0010023794641246002,0.00031781085332430295,0.0004537046536300666
2021-10-02,0.000571443975625704,0.00027655178488971327,0.00017551631084449843
2021-10-03,0.11702415382437295,0.10195271420193362,0.023893828412920735
2021-10-04,0.007582550386398961,0.004621781134024773,0.0009154521155627706
2021-10-05,0.0003087903560020707,0.00015820859826668366,0.00012575516843956497
2021-10-06,0.00016054337965227,4.821792078185364e-05,0.0001782295368715839
2021-10-07,0.00019928421437189533,4.776886205871038e-05,0.00022871094639453663
2021-10-08,0.0007400196317814498,0.0005657563283016769,0.0004082981378384345
2021-10-09,0.00027185812389283234,0.00019396725525840582,0.00010811944371932173
2021-10-10,0.0021789587632791776,0.0016451828961453682,0.0003849226149915216
2021-10-11,0.0007377956895746832,0.0005166946083962666,0.0008125716277737959
2021-10-12,0.000598143742913178,0.00046048588520957644,0.0005992221864955793
2021-10-13,0.00025678239742777986,8.176142453250424e-05,0.00018457202619816317
2021-10-14,0.0006645407906327465,0.0006269702704278303,0.00028064661330120963
2021-10-15,0.0002456422774956874,0.00012392796771935587,7.330078601362598e-05
2021-10-16,0.00022530469339776383,0.00013407334717711192,0.00026246563642818264
2021-10-17,0.0005315543250290609,0.0003077176260950378,0.0003316749219469579
2021-10-18,0.0003103449516342645,0.00012571302809640967,0.00014251437173829054
2021-10-19,0.00028109492445312117,0.00011235160187899686,0.00022833771118197315
2021-10-20,0.0002079530832351534,6.87932944815226e-05,0.00022411035475922443
2021-10-21,0.0006563235864613829,0.00015071293906574967,0.0006164301503255892
2021-10-22,0.00031567983274197984,0.0001849319210146068,0.00016881326007930545
2021-10-23,0.00023716697812783567,0.0001299257171258446,0.00016569036574639603
2021-10-24,0.00028533234019696664,0.00023521611164917561,0.00014778650483692564
2021-10-25,0.00016022897860640834,7.754066449665696e-05,0.00013154818814135316
2021-10-26,0.00594979036496312,0.006208104873371713,0.0004112596745062086
2021-10-27,0.0002255406615920474,0.00010715072614697786,0.0002103722065877914
2021-10-28,0.00019360128375455832,0.0001204804221967624,0.00012853864497917492
2021-10-29,0.0003808706799717281,0.000278859332381562,0.00019637942258296363
2021-10-30,0.000324282232807659,8.866040355149456e-05,0.0002826088127110489
2021-10-31,0.0001617058331489199,8.16599601045293e-05,0.0001827307286959338
2021-11-01,0.0002499567650291416,0.00015949419422264915,0.000162101720443086
2021-11-02,0.0003139512454793894,0.00019842668243717044,0.0001526410200794532
2021-11-03,0.00024244072088208427,0.00019369921140867952,0.0001754573956820772
2021-11-04,0.00016159264875982758,8.42071186933302e-05,0.00024579144472064
2021-11-05,0.00018557189224994167,0.00010290028077192503,0.00022152253845842757
2021-11-06,0.0001266516076737654,9.877821442313555e-05,0.000111536250340294
2021-11-07,0.0003099597374141289,0.00027435075923479783,0.00016725084831521983
2021-11-08,0.0008296899326139135,0.0006797493379000896,0.0001930747534916716
2021-11-09,0.0004388779545429226,0.00013595221417000758,0.00019783647839640494
2021-11-10,0.00022082358594238864,7.598170365037078e-05,0.00013016885555904416
2021-11-11,0.0002830662691018287,0.00010517953637951123,0.0002167605008347802
2021-11-12,0.00026198890310776246,0.00013454975132329045,0.00013670171507091262
2021-11-13,0.00011275003635032759,6.22439186345628e-05,0.00011853493560682488
2021-11-14,0.0005053931212589444,0.0004948209582009319,0.0002489410193063277
2021-11-15,0.0002899255989928648,9.16537471713161e-05,0.00011338593952724906
2021-11-16,0.00015602583062109316,0.00012909121018994172,0.00012126195998015773
2021-11-17,0.00031384907520135447,0.0001907177548734428,0.0001312463488714726
2021-11-18,0.00021359130652301266,0.0001486390139476453,0.00017508516692263694
2021-11-19,0.00041094025588276793,0.0003776974872967555,0.00017063865439719003
2021-11-20,0.00019154310702062895,0.0001504410351800214,0.00019147348216786363
2021-11-21,0.00019401431407703175,0.0001593666757242933,0.00018352221878235745
2021-11-22,0.0007671559110812769,0.0006580393690687992,0.0005259127839660016
2021-11-23,0.000250412496787293,0.00011134382705887907,0.00018663393579453506
2021-11-24,0.0002614104151881554,9.000627198425339e-05,0.00028050332761809496
2021-11-25,0.0003379596337761763,0.00016281416774717816,0.00020374459577890763
2021-11-26,0.00033988165945554225,0.0002895552379115504,0.0002655286829847737
2021-11-27,0.0002797486238654142,0.000204600356835869,0.0001396390391712887
2021-11-28,0.0004462230161319477,0.00022500548637580787,0.00016373562098475996
2021-11-29,0.0006303519799262061,0.0004594010354098103,0.00030786418031766833
2021-11-30,0.00018896568195031965,0.00012996930744884293,0.00016264392801536445
2021-12-01,0.0005804380810981815,0.0004227134866941241,0.0004658130697006688
2021-12-02,0.00016532716590522104,9.7335329546139e-05,0.00016790676907949296
2021-12-03,0.00027275628832571874,0.0001719484443378199,0.0003111497953149156
2021-12-04,0.00038874604404298007,0.00023719622743214802,0.00022007327816144697
2021-12-05,0.00022961051325236196,8.012050679094817e-05,0.00011098539724442358
2021-12-06,0.0003088569609465135,0.00021774541661489407,0.00015580391762291996
2021-12-07,0.0002199678828634729,0.0002281793969033291,0.00010063279200095692
2021-12-08,0.00035303811992503005,0.00025468561239469614,0.00025272238071403087
2021-12-09,0.0003607766644135086,0.0002757016246040871,0.0003026912012998573
2021-12-10,0.00021311384319904609,7.498836173085934e-05,0.0001318405078628075
2021-12-11,0.0002964894773837715,0.00014464008368882356,0.00018808425986725278
2021-12-12,0.00032491300986489446,0.00022567734464224435,0.0002449617450213277
2021-12-15,0.00034627420474909847,0.00010387128851201691,0.00019429711040938957
2021-12-16,0.0007641537093189935,0.00020332167273644436,0.0001677262952577199
2021-12-17,0.00040252473076315536,0.00032254419047737353,0.00034577058799644685
2021-12-18,0.0004143641784518207,0.00030957901480918327,0.0002546893357553587
2021-12-19,0.0003778184928391093,0.0001714498045880947,0.00024698555121652703
2021-12-20,0.004733432809314124,0.0022432206235375018,0.0019417870493307298
2021-12-21,0.00029410638082938656,0.00015148932529130115,0.00023436958069767607
2021-12-22,0.0042311585014005795,0.0031449152887831635,0.004094348901939179
2021-12-23,0.00045419938307197347,0.00043591481621837937,0.0003142704376504063
2021-12-24,0.00024283791599176338,0.00018559837419807374,0.00016130042387603273
2021-12-25,0.00020424951659177748,0.00011528270265762928,0.0002244390732155591
2021-12-26,0.000714734276606933,0.00017458733167571538,0.00038942710540087983
2021-12-27,0.0002770958107317694,0.00011785856525903783,0.0001956978836015728
2021-12-28,0.0003586793732597858,0.00022168957749100682,0.00041649720569584674
2021-12-29,0.00014900285125773807,5.034382115411441e-05,0.0001874136111105411
2021-12-30,0.00019880546785250308,0.00013939283392999684,0.0001958144264684255
2021-12-31,0.00032244951766301785,0.00018283750069699578,0.00034700438420772487
2022-01-01,0.000344593817808221,0.00025990723571597027,0.0003921622858296991
2022-01-02,0.0004447173119094868,0.0002995975864439568,0.0003080466599434611
2022-01-03,0.0002859703836620726,0.00014046922648219628,0.0002509750902102202
2022-01-04,0.00021226174956856682,0.00018477514167729571,0.00016698292200638181
2022-01-05,0.00024107225438843984,0.00017418578330816953,0.00025832580334028454
2022-01-06,0.0003563680493648779,0.00015606674133897925,0.00045561636639039935
2022-01-07,0.0003283441368209725,0.0002001449046147517,0.00031675506337267223
2022-01-08,0.0002393395192892917,0.00020065250134023024,0.0002016120629617807
2022-01-09,0.00026217248712449777,0.00019816444980568556,0.0001830157685693163
2022-01-10,0.0003045746724915519,0.00011992029822689404,0.00020689839221662705
2022-01-11,0.00042883461364293395,0.0003454347130461534,0.0003674846789552155
2022-01-12,0.0001703869692713629,0.00013373094347671273,0.00011014153710276061
2022-01-13,0.00039342118849531915,0.00038600989148002596,0.00022912927365218366
2022-01-14,0.00019808240540941207,7.819387700701206e-05,0.00016093506160299288
2022-01-15,0.00033041983684308277,0.0002700593232316515,0.00022589324821206523
2022-01-16,0.0024403934818120992,0.0023591228850290084,0.0003825243620298729
2022-01-17,6.129355704345636e-05,3.0435008228659974e-05,5.2309021034053e-05
2022-01-18,0.0003136653415205156,0.00016573686057558395,0.00024078854534012156
2022-01-19,0.0001306708052651967,8.549190739955262e-05,0.00013591453910572003
2022-01-20,0.0005322303656145506,0.00022346825164713658,0.00018470077732131784
2022-01-21,0.0003930928357909404,0.00018620195525444706,0.00014757390782308363
2022-01-22,0.0001267078192955287,2.7280056648083905e-05,0.00012173237484009017
2022-01-23,0.0001906349322411205,7.548408614220383e-05,0.00013605041648020492
2022-01-24,8.850865473770096e-05,5.611130449498906e-05,7.12804751694693e-05
2022-01-25,0.000136141017059228,4.2876943374276565e-05,0.0001234163937793198
2022-01-26,0.00015205652428928215,0.00013599428313734903,0.00011321299461819834
2022-01-27,0.0002695579533677343,0.00018541511658671348,0.0001548748665830328
2022-01-28,0.0001417354054093854,7.153059366761927e-05,0.00012769242824442535
2022-01-29,0.0001217321619220397,5.586323940742685e-05,0.000149937355854782
2022-01-30,0.0026984103975907165,0.0008436500455706685,0.001422247395891069
2022-01-31,0.0002640195837472675,0.00011373500891895257,0.00013347936062704959
2022-02-01,9.045671665232504e-05,5.061962424656396e-05,7.733667315126935e-05
2022-02-02,0.00010178276351377145,6.401813200370145e-05,0.00010984921733043113
2022-02-03,0.00033483293386923267,0.0001806030539351542,0.00017145295738747631
2022-02-04,0.0001318974076541809,9.880933082512503e-05,0.00011233971719840399
2022-02-05,0.00013720838957781726,5.3792071652657124e-05,0.00011456593581025619
2022-02-06,0.00015338556298325525,9.849999563384018e-05,0.00011423018370898869
2022-02-07,0.00019656977396849572,6.826903872372466e-05,0.0001313977036588642
2022-02-08,0.0005937182695879921,0.0004731973615115806,0.000511333166401939
2022-02-09,0.0001543762199191435,0.0001381615688860183,8.119100505659921e-05
2022-02-10,0.0002450419892969157,8.857700833419145e-05,0.0001925882984143621
2022-02-11,0.00011051177234988389,6.830500768092338e-05,7.506989274624452e-05
2022-02-12,0.00011449894632972765,9.063046486272734e-05,3.744358436180519e-05
2022-02-13,0.00013831366555771643,9.431289406737364e-05,9.715286650174295e-05
2022-02-14,9.923072538246385e-05,5.508152874544078e-05,5.410371221703071e-05
2022-02-15,8.365935779027152e-05,6.308868532721454e-05,7.320640897122249e-05
2022-02-16,9.155800932891055e-05,8.434187871481861e-05,6.106642175077627e-05
2022-02-17,5.881490042789455e-05,1.7184112153428902e-05,7.242178424833336e-05
2022-02-18,0.00016136450704647178,7.989776781015116e-05,0.00011368460244118349
2022-02-19,0.00024211909721507605,4.612252714764512e-05,9.052778889532284e-05
2022-02-20,5.2841070344985436e-05,3.913306159347077e-05,3.2087756045710554e-05
2022-02-21,0.0002589292080384595,0.0001284428491607385,0.0001860497052369579
2022-02-22,0.00011179117292398877,3.3364833189123226e-05,6.0807011237705884e-05
2022-02-23,0.00022954881609759862,7.530422282118964e-05,0.00011447359981139169
2022-02-24,7.620196610566286e-17,2.2559553712886495e-17,1.3786207570345987e-16
2022-02-25,8.694351967385646e-17,3.001848197264361e-17,1.4631234393420817e-16
2022-02-26,5.715115040159242e-05,2.448192500390886e-05,3.703065250301253e-05
2022-02-27,8.28401423746015e-05,5.1732370806940165e-05,5.435059905924311e-05
2022-02-28,0.00012548488606858825,3.666378436270671e-05,0.00010080166687963566
2022-03-01,0.00033197288280854484,0.0002123660952885248,0.00042025742828880514
2022-03-02,0.00016742923060506813,8.672381461558575e-05,7.804680146888298e-05
2022-03-03,0.00011595235892034085,8.738114099766615e-05,0.00010141558076108364
2022-03-04,4.755273645475598e-05,1.4329748753209018e-05,2.7749248891289456e-05
2022-03-05,0.00013961331638182405,9.420635910070334e-05,0.00011727853767135905
2022-03-06,9.855322536552735e-05,5.509246183108977e-05,7.156104627763766e-05
2022-03-07,8.815801019026927e-05,3.731891730231385e-05,4.242334393792028e-05
2022-03-08,0.00015796671390652181,0.00011231262205974031,6.466059801696002e-05
2022-03-09,0.00019400311744374895,0.00010309899959872617,0.00011681291004958288
2022-03-10,0.00019623864386117434,0.00018593121382469866,0.00012316168887055153
2022-03-11,8.873141690415297e-05,7.139829770135295e-05,6.792787419635478e-05
2022-03-12,8.203093994911215e-05,4.319425999179963e-05,7.798549428885707e-05
2022-03-13,5.841235064563352e-05,3.862558070446406e-05,6.358192637162696e-05
2022-03-14,0.00019031955819319885,0.00017509256332893828,0.00013723865275296152
2022-03-15,5.484411520113916e-05,2.3090311014177097e-05,4.456542487659465e-05
2022-03-16,6.248511048310981e-05,1.7491091375925258e-05,7.67332809703113e-05
2022-03-17,0.00035049157428585143,0.00031660372142791165,0.00027998990272171397
2022-03-18,0.0001221979679992823,3.575884968421014e-05,0.00011385897576634874
2022-03-19,0.00010211927774753034,7.901659685126563e-05,6.969520993264473e-05
2022-03-20,0.00011165113018329395,6.906721953925812e-05,0.00011676166301836935
2022-03-21,5.909969363452326e-05,1.9445916555303172e-05,7.911528784102902e-05
2022-03-22,8.373442048611077e-05,3.700559153734246e-05,0.00011400456540610146
2022-03-23,0.0001239712161529241,9.065545705561104e-05,8.287801803733754e-05
2022-03-24,0.00014995141572421777,5.778216042661819e-05,0.00014141818506618425
2022-03-25,6.725186579454071e-05,3.3554229096472225e-05,4.907719195549922e-05
2022-03-26,0.00013774350607611508,0.00011386265830004799,0.00011440981115684708
2022-03-27,6.210160568809143e-05,1.9141840388992427e-05,8.317591058918571e-05
2022-03-28,0.0001244446563805008,6.457353177032263e-05,0.00010601221192743525
2022-03-29,0.0001529376710114791,0.00013284905639017496,9.973168692673716e-05
2022-03-30,0.00012456764493269594,0.00011635330508998003,5.217485425883763e-05
2022-03-31,0.0004347786574277989,0.00032830705471167195,0.0004765172340679244
2022-04-01,8.719949290199484e-05,6.684269695616777e-05,9.623711453440756e-05
2022-04-02,7.033384017360581e-05,5.2380596073252656e-05,5.970058673956012e-05
2022-04-03,0.00013837739904789875,7.75121432801737e-05,6.769007914715566e-05
2022-04-04,6.547787665666047e-05,5.709740074929913e-05,4.432206874162155e-05
2022-04-05,5.13894291433682e-05,4.309478399854873e-05,4.173183084245156e-05
2022-04-06,0.000103697564267512,3.7054721786763714e-05,7.181695465029834e-05
2022-04-07,0.00014724058623876668,0.00014113700648802344,0.00012441875828397925
2022-04-08,8.673580290412483e-05,7.905508418180009e-05,5.226337177273443e-05
2022-04-09,8.667481374873565e-05,5.639029754530677e-05,4.623747774436451e-05
2022-04-10,0.00010322667313917087,6.012422777476832e-05,6.614924532667002e-05
2022-04-11,0.00013242246700437074,8.244928863566376e-05,6.149631728079305e-05
2022-04-12,0.004728964794884889,0.0047144649703386955,0.00013220271074181414
2022-04-13,8.688638002510002e-05,7.563722912259794e-05,4.8106964619284944e-05
2022-04-14,0.00013958423218538807,0.00010806056936791186,0.0001170832706096911
2022-04-15,5.813414868485488e-05,2.4367517249001544e-05,2.8878426667875252e-05
2022-04-16,8.580069158572625e-05,5.4157462943752265e-05,3.070780131331741e-05
2022-04-17,7.708280662222166e-05,4.8938846399081625e-05,6.404036902486991e-05
2022-04-18,0.00021175623584090205,7.329071311944888e-05,0.00028824452663202564
2022-04-19,4.736214932578461e-05,2.620077407646184e-05,1.7834148853895402e-05
2022-04-20,7.144905767788897e-05,4.6940083219892804e-05,8.064632442119782e-05
2022-04-21,9.197589150213494e-05,3.7624420097431584e-05,0.00010121581349203872
2022-04-22,8.66809754358368e-05,2.4966768193497435e-05,4.800089125179134e-05
2022-04-23,8.034056020939856e-05,7.32462416833749e-05,5.0309169658911413e-05
2022-04-24,0.00010671202364605154,8.544825145207935e-05,5.6542622085680354e-05
2022-04-25,0.00014526915092878218,0.00011537623585318188,0.00011041285218369703
2022-04-26,7.809726702588463e-05,5.3523678596092176e-05,5.291136406525685e-05
2022-04-27,0.004261669970568996,0.0014281419783349456,0.007928812447334916
2022-04-28,0.006305620325449405,8.007500501815471e-05,0.012258897399281465
2022-04-29,5.841094594378632e-05,5.6147683019950314e-05,3.96438451852176e-05
2022-04-30,0.00016741233136771758,8.21916536441898e-05,0.00016421369007968802
2022-05-01,9.34616598880028e-05,4.317036485234683e-05,6.973352557296925e-05
2022-05-02,0.006513806542828825,0.0001389921375449172,0.012887023771392241
2022-05-03,0.006281959436403785,7.424195971314326e-05,0.012523956368844508
2022-05-04,0.006760970228638214,0.0003033522608888683,0.01312540455650556
2022-05-05,0.0066772785429605715,0.00011607868459569558,0.012836936020584708
2022-05-06,8.318047656308919e-05,4.174660555434821e-05,9.698144706531347e-05
2022-05-07,0.00015804837412417534,9.758445838545171e-05,7.842646451762662e-05
2022-05-08,0.005543446865419136,0.0002155424599049099,0.01111015260551549
2022-05-09,0.006180691613467685,0.00011678612040108516,0.011648163357015172
2022-05-10,0.0069765612612866755,8.651169659277924e-05,0.013386328456032725
2022-05-11,5.522880488396744e-05,4.122804248049658e-05,1.8514381425268705e-05
2022-05-12,0.006576782943620558,9.418025095755119e-05,0.01225994160939253
2022-05-13,5.262278440540649e-05,2.9104388576991335e-05,3.711012797290171e-05
2022-05-14,0.00015215367387627694,6.551506954868922e-05,0.00010688329899230087
2022-05-15,8.974491923474626e-05,6.134666847561935e-05,4.310041925919093e-05
2022-05-16,0.005976593779072073,0.0002678442910125767,0.011640414529178194
2022-05-17,0.0070953917408956586,0.0001013047356257918,0.01505907325478774
2022-05-18,0.006359624236182831,0.00015159784186679755,0.014171942567264938
2022-05-19,0.006578883520729182,0.0001192468654668325,0.012895399478598916
2022-05-20,7.788289277118507e-05,3.619322957884141e-05,5.5254052786080076e-05
2022-05-21,0.00016026546487540758,8.502363399050836e-05,9.155155010285542e-05
2022-05-22,0.0069446621021888215,0.000273093290727205,0.014658700153917882
2022-05-23,0.007227277394412191,0.0001187598674142503,0.01500223530394283
2022-05-24,0.006936030855928234,0.00018772894891672313,0.013951881476790315
2022-05-25,0.006840097703018746,0.00017739350206647043,0.014018151638682306
2022-05-26,9.936068392548041e-05,3.6987091229705156e-05,5.479366006619153e-05
2022-05-27,0.00013697543636907798,0.0001231446240715545,0.00010805921624576636
2022-05-28,0.0006808136317371089,0.0001632809233882618,0.00018086996746479066
2022-05-29,0.007026802509845412,0.0014230008742480815,0.014168945225903506
2022-05-30,0.005931933791637593,0.00011362898827533451,0.012307795366920078
2022-05-31,0.007926758159391827,0.005974061006496273,0.008846379612170566
2022-06-01,0.0006707727762207062,0.00048694062728395427,0.0006124918148927009
2022-06-02,8.355743034547517e-05,4.52465026708404e-05,7.51270468532525e-05
2022-06-03,0.0002542655887521719,0.00014300723669635184,0.00032172208492633054
2022-06-04,0.0006056346285172358,0.0003560388881243407,0.0003304315234787533
2022-06-05,0.005478078270823224,0.0017985043840161332,0.012049777566417735
2022-06-06,0.007731006155830835,0.0001483530735627403,0.016088299613309553
2022-06-07,0.014111491981764515,0.01394333612703448,0.0025711372501280587
2022-06-08,0.02745306507416144,0.01866226283839962,0.01970740440149848
2022-06-09,0.00838027921845516,0.0002756144696330137,0.01842945314999676
2022-06-10,0.00015383583997466532,7.420000636707064e-05,0.00011933617765417892
2022-06-11,0.008123647823614171,0.0002649494986771975,0.018155214861733722
2022-06-12,0.0001740761358387456,0.0001413380101470955,7.359241563456527e-05
2022-06-13,0.008124558386821154,0.00027550812628587265,0.017588754527045565
2022-06-14,0.007837342563453887,0.00012617355155909295,0.017367527369724897
2022-06-15,0.008816577366069285,0.0001817009751103343,0.01964038703661727
2022-06-16,0.0077661804422429655,0.00029427948266420894,0.01740657260633618
2022-06-17,5.487745256839859e-05,3.709419394958395e-05,3.113854123095753e-05
2022-06-18,0.00018452734289409108,7.227955883798312e-05,0.00012448429838907642
2022-06-19,0.007271498820398468,0.0002465355897900299,0.016457324245562028
2022-06-20,0.04813117292597183,0.03242999254555043,0.017375001293930933
2022-06-21,0.007948628222663836,0.00020737030194032795,0.017509731007738973
2022-06-22,0.009018476794902976,0.00012838061404788954,0.020098238744436153
2022-06-23,0.007933003287969077,0.00018034865479980535,0.018533335032396226
2022-06-24,7.985362325579084e-05,4.6716901605089705e-05,3.373661339804237e-05
2022-06-25,0.00011536851711932152,6.3640211325772e-05,6.595743757721875e-05
2022-06-26,0.009881972830126427,0.0019198918204164548,0.01964635003317215
2022-06-27,0.009915098060458446,0.0006075411247386641,0.012231648242545738
2022-06-28,0.01369400783948438,0.0008052028278647043,0.012122520534188755
2022-06-29,0.00892198354913939,0.0005505516932007984,0.0109056133604124
2022-06-30,0.006425194960505066,0.003108382054959431,0.009506383758929364
2022-07-01,0.0003667593598941254,0.00025322845252638164,0.0002808066156929227
2022-07-02,0.00032990376614636124,0.0002774898317753634,0.00014260367086803193
2022-07-03,0.00018846413867145076,6.967013333245718e-05,8.5505429402648e-05
2022-07-04,0.00019588330512704916,0.00016155662989250148,0.00014004368798128407
2022-07-05,0.0002153521343227387,0.0002107646293180288,8.882728627939646e-05
2022-07-06,0.06644191782505564,0.012920784692383246,0.0871558459721639
2022-07-07,0.09204721517334828,0.018419841465342295,0.11765683136015616
2022-07-08,0.00011311147753150419,6.001090324700863e-05,7.304013739626996e-05
2022-07-09,0.00010810833448143051,2.5163567588310258e-05,9.426551224405335e-05
2022-07-10,0.0003058147701263929,0.0001102382411608122,0.00010598389233076835
2022-07-11,0.0001093953641906552,3.779461996497091e-05,6.592062966143639e-05
2022-07-12,0.00041435323400997395,0.0003367613202259191,7.57420323227153e-05
2022-07-13,0.0003933175792795414,0.0002989500276028456,0.00011296153798281691
2022-07-14,0.0012147197107933287,0.0011396970006068976,0.0004061762686054646
2022-07-15,0.0011176817282354241,0.0012022473960481078,0.0003285759294668771
2022-07-16,0.0008219171934497378,0.0008734913853625586,0.00030363133658621984
2022-07-17,0.0007641000308906544,0.0008009156669163603,0.0002500237302047118
2022-07-18,0.00028586682567067405,0.00029715052789750646,0.00014350092359103345
2022-07-19,0.0005706526488592185,0.0006129454897338301,0.0001473097978996312
2022-07-20,0.004494736136824713,0.004998528559671203,0.0011320932919897083
2022-07-21,0.0002531650757313114,0.00017725339538488487,0.00015671624601704245
2022-07-22,0.00016738731970631555,9.549534424563045e-05,0.0001526731085745489
2022-07-23,7.361522724266871e-05,4.78062497581397e-05,6.229347818153585e-05
2022-07-24,0.00010935491714425824,3.830209210254508e-05,0.00015064088118840597
2022-07-25,0.0003263066420210739,0.00011718092879666311,0.0002069954183935103
2022-07-26,0.00021872330715517934,0.00019295910515141495,0.00012097155923823533
2022-07-27,0.0003611009993080845,0.00035555439238707347,0.00019045338384869495
2022-07-28,0.000354963452178561,0.0002276240626578688,0.00023817251563494157
2022-07-29,0.00011789106800384596,7.224569194601762e-05,0.00015845469458651792
2022-07-30,0.0004049558379169067,0.0002534466574105165,0.0001820328522756905
2022-07-31,0.0003158851305460547,0.0001248353858473055,0.00022100771588757907
2022-08-01,0.0003063229157148545,8.893934952370673e-05,6.210178457493895e-05
2022-08-02,0.00041810721728377563,0.00038018952390679047,0.00019885997473316944
2022-08-03,0.00015710362675599768,0.00010740127972134217,6.141943862951886e-05
2022-08-04,7.825712184001515e-05,5.152203482949856e-05,5.729027170679639e-05
2022-08-05,0.0001452829607042824,0.00012000375529724895,8.343917964404473e-05
2022-08-06,8.636432497950972e-05,4.387964317854163e-05,5.730231966571628e-05
2022-08-07,6.928836468823518e-05,2.8653967866512134e-05,3.0037963076895004e-05
2022-08-08,0.00013755636568957996,5.144351893651536e-05,8.071312889326753e-05
2022-08-09,0.00012524227852049225,2.2822908723194836e-05,5.55624404372531e-05
2022-08-10,0.00041772528869042625,0.0003106793008687497,0.00012317798860924766
2022-08-11,0.00010958115140119831,7.893970382298108e-05,5.022356025038018e-05
2022-08-12,0.0001767384200717315,0.00011245115479445252,8.694184203030965e-05
2022-08-13,8.828677357968942e-05,4.793601572222645e-05,5.0905274984776514e-05
2022-08-14,0.00012763197446258887,4.9788684807733596e-05,0.00011919214391706882
2022-08-15,0.0003729249843798506,5.1582004548718005e-05,0.00022807939507554537
2022-08-16,0.0007213732286282085,0.000200656897907172,0.00019810723469417972
2022-08-17,0.0007593506215079122,0.00042299103750952256,0.00011597741588742349
2022-08-18,0.0005156029147624289,0.00034232360622680244,0.0002815263985027411
2022-08-19,0.00013651904830688788,4.1465829743291074e-05,0.00016885669704037152
2022-08-20,3.48299769115974e-05,1.1669592292338838e-05,2.8856513588525505e-05
2022-08-21,0.00019426802076809803,0.00010883732042975486,0.00012890942459383876
2022-08-22,0.0006134018566284909,7.346638649252079e-05,9.508294294366802e-05
2022-08-23,0.0005323222035125376,0.0002576194778059518,0.0002698718304750883
2022-08-24,0.00014706789260797884,4.724289902066813e-05,4.533913460209293e-05
2022-08-25,4.730691521855105e-05,1.8775800142126346e-05,2.766513497959285e-05
2022-08-26,0.00012363902421804918,4.802293399075953e-05,7.054977867338736e-05
2022-08-27,0.00011364001111275572,9.561481082636327e-05,7.75639786861012e-05
2022-08-28,0.00023987813547614355,0.00013027888347383424,0.00015744181519685075
2022-08-29,0.000810678666982242,0.00024933970274009507,0.00022464694021235226
2022-08-30,0.0002876743268699718,0.00031784168975915476,4.936086072742891e-05
2022-08-31,0.0002731798250966363,0.00012164727090818917,0.00021182194757198749
2022-09-01,6.93945028218722e-05,2.7011798780458034e-05,3.844546508537564e-05
2022-09-02,0.00010377998399267019,6.92499121664064e-05,7.55748317548687e-05
2022-09-03,0.00013888894840361466,2.905244778173677e-05,6.110903766792917e-05
2022-09-04,0.0009610615462787257,0.0005942590221929465,0.0006989024639184385
2022-09-05,0.0002390382414632204,5.315670695700155e-05,6.122198057723847e-05
2022-09-06,0.00021270318898769974,5.531317713215624e-05,0.00018945581497089643
2022-09-07,0.0002880206401810977,0.0002734038198216952,0.00011866741364462496
2022-09-08,0.0009799215268400333,0.000886421268944483,0.0007017114256135218
2022-09-09,0.00011707006151433779,4.8691711689859496e-05,8.030078949388906e-05
2022-09-10,0.0007728523950971636,0.0006270403917635089,0.0009103975899655156
2022-09-11,0.0001760780358830669,4.1246152793773264e-05,6.143807866313397e-05
2022-09-12,9.931038114481894e-05,7.33944711808444e-05,5.013375400059129e-05
2022-09-13,0.0008087752345582965,0.0005448001257011754,0.0006803843172111686
2022-09-14,0.0003193580001288978,0.00032108189414182235,0.0001426239742929221
2022-09-15,0.00014877921076765583,7.808413526184194e-05,9.584602031807367e-05
2022-09-16,0.00014560829392927635,6.599072633334637e-05,0.0001338779640012855
2022-09-17,0.00031782494548277684,0.0001720920634045815,0.0001836759216995029
2022-09-18,0.00025716783969323024,7.804098597746609e-05,8.74340851604503e-05
2022-09-19,0.0001546076994644618,5.3592998917766495e-05,0.00012224736726113662
2022-09-20,0.00044549360898604094,9.098042882482058e-05,0.00011776564957679141
2022-09-21,0.0003582748971901214,0.0003484947883566183,8.99947398146444e-05
2022-09-22,0.002688752684799011,0.0022236844612960618,0.0030344390161445977
2022-09-23,0.00043693492357313804,0.00014189864657966733,0.00019997831079326966
2022-09-24,0.00028835829551017666,0.00010558133797724701,0.0001344557643788231
2022-09-25,0.0002618356882625097,0.0001866761685061829,0.0002596991508429832
2022-09-26,0.0003789101580250274,0.0001465024313558134,0.0005185426932025811
2022-09-27,0.0002580011254883325,0.00010677689376308737,0.00022881081952413256
2022-09-28,0.0005295327266656934,0.0004865133254029037,0.00032121457002802435
2022-09-29,0.000327495729009021,0.00028873210767145583,0.00019295338452948537
2022-09-30,0.0002934558567683328,0.0001491156085924354,0.00024245095772802523
2022-10-01,0.00022254696824699672,0.00014517116006569698,8.038793923572297e-05
2022-10-02,0.0002800794214837714,0.00022120342610908912,0.00024168127059135888
2022-10-03,0.0004507155743447074,0.0002715126661160809,0.0002190387070739062
2022-10-04,0.0003555139119104212,0.00024905213953096115,0.0003607934835326121
2022-10-05,0.0005994253212522067,0.0006266625760252422,0.00019065646431158046
2022-10-06,0.00021689875381284017,0.00013291149470823305,0.0001315936830620668
2022-10-07,0.00047679130679976914,0.00024410475092254862,0.0002511926890682671
2022-10-08,0.00043009215204477773,0.000134903129982616,0.00013035419778500022
2022-10-09,0.00016671668667532128,7.32996207958357e-05,0.00011821373838761445
2022-10-10,0.00023475827284471894,0.00018136080841753548,0.00024383272302065537
2022-10-11,0.0005798810763673038,0.00037983649800088444,0.0005539435656665456
2022-10-12,0.0005176404643337935,0.0005308334136226569,5.4056183621566e-05
2022-10-13,0.00025733873258218916,0.0001450094848748409,0.00017488718763320586
2022-10-14,0.00029140482558291506,6.636975582972291e-05,9.595021955131943e-05
2022-10-15,0.0002386394335898491,0.0001646045385338527,0.00026891769128895856
2022-10-16,0.00035335103879513113,0.00011618545857374872,0.0001564838631123024
2022-10-17,0.0003292226872053978,7.591327254509672e-05,9.975742636721154e-05
2022-10-18,0.0005956781823406356,0.00021731367391594061,0.0003070107395020775
2022-10-19,0.0004031629505558409,0.00019667351155764444,0.0002262967454306333
2022-10-20,0.0001531364743004217,7.58146431390603e-05,0.000135870239235002
2022-10-21,0.00010489196237010924,6.712869935952644e-05,9.081437365211778e-05
2022-10-22,0.00014721105559807664,0.00010476778990985692,0.0001459087061285875
2022-10-23,0.00014691430017542778,6.24164925462027e-05,9.716426316499877e-05
2022-10-24,0.00035928838967432946,0.00027843978137430636,0.00016850118361535525
2022-10-25,6.041822478507494e-05,2.7643902374445727e-05,6.86731530696332e-05
2022-10-26,0.0005616540899012001,0.0005809134641672061,8.791701805461468e-05
2022-10-27,0.0001481034430591056,0.00010884093008372012,0.00011357560799216048
2022-10-28,0.00018597258536202154,9.667214160010549e-05,0.0002815536160666623
2022-10-29,0.0002641739323442149,0.00014173036912921007,0.00021989685768685738
2022-10-30,0.0003713636273580689,0.00010684178561451415,0.0001689795968267297
2022-10-31,0.00015763379757607809,0.00010834963666886085,0.0001480918488052242
2022-11-01,0.00046606488928062795,0.00021833771650610052,0.000297915729987035
2022-11-02,0.0003657479646321822,0.00037347955713409344,0.00014856558815189706
2022-11-03,0.00024433858393621414,0.0001554509609177338,0.0003080246592618989
2022-11-04,0.0001323022117097736,7.276445933799187e-05,4.121103456612871e-05
2022-11-05,0.0002167213252656915,0.0002196892962353822,9.640294836627317e-05
2022-11-06,0.0002676007171513485,6.521295368683573e-05,0.00012838736349312266
2022-11-07,0.0002478358919806174,0.00012272706056114623,0.00014339843319050518
2022-11-08,0.00012171682051340536,8.864325796004567e-05,9.289375452915841e-05
2022-11-09,0.00022468549693193695,0.00018854816173775792,0.00016549562918343814
2022-11-10,0.0005596040737881567,0.0005632457083492625,0.0001983658888584025
