,date,region,pop_mid,pop_low,pop_up,mil_mid,mil_low,mil_up
329,2020-05-12,North East and Yorkshire,2441.7900362476257,1810.7926708544412,3286.399318424512,285.24958052879515,211.53655396989424,383.91672220569365
604,2020-05-12,Northern Ireland,433.22026417755296,119.16029153126499,1519.4307580460004,230.23558938646198,63.32792397014783,807.503861285826
549,2020-05-12,Wales,1849.0913360419843,1080.3922180082236,3451.154823193748,589.1394483907105,344.2240320726532,1099.5732926851701
494,2020-05-12,Scotland,1469.9680627250787,823.5748348970072,2864.171647069177,270.309126850385,151.44532739320852,526.686093869031
439,2020-05-12,North West,2490.8527925022527,1848.3437524783972,3348.595927295457,356.23901954571375,264.3480851812539,478.9124967903637
384,2020-05-12,South West,723.3122292053052,473.8013714202139,1102.086414448808,129.13850012003184,84.59140602011512,196.76397110131836
274,2020-05-12,Midlands,2276.8331778602005,1655.0984305311595,3126.766428871503,216.06590766906075,157.0647986649773,296.7224973233198
219,2020-05-12,East of England,1420.7891630554361,1045.5432800696954,1927.4448583808282,219.05367766539484,161.19921703588503,297.16857061155855
164,2020-05-12,London,1243.6664740871022,886.8466199301733,1741.6807665184072,139.94851507743144,99.79594219726029,195.98955354335823
109,2020-05-12,South East,1251.0200530744287,950.1990396942613,1645.5554532723963,141.52028278652577,107.49023284682448,186.15167080312506
54,2020-05-12,England,10835.299975526385,9614.889873890803,12207.868615992611,193.82148166466246,171.99082679845617,218.37394335769383
659,2020-05-12,UK,14587.579638471,12944.539797450016,16435.47073491443,,,
548,2020-05-13,Wales,1942.9710543956646,1062.0058070619784,3558.0490811568716,619.050488698947,338.36593312879995,1133.630898680626
108,2020-05-13,South East,1227.811329075645,929.9551925153067,1619.5767997810133,138.8948211279772,105.20016965366285,183.21286388354088
493,2020-05-13,Scotland,1508.120171045219,788.8621394626304,2888.6970272604613,277.3248323946266,145.0620877627536,531.1960109708283
273,2020-05-13,Midlands,2484.9517111282494,1835.5838578709909,3358.370796009482,235.81584817000493,174.19242490409803,318.7011860970032
163,2020-05-13,London,1143.4395294631386,806.6416769123123,1618.7152075919105,128.67007961010268,90.77056207236876,182.1523650881001
218,2020-05-13,East of England,1342.8991793665539,980.3185402350443,1836.4910464199857,207.04479709112655,151.143031707991,283.145542054061
328,2020-05-13,North East and Yorkshire,2120.8264894783165,1542.0347081825435,2911.3024198475573,247.75466257029825,180.14028525805082,340.09795343835407
658,2020-05-13,UK,14921.104798416765,13225.036049524682,16830.94538124975,,,
53,2020-05-13,England,10499.544911129711,9306.070953139311,11843.44385450291,187.81550636127767,166.46668432696652,211.85512547662324
603,2020-05-13,Northern Ireland,970.4686618461717,417.64113010006105,2182.7835470037708,515.7570936009361,221.95603412772644,1160.0437421863444
383,2020-05-13,South West,667.4742307433764,432.6953525565353,1027.7108414949869,119.16931243050446,77.25243205061174,183.48512754108006
438,2020-05-13,North West,2582.546922315732,1929.767013752864,3447.8223708850383,369.3530128740938,275.99315021759094,493.1037533285915
602,2020-05-14,Northern Ireland,1059.766682133305,517.5809044072085,2114.28311476046,563.2146666461022,275.0691840502926,1123.6390799512872
547,2020-05-14,Wales,1873.8489487962363,1013.5785287226311,3216.2589458613897,597.0274775200513,322.9365059870469,1024.7330590507102
107,2020-05-14,South East,1119.6727111858183,843.0525620576424,1485.7340378287909,126.66175760009637,95.36940410595031,168.0720470166499
272,2020-05-14,Midlands,2320.7012496618568,1707.6976748891261,3148.5427386952483,220.22888054018884,162.0563384867888,298.7890159393969
217,2020-05-14,East of England,1249.2322529625646,908.0172075126446,1715.8774018609276,192.60346741467887,139.99579519691616,264.5496355646916
437,2020-05-14,North West,2347.633589847304,1741.9183563381632,3156.548029818385,335.75596711985594,249.1272423880213,451.44601827787017
657,2020-05-14,UK,14226.244302815048,12593.819957133295,16066.80112469222,,,
327,2020-05-14,North East and Yorkshire,2208.948593946194,1631.9894756935919,2984.408427047588,258.04907485048153,190.64878898612878,348.63818727434347
492,2020-05-14,Scotland,1469.634148885926,764.0209142634654,2627.327410235781,270.24772418416836,140.49409063155613,483.13333889332324
382,2020-05-14,South West,600.303333477633,384.81061061476004,934.782245074993,107.17677508028537,68.70320046940418,166.89386988583107
52,2020-05-14,England,9822.994522999581,8695.831579251313,11093.869618051294,175.71339576495205,155.55074292393752,198.44676673668425
162,2020-05-14,London,1038.5680140824113,724.0383439843674,1487.8049907938118,116.86899535057405,81.47529358633983,167.42117241620102
216,2020-05-15,East of England,1000.8329247247108,710.0733623699292,1408.4982530105135,154.30588759425035,109.477314075837,217.15869625843868
491,2020-05-15,Scotland,1373.2269890292962,808.4759740700275,2443.1783805803143,252.51962800045902,148.66883177397023,449.27058726031413
51,2020-05-15,England,9108.201554287429,8060.743739997633,10289.680127062202,162.92720317294297,144.19031300788646,184.06145215981815
546,2020-05-15,Wales,1776.1259078706744,1098.5858893906682,3005.005227438942,565.891915255624,350.0207222163638,957.4254595200715
656,2020-05-15,UK,13223.043279064777,11702.37205447722,14938.282254396252,,,
381,2020-05-15,South West,578.6868219088981,375.08262647540585,891.3185718355811,103.3174128725141,66.966388577909,159.13396573211367
106,2020-05-15,South East,1094.8216655089946,829.1428339976763,1444.4105866428283,123.85051008805053,93.79588124858893,163.39737654819444
271,2020-05-15,Midlands,2239.4724267648567,1660.0015198588817,3016.5926504654813,212.52046363956015,157.53008986693195,286.2672748396949
161,2020-05-15,London,1015.6288706357645,712.3046385656336,1446.3245987617395,114.28767702335702,80.15491172840385,162.75342636798544
601,2020-05-15,Northern Ireland,965.4888278773782,471.2165279163299,1931.5507815330714,513.1105530217955,250.42876338996476,1026.5256946380637
326,2020-05-15,North East and Yorkshire,1939.320589621728,1421.5765975059578,2641.065157333292,226.55116799090487,166.06838512261155,308.52887311976
436,2020-05-15,North West,2206.317338590651,1636.8110620324328,2967.3674958215206,315.54507270446464,234.09491306559616,424.38962692827306
105,2020-05-16,South East,922.2348637308241,683.0187775406166,1244.1956736264467,104.32681585721501,77.26575629903544,140.74828228425764
435,2020-05-16,North West,2191.813578364629,1631.6913734633952,2937.854771057553,313.4707609112519,233.36270085229182,420.16874957828065
655,2020-05-16,UK,12458.855673315398,11001.12403348679,14106.942930057801,,,
160,2020-05-16,London,1045.2441299222235,737.2974043731147,1479.9950244240165,117.62025183109664,82.96732207741033,166.5423248963627
215,2020-05-16,East of England,978.7409348110347,694.3714827841679,1377.5178081160714,150.89980049605595,107.05643801698294,212.38220966471818
545,2020-05-16,Wales,1714.993906915024,1076.0506965463844,2965.2112207410064,546.4146332955431,342.8407788447844,944.7466811934906
50,2020-05-16,England,8598.063018716179,7592.05822724342,9735.435379820303,153.8018622001973,135.80648231358487,174.14714075561886
490,2020-05-16,Scotland,1335.7743827833551,798.1915053249961,2427.3507831708366,245.63255232219987,146.77764390595908,446.36008590699635
325,2020-05-16,North East and Yorkshire,1842.9784195281013,1345.3760472601198,2520.381847773554,215.2964887603054,157.1666471881365,294.4306652813646
270,2020-05-16,Midlands,2062.0873532196165,1517.0956110293405,2798.6962056653024,195.68705340327946,143.96866815067534,265.5894344158047
600,2020-05-16,Northern Ireland,810.0243649008403,373.6312219339445,1715.1907706786217,430.4887201534621,198.5668993542037,911.5408272674098
380,2020-05-16,South West,533.3121645572248,341.8245386620688,830.7181510533602,95.21632601505372,61.02856614983612,148.3145061260498
159,2020-05-17,London,863.8769104245432,590.1879431628224,1262.9474154157242,97.21118430271906,66.41324501640925,142.11817966553286
544,2020-05-17,Wales,1589.1136285518348,962.7779661545487,2617.5264508255395,506.3078866396957,306.750926169578,833.9707505678558
489,2020-05-17,Scotland,1190.7807995223875,679.4696959576216,2084.442905357402,218.9700078193464,124.94615692201718,383.3035261134224
599,2020-05-17,Northern Ireland,780.205114309905,359.7795562467288,1654.102563330071,414.6412326221475,191.20540988294184,879.075403587017
269,2020-05-17,Midlands,1935.42732294372,1418.2716287713447,2637.3215137116895,183.66732588302602,134.59051360089302,250.27537028900664
434,2020-05-17,North West,1910.126616468933,1400.7634597957629,2599.2841312061187,273.18420225688584,200.3356452999432,371.74675003230345
104,2020-05-17,South East,844.1961276862575,618.1789913780243,1151.886545265834,95.4987687238466,69.93082601474687,130.3059125418484
379,2020-05-17,South West,538.1754071215485,348.8020873472111,829.0487359563945,96.0845981458411,62.2743216276659,148.01645259813316
49,2020-05-17,England,7787.822277147782,6844.973267482241,8858.805511339622,139.3083030564199,122.4426516713915,158.4660151417275
214,2020-05-17,East of England,864.1970054272986,602.586483210076,1237.540643942732,133.23970733220227,92.90525905670462,190.80088472316078
324,2020-05-17,North East and Yorkshire,1687.526073734583,1221.1870321825438,2328.1564337400437,197.13656682944148,142.65890330709368,271.9749185111406
654,2020-05-17,UK,11347.921819531908,9974.061904841328,12908.490818043969,,,
433,2020-05-18,North West,1701.9549245667647,1237.5183987887463,2336.16047206857,243.41171644655316,176.98851669649034,334.11509446735255
378,2020-05-18,South West,543.0698889174068,355.6290348099465,828.0295112512026,96.95844765710459,63.493189109976456,147.83448256583
488,2020-05-18,Scotland,1247.4226643094055,786.9198503778265,2278.468281866938,229.3857531691961,144.7049245835543,418.9824169961821
48,2020-05-18,England,7813.217882021841,6882.474847370114,8868.139918350524,139.76257878257223,123.11347867157154,158.63298870050298
323,2020-05-18,North East and Yorkshire,1881.8503915872902,1394.9439180640632,2534.777782893122,219.8375072588698,162.95715912595182,296.11239646759185
653,2020-05-18,UK,11556.328830802351,10179.69084017833,13116.636776485697,,,
158,2020-05-18,London,821.9448274166339,557.3365842614891,1210.7266205720027,92.49260993142866,62.71651523208978,136.24182708482465
268,2020-05-18,Midlands,1869.7871434931142,1364.5760696923828,2558.345197151777,177.43823317194557,129.49493618968492,242.78071073827329
213,2020-05-18,East of England,887.4509389363764,626.1243412509851,1256.0407431457454,136.8249399534841,96.5342664437957,193.65318320133872
543,2020-05-18,Wales,1745.0740931716582,1176.0735622051359,2980.9192310894305,555.9984888862878,374.7090888368642,949.7514142597299
103,2020-05-18,South East,882.6555365186608,653.6932823306478,1190.8404668061835,99.84944751623564,73.94834155035052,134.71253254644907
598,2020-05-18,Northern Ireland,750.6141912994443,346.0248727455316,1593.6813452733932,398.91509014186266,183.89546174666427,846.9644524127068
47,2020-05-19,England,7721.328287167217,6801.487454473757,8763.91677675695,138.11886079926614,121.66477891034803,156.76864864780126
212,2020-05-19,East of England,759.0183460824778,522.3376232467539,1101.3706157087072,117.02352780289672,80.53269290789098,169.80653436626693
322,2020-05-19,North East and Yorkshire,1985.9139597825092,1487.1549560355502,2647.928402351107,231.99419916741422,173.72924006289935,309.3306364709638
102,2020-05-19,South East,883.5402839784512,654.3550968928441,1192.0123201560439,99.94953361029663,74.02320860285226,134.84509718204308
597,2020-05-19,Northern Ireland,643.3025823610974,276.1413594450369,1466.4557942572492,341.8841671335986,146.75575891286104,779.3502336299626
377,2020-05-19,South West,566.3009005386949,374.4432820409776,855.1413191193813,101.10605898719402,66.85224149454935,152.67496232307917
487,2020-05-19,Scotland,1278.6504032472717,807.0092400432457,2052.7683772406685,235.12815197353333,148.39911734672876,377.4789682500632
432,2020-05-19,North West,1644.7966493863328,1190.6180914425431,2267.9259192740224,235.23700296268407,170.28088646009255,324.3562639737003
267,2020-05-19,Midlands,1865.6863401256014,1367.0921151633083,2542.5433098080566,177.04907694812124,129.73370275971666,241.28115022369317
542,2020-05-19,Wales,1874.3286851493442,1272.7984713008111,2794.217228390692,597.1803264382924,405.5266360718451,890.266242954553
157,2020-05-19,London,806.6375466060223,546.9465097184686,1188.2292605691928,90.77009729323052,61.54733078100382,133.71022219624973
652,2020-05-19,UK,11517.60995792493,10145.518584482887,13072.79931435652,,,
651,2020-05-20,UK,11271.183526672705,9903.530849598235,12825.284216100341,,,
321,2020-05-20,North East and Yorkshire,1927.8524098901435,1438.9572831128137,2578.896486562513,225.21145679161995,168.09879445554392,301.26633744054607
211,2020-05-20,East of England,744.5637889194147,512.3850082901254,1080.4201591283645,114.79496075866027,78.99822392028368,166.57644598860514
266,2020-05-20,Midlands,1778.284641390805,1297.724110694663,2433.4036872867596,168.75486920704313,123.15084855921907,230.9240666077188
596,2020-05-20,Northern Ireland,916.2822985722486,446.9438434057173,1837.4384610799164,486.9596657872464,237.5290071080145,976.5095542130645
156,2020-05-20,London,641.1352246174722,415.4092073751291,988.352844940219,72.14629043925373,46.74557281470181,111.21833377672215
376,2020-05-20,South West,512.1087875760734,331.89841240172154,788.9466413736758,91.43072390538954,59.25637842024159,140.85671695841677
541,2020-05-20,Wales,1742.7946993389203,1122.0406770191125,2702.040661654783,555.2722506528867,357.4936579098061,860.8978442049361
486,2020-05-20,Scotland,1261.2393316825141,758.5097635806524,2095.067843384325,231.92646911283612,139.48065750549867,385.25732211329785
46,2020-05-20,England,7350.867197079022,6458.908231357892,8364.424269576084,131.49206527517526,115.53673328523185,149.62254011083246
431,2020-05-20,North West,1645.8271113145302,1196.6044197517501,2259.483122895263,235.38437849129224,171.1370445333315,323.1487845460735
101,2020-05-20,South East,863.8196437064305,637.4359296261728,1169.6208580913874,97.71865762939684,72.1092462085585,132.31208739086793
100,2020-05-21,South East,841.3970814400031,620.880443459168,1139.2916840904327,95.18212966172366,70.2364248430935,128.88113257064055
540,2020-05-21,Wales,1698.4150340883168,1073.8989470295924,2513.2444559255046,541.1324345194822,342.1552093984901,800.7454383536976
320,2020-05-21,North East and Yorkshire,1921.240189720437,1443.2185990202495,2553.852904293575,224.43901812909215,168.59660080131997,298.3407495598899
485,2020-05-21,Scotland,1244.0001397109586,730.3481567656804,1983.8056688329434,228.75639280464844,134.30208285351142,364.7975706281502
155,2020-05-21,London,714.6230317146651,476.6544176330456,1070.159797712495,80.41579813591981,53.63743362287552,120.42398641915862
595,2020-05-21,Northern Ireland,1001.8282319081064,511.571292794206,1919.7744676357052,532.4231863328229,271.87536652578206,1020.2671541330219
430,2020-05-21,North West,1591.5649452359562,1157.096645172465,2185.1896739175827,227.6238633374284,165.48668618099427,312.52341740187904
45,2020-05-21,England,7346.0325375220655,6467.287236179543,8342.634652920648,131.40558304756829,115.68661664176798,149.23276818069664
265,2020-05-21,Midlands,1864.7849569988462,1376.9561817847057,2521.9782344312316,176.96353789091944,130.66977859021003,239.32957479832436
375,2020-05-21,South West,550.4683906068448,363.9706733407451,831.2543896671082,98.27935911516087,64.98248604830464,148.4102449335658
210,2020-05-21,East of England,641.8861469567877,431.8614065192892,952.7259686188792,98.96438176018675,66.58329877485791,146.88887884285478
650,2020-05-21,UK,11290.275943229448,9939.713325204344,12821.97524227062,,,
374,2020-05-22,South West,481.9100200107933,308.8618205724264,750.74979758749,86.03910547092947,55.14347835220175,134.037140409453
209,2020-05-22,East of England,645.6751007150783,434.41463373714384,958.3302131391764,99.54855306219247,66.9769488860283,147.75292708071382
154,2020-05-22,London,689.9857799875629,456.091213356762,1042.6090094218073,77.6433934224071,51.32347729803997,117.32372441899122
429,2020-05-22,North West,1342.4822483053028,947.5274135263654,1898.598410319848,192.00033070335445,135.5143257776496,271.5354509264046
594,2020-05-22,Northern Ireland,868.6189917268254,423.61064745628204,1743.2795611518109,461.62892655117446,225.12854349653787,926.4686590529909
649,2020-05-22,UK,10620.356581446864,9309.577578472712,12113.43522235703,,,
264,2020-05-22,Midlands,1870.2918982485237,1381.024949910011,2529.4177444322354,177.48613316542702,131.05589474779134,240.03556612725018
319,2020-05-22,North East and Yorkshire,1941.1841549549645,1458.1992736796653,2580.3671850553496,226.76886944012963,170.346641181206,301.43814423881224
484,2020-05-22,Scotland,1141.1097309061056,654.2195717891152,1867.1546675879172,209.83610652729917,120.3029682773607,343.3468799006854
44,2020-05-22,England,6934.499584726347,6078.634117113776,7909.396532484459,124.04409542425725,108.73440271496712,141.4830192483902
99,2020-05-22,South East,746.4142136782499,539.6769259011102,1031.4843294570583,84.43729605775042,61.050365243301265,116.68554283833532
539,2020-05-22,Wales,1676.128274087584,1056.3546327614692,2493.769726451618,534.0316443976957,336.56541108574703,794.5405899742971
373,2020-05-23,South West,463.8377870191579,293.7194494587482,731.3424662810806,82.81253060031834,52.43999427585793,130.57220015951998
483,2020-05-23,Scotland,1129.9869393870106,709.2400261912579,1804.9984367981888,207.79076136647186,130.42055611174084,331.9171101668209
263,2020-05-23,Midlands,1900.3377460274733,1403.2250104488253,2570.0047314410986,180.33741073603335,133.1626262717649,243.88717206522412
428,2020-05-23,North West,1453.5119524838321,1036.9906048650955,2033.6111889831534,207.87967655473088,148.30925274558317,290.84482964277646
538,2020-05-23,Wales,1669.9080985529424,1156.1140011038758,2417.4458508946004,532.0498327305575,368.34976813262716,770.2230210861361
208,2020-05-23,East of England,760.7999673142389,527.0840303421485,1096.598163734129,117.29821365578198,81.26448194244932,169.07072979814606
98,2020-05-23,South East,798.3592371571795,582.2447267671456,1093.7681634394376,90.31352033890786,65.86580141585273,123.73133381231177
153,2020-05-23,London,661.1137714853905,432.80952665800066,1008.6671504272699,74.39445586449155,48.703612929354385,113.50428177562509
648,2020-05-23,UK,10804.487556097109,9479.546492956424,12312.308693355702,,,
593,2020-05-23,Northern Ireland,892.6799617287115,435.39596617186805,1790.70236530735,474.41616682515166,231.39186962635662,951.6715827570273
318,2020-05-23,North East and Yorkshire,1829.1893965852375,1360.544684575304,2455.67506361482,213.68565697216434,158.93864533995097,286.8716275407526
43,2020-05-23,England,7111.912556428446,6239.7874385499545,8104.416090098232,127.21765269719847,111.61710791062319,144.97152253816205
152,2020-05-24,London,621.9989942441557,398.5561260729945,969.5235880922356,69.99291002679942,44.849112829765545,109.09949678079757
207,2020-05-24,East of England,745.5112678330901,509.4553563867335,1089.2935501410711,114.94104065985029,78.54653760368952,167.94452295965715
592,2020-05-24,Northern Ireland,773.9297990630376,356.8597058439048,1641.3499572144976,411.3062064843669,189.6536508033182,872.2980110502056
262,2020-05-24,Midlands,1831.3683861322586,1336.5487943444325,2505.740429739545,173.79238693190965,126.83521621264346,237.78864679210147
537,2020-05-24,Wales,1577.999486257491,1091.5351250224342,2360.688511311156,502.76680701155726,347.7742764353102,752.1395510689712
427,2020-05-24,North West,1362.6580963361832,956.3090625501696,1937.97587387768,194.88585823940923,136.77026753689418,277.1671723401567
97,2020-05-24,South East,825.7916846062054,602.2781683532153,1131.2562097108587,93.41678611867846,68.13206270517456,127.97212827152755
42,2020-05-24,England,6807.223774718224,5940.693428620239,7798.620953855548,121.76739001401816,106.26692431694869,139.5014694223022
317,2020-05-24,North East and Yorkshire,1723.614970017837,1263.1581970021562,2348.342851058884,201.3524667937009,147.5619690831739,274.3330930417514
647,2020-05-24,UK,10238.332088128525,8935.036392056103,11729.432408488115,,,
372,2020-05-24,South West,391.8504219924696,237.69850128351172,644.9378646044024,69.96007218501747,42.438143165721854,115.14572150554456
482,2020-05-24,Scotland,1079.179028089772,673.9050287960756,1788.8537709703894,198.44780862613263,123.92288277083459,328.94830381390364
206,2020-05-25,East of England,739.7671441099902,501.7906085136899,1088.8476975415713,114.05542620048594,77.36480617327973,167.87578253415512
481,2020-05-25,Scotland,1019.1351928354997,518.7881152445099,1836.2261491222355,187.4064825647744,95.39878178858606,337.6595040772026
316,2020-05-25,North East and Yorkshire,1897.8935012525853,1406.959016658387,2555.9813329972326,221.7116611519029,164.3607613125304,298.58939231208853
591,2020-05-25,Northern Ireland,785.4936312751944,362.2453967030827,1664.7416207065307,417.4518232642895,192.51588466389285,884.7295473289673
536,2020-05-25,Wales,1537.3752815101122,876.7549396948332,2471.9494270201812,489.82351907889534,279.3431084109069,787.5884189699844
261,2020-05-25,Midlands,1664.9240930356261,1193.4192254016111,2319.1694178871403,157.99723003857167,113.25256969790131,220.0835134460957
646,2020-05-25,UK,10296.278853610023,8985.919368378025,11795.279846968988,,,
151,2020-05-25,London,705.2731195156994,461.7623847827404,1075.807011630404,79.36366208850397,51.96164841252452,121.05946161978754
371,2020-05-25,South West,319.0964121713396,182.69313748650072,556.4051521538908,56.97073877316385,32.617612152293496,99.33929485355995
96,2020-05-25,South East,777.6134894551511,559.715351647648,1079.337753442962,87.9666801949839,63.31719036035487,122.0989093772214
41,2020-05-25,England,6954.274747989218,6069.236569779619,7966.724478958969,124.39783287983555,108.56629970421207,142.50849962748254
426,2020-05-25,North West,1653.3828987014463,1196.9649313524467,2279.288020873747,236.46499887107265,171.18860450490172,325.9812592147071
590,2020-05-26,Northern Ireland,776.596707393504,358.2565620760599,1643.479299588359,412.7235391026142,190.39601224042437,873.4296533970432
535,2020-05-26,Wales,1483.5265689475773,909.6970270190072,2538.08086461325,472.66676743700594,289.8387950093551,808.6585726749179
40,2020-05-26,England,6781.097893368473,5899.8824826048385,7792.235870771821,121.30005112682154,105.53689948674484,139.3872532707757
315,2020-05-26,North East and Yorkshire,1900.149606743345,1403.6495026146517,2567.862524760879,221.97521908903693,163.97414433125203,299.97735152088705
150,2020-05-26,London,691.1638894867812,447.8843570019611,1065.1347761011582,77.77596487821903,50.399968154520415,119.85852588179486
95,2020-05-26,South East,659.9785712748403,459.9681927063561,946.0310630099436,74.65935802573888,52.033401498751125,107.01873501786268
645,2020-05-26,UK,10005.649540523762,8705.398060828671,11497.604441942583,,,
260,2020-05-26,Midlands,1679.5796723043832,1204.0169497113732,2339.234443916966,159.38800871656682,114.2582678511438,221.98763540974875
370,2020-05-26,South West,328.61948773399496,188.15513031322575,572.9202983597378,58.670966759136384,33.592783776426835,102.28787103431847
205,2020-05-26,East of England,746.5883550850943,506.4487350343214,1098.7406336782797,115.10710324665287,78.08298433222676,169.40105039233228
425,2020-05-26,North West,1615.8775714600845,1164.5301362058628,2237.5091775075803,231.1010283287662,166.54981587115927,320.0060951089368
480,2020-05-26,Scotland,964.4283708142078,527.8052096725545,1849.202965788456,177.34656788477736,97.05691503881033,340.0457817598897
39,2020-05-27,England,6595.630787560873,5723.967110544161,7598.284969210312,117.98242177379208,102.39013122583803,135.91786606453707
589,2020-05-27,Northern Ireland,673.2309542977968,289.26316464511945,1526.973955741731,357.78964737539815,153.7293628826355,811.5127055411431
479,2020-05-27,Scotland,902.0905033692338,449.2377974927396,2063.484251408732,165.88339739416963,82.60933000362988,379.44948629277354
369,2020-05-27,South West,279.75289918806976,152.0828217563624,513.6204129613958,49.94643854573007,27.15251685598728,91.70060602146876
534,2020-05-27,Wales,1472.162566859034,837.2399893659398,2948.28970321541,469.0460799179751,266.75324030315755,939.3553123050814
424,2020-05-27,North West,1518.923293036365,1084.0481607099257,2123.6276612640995,217.23473434688418,155.0393724888457,303.7188862409241
94,2020-05-27,South East,577.0352644418482,391.21955805418315,850.2153423390425,65.27648665656487,44.25628698068015,96.17968583442489
204,2020-05-27,East of England,857.1529899619406,594.0587373061932,1234.5230713907317,132.1536788535642,91.59047277383047,190.33564302345897
644,2020-05-27,UK,9643.114812086937,8368.702525266608,11109.041226388274,,,
259,2020-05-27,Midlands,1586.1824137974768,1125.5506159189918,2231.5597525637995,150.52483699659828,106.81200441947337,211.7695701836998
149,2020-05-27,London,661.3216249563142,423.8136771090044,1030.4562902227933,74.41784540277655,47.69131918945428,115.95619136934185
314,2020-05-27,North East and Yorkshire,1921.2936742597476,1424.5631051424605,2586.6479628259976,224.44526618571317,166.41726853924942,302.17186384527974
313,2020-05-28,North East and Yorkshire,1905.3305896862269,1407.7345098026371,2574.001786518099,222.5804608130367,164.45135431635813,300.69453924587856
423,2020-05-28,North West,1552.0642205524969,1107.8515806172604,2169.3835851607346,221.97451325341774,158.4437113542932,310.2628480183566
258,2020-05-28,Midlands,1567.598225337473,1106.3829034468713,2217.0957539584783,148.76124290154152,104.99303532085874,210.39697204275043
368,2020-05-28,South West,286.25083723243085,155.62375487406106,525.4542303371634,51.1065654439627,27.784706902528246,93.81338853073176
203,2020-05-28,East of England,813.946875526008,556.4295527699551,1188.338481937045,125.49226946860699,85.78890032765104,183.2150198976886
588,2020-05-28,Northern Ireland,689.074902672083,296.1589068196652,1560.457781452156,366.2099386078217,157.39411588496264,829.3077372716849
38,2020-05-28,England,6376.313433810535,5512.108397389601,7374.208789541177,114.0592803236544,98.60040968790796,131.90959889636216
478,2020-05-28,Scotland,815.0824627552886,426.6786563063541,1897.326947724761,149.88368414617028,78.46098017806847,348.89519275569796
148,2020-05-28,London,566.120928188483,348.80408912939583,917.4530896218274,63.70500846088302,39.25056704807191,103.2400568971066
533,2020-05-28,Wales,1451.334141836332,890.8132016430072,2881.303849989536,462.40993026460643,283.8222147308834,918.0129330238362
93,2020-05-28,South East,520.0269424097592,343.7321125571195,785.8628053070479,58.827482233862334,38.884321360274264,88.89987507806092
643,2020-05-28,UK,9331.804941074237,8067.031351650066,10792.23578531478,,,
477,2020-05-29,Scotland,697.2319353792745,366.2086250940411,1775.0033598766836,128.21241525151697,67.34128189883252,326.40138281324056
147,2020-05-29,London,543.8562068869651,329.8993186181561,895.1699836955311,61.19958216719162,37.12323257693112,100.73256180041085
642,2020-05-29,UK,8767.949085205908,7540.675429084973,10192.33933783604,,,
367,2020-05-29,South West,323.45485814243887,180.79622188899012,577.4268871304632,57.748885682390515,32.27894120878415,103.09246701792111
37,2020-05-29,England,6063.7485517768255,5214.989191678146,7048.83003977547,108.46813022269275,93.28555132569412,126.08923476023024
312,2020-05-29,North East and Yorkshire,1646.3461381304692,1186.3577881656265,2280.180714529774,192.32593234289587,138.59015574957309,266.3704015063424
587,2020-05-29,Northern Ireland,735.2619827967052,316.2473744864768,1658.48547751145,390.7561348360154,168.07016355766265,881.4047102082014
257,2020-05-29,Midlands,1419.728514593058,984.0183622369627,2044.515325688385,134.72876850709326,93.38093922171693,194.01951090827353
532,2020-05-29,Wales,1271.7066152531027,798.1179503327761,2709.6441411396827,405.1787595461533,254.28855776062113,863.3203906861567
202,2020-05-29,East of England,807.8189084796176,548.1593658331876,1188.0304337074112,124.5474750170239,84.51382383453976,183.16752580120038
92,2020-05-29,South East,507.39978020758167,332.1803404976226,774.1317059818427,57.39904824413381,37.577539710749235,87.57280722665448
422,2020-05-29,North West,1519.6323866153407,1079.1424654945242,2134.73356475604,217.3361481285821,154.33776536899296,305.30724031108326
311,2020-05-30,North East and Yorkshire,1647.8157553985775,1181.9055763864808,2292.512612670373,192.4976128326361,138.07004897398056,267.81101217290706
36,2020-05-30,England,5658.88219239802,4828.960749710819,6629.611369831236,101.22589439828353,86.38028753458494,118.59026528697085
586,2020-05-30,Northern Ireland,760.7777459916305,327.379437207746,1711.725438943782,404.31652723589934,173.9863157639409,909.6991712776903
91,2020-05-30,South East,444.3673554352389,281.32918507405236,701.020633890827,50.268573751274786,31.825058063568893,79.30219671827835
366,2020-05-30,South West,211.54017995654215,102.5448597886686,435.37890758815354,37.76789670032736,18.308123177561917,77.73154778760612
146,2020-05-30,London,411.9701175774577,230.2191550286259,735.9839724638131,46.358575560670864,25.906325819618964,82.81952292933327
531,2020-05-30,Wales,1102.4376605559053,569.2994574891023,2292.3761684900187,351.24793598097557,181.38464110279367,730.374538609355
421,2020-05-30,North West,1462.6678221635395,1021.0568287287133,2089.6440833779297,209.18913893950338,146.03042165384954,298.85859240771737
256,2020-05-30,Midlands,1454.3923707148156,1008.1558514238205,2093.9511471445226,138.01828379046424,95.67152799243748,198.71084962300736
476,2020-05-30,Scotland,617.9405244942003,265.189034293462,1545.9525279749357,113.63169571986545,48.76501614414262,284.28173957355244
641,2020-05-30,UK,8140.038123439756,6946.234832745843,9536.386773789238,,,
201,2020-05-30,East of England,805.189479663121,542.0996831255234,1193.324974867514,124.14207633621311,83.57955728949894,183.9838247587298
255,2020-05-31,Midlands,1388.442839243641,949.316030693315,2026.4013265442147,131.75983432818944,90.08777271478046,192.30053663090465
475,2020-05-31,Scotland,575.4642366236291,196.60133891056557,1585.947440630825,105.82082650624834,36.152578825429025,291.6363142698415
90,2020-05-31,South East,411.142783487698,253.28716793787083,666.5054670406391,46.51008018762483,28.652835375959498,75.39770601002901
585,2020-05-31,Northern Ireland,753.6886402547591,324.4607542038448,1692.1779975450659,400.54901086486785,172.4351771003071,899.310652864373
640,2020-05-31,UK,7530.088834926425,6363.111495291166,8908.497823092943,,,
420,2020-05-31,North West,1251.7600762340264,843.2267810107172,1852.8871947119421,179.02534569941838,120.5973643348795,264.9978832791233
145,2020-05-31,London,379.99654533630377,206.5626880679977,697.8465506747699,42.760622210553386,23.24428781176127,78.52795790007089
530,2020-05-31,Wales,1026.8731574299811,424.68697529044,2338.20018156808,327.1723109310974,135.3096223450415,744.9745387616703
35,2020-05-31,England,5174.062800618056,4372.211165858423,6121.193017280319,92.55346141841225,78.20996633517682,109.49569489025801
365,2020-05-31,South West,155.40516336448562,66.4158568067144,362.7475507376685,27.745680077672045,11.857734164994257,64.76411255474743
310,2020-05-31,North East and Yorkshire,1459.8799079390578,1018.7323437302529,2087.247385627581,170.54297264721964,119.00817408802854,243.83195621726776
200,2020-05-31,East of England,825.4415728440673,555.78052121198,1223.1167428501992,127.26449281225675,85.68883428450245,188.57704415429947
639,2020-06-01,UK,6147.682535589585,5121.573845935001,7377.100361890338,,,
144,2020-06-01,London,276.157592943366,133.84802338678443,568.737754553752,31.07573120691446,15.061781039630954,63.99947725268966
199,2020-06-01,East of England,746.5400868731357,489.2016870213812,1136.4779827082891,115.09966137588215,75.4238781155229,175.21929936643684
254,2020-06-01,Midlands,1314.9069488589505,885.3011350065433,1948.600345000699,124.7814579338534,84.01291546331439,184.91741350260327
529,2020-06-01,Wales,852.8091878623384,408.1174448136113,1965.2726318363227,271.7137464908549,130.03040013738834,626.1559998089367
419,2020-06-01,North West,967.3749926056275,613.2043006208328,1521.4110427753499,138.3529046502491,87.69980285142965,217.59052957113778
89,2020-06-01,South East,318.404202684378,182.26956575981643,555.4511490760334,36.01912910474392,20.61904637444834,62.83480708255618
364,2020-06-01,South West,158.98460903985466,67.94704540646704,371.05997616477333,28.38474606759199,12.131109052337441,66.24819385279947
34,2020-06-01,England,4550.22301979677,3790.7460374623183,5460.179781844454,81.39423639342483,67.80873766807744,97.6715123589472
309,2020-06-01,North East and Yorkshire,1429.3413867306901,984.6082121013167,2069.736985960513,166.9754667456708,115.02179766394343,241.78639370543178
584,2020-06-01,Northern Ireland,316.0134733153295,86.93207820639235,1106.6733581911285,167.9458564131215,46.200189412736634,588.1432932624847
474,2020-06-01,Scotland,428.636854615147,160.82954003357176,1259.3959065468773,78.82106886874956,29.57458304068917,231.5874858032911
308,2020-06-02,North East and Yorkshire,1439.5366205072658,984.7979928792621,2098.4800585287426,168.16647257131103,115.04396782865774,245.1441555405959
528,2020-06-02,Wales,694.1818653602726,232.4325775624343,1413.250348873037,221.17345599411735,74.05540108487882,450.27604355944896
88,2020-06-02,South East,301.9796700905654,168.73752309127298,539.6521726467903,34.16112171980987,19.088248766188368,61.04756505833011
33,2020-06-02,England,4063.883275961645,3337.275270860076,4947.064764386819,72.69460740710716,59.69706784140179,88.49292817829127
473,2020-06-02,Scotland,392.2213578110608,101.77667523682453,1029.6412892551673,72.12470491735363,18.7154843119517,189.3384250483013
418,2020-06-02,North West,785.6195084547596,468.8714042359677,1311.9118475666935,112.35843574150358,67.0574711764674,187.62818570184214
198,2020-06-02,East of England,622.9024570831925,389.5694003201562,993.4379501337431,96.03752449620855,60.06282428457896,153.16574912577414
363,2020-06-02,South West,99.20039297108856,33.74900625886681,290.8003840974211,17.71100977191962,6.025469877095865,51.91883106681293
638,2020-06-02,UK,5315.357053008774,4364.989947847432,6470.514481214357,,,
143,2020-06-02,London,288.05072381140513,139.61730212394522,593.1425043562981,32.41405304744279,15.71099206940171,66.74571876266492
253,2020-06-02,Midlands,1136.7662144933597,737.1986932254166,1748.696139903011,107.87633733133832,69.95835546190168,165.9469926824504
583,2020-06-02,Northern Ireland,165.0705538757954,29.177823012250315,896.8255177953107,87.72700495461426,15.506599837827721,476.6193291036754
582,2020-06-03,Northern Ireland,146.5136705509619,25.895295916670932,798.2972596501913,77.86492018445722,13.762095660576195,424.2563316609569
362,2020-06-03,South West,96.4126962047045,32.80020165392241,282.65819428825716,17.213300809365748,5.856072487362639,50.46514324405445
307,2020-06-03,North East and Yorkshire,1353.8920721196234,911.9187282876951,2004.5849624543828,158.16148805605943,106.53022203340569,234.17534316470417
637,2020-06-03,UK,5244.19296189101,4297.686784683639,6397.081340139634,,,
87,2020-06-03,South East,303.11203975453924,169.3683921385466,541.6948630084353,34.28921980638381,19.159615140973504,61.27864218368464
142,2020-06-03,London,293.1844014486056,142.10540999557062,603.7166345530139,32.99174053615619,15.990976300899176,67.93561480802714
32,2020-06-03,England,3992.9430879150746,3272.2706554906404,4870.755501477659,71.42563170843593,58.53426746721709,87.12791064899365
472,2020-06-03,Scotland,415.8722898093636,116.72992203120285,915.8423872663211,76.4738217041547,21.46520329365088,168.4122004498485
197,2020-06-03,East of England,553.3180451974617,335.8312605570389,909.3298329165449,85.30917596420457,51.77761388735653,140.19817245991769
417,2020-06-03,North West,794.1159590903817,473.9352515666174,1326.154801045174,113.57358874177861,67.78169703743754,189.66519720163134
527,2020-06-03,Wales,688.8639136156095,248.92423429799396,1179.363673114239,219.47910207208477,79.3098119205456,375.75735188820823
252,2020-06-03,Midlands,1237.7852619817088,818.9358322388935,1866.5068411630136,117.46279821028035,77.71501032047887,177.12694049258982
361,2020-06-04,South West,97.09678009472293,33.032758086731285,284.67662067327234,17.33543557212279,5.897592577461488,50.82550844381049
196,2020-06-04,East of England,528.8349675296753,315.46719920905065,884.2875485627727,81.53443700704457,48.63793444266859,136.33721643105872
526,2020-06-04,Wales,550.7614497334581,170.45130530379896,1104.4309353538636,175.47824186196408,54.307532584683884,351.8830137578656
86,2020-06-04,South East,218.73175257464666,110.88945141970669,430.86139514473666,24.743791598450684,12.544248578904233,48.74072668366127
31,2020-06-04,England,3472.2277294246874,2802.931719858728,4299.981128841302,62.111092882919955,50.13874836644815,76.91791786148686
306,2020-06-04,North East and Yorkshire,1330.9031616158368,888.8544510877978,1987.324691405265,155.47592665205914,103.83585630219778,232.15900064405886
416,2020-06-04,North West,681.6854848587268,390.5904473805579,1185.844478158348,97.49390630213153,55.86181505290453,169.5981695523849
141,2020-06-04,London,209.40991956705722,89.48482278183762,489.13918821815497,23.564683857387216,10.069635494096463,55.04233207505176
636,2020-06-04,UK,4362.113065941921,3521.2854774835455,5402.008545254657,,,
471,2020-06-04,Scotland,339.12388678377624,79.30852025155112,899.194103179403,62.36073017851386,14.583865734640979,165.35078486592798
251,2020-06-04,Midlands,1016.8659495247335,644.2152317625612,1601.4708280914315,96.49809502877564,61.134452070760666,151.97567017285604
581,2020-06-04,Northern Ireland,0.0,0.0,584.696590513088,0.0,0.0,310.73792077709277
635,2020-06-05,UK,4065.7201124790727,3268.885968320007,5055.262318828968,,,
250,2020-06-05,Midlands,1000.2460899497692,633.6487677611876,1575.5265132043698,94.92091094725595,60.13172044443446,149.51361805615542
85,2020-06-05,South East,215.9044062603794,109.45428984243723,425.31913674132727,24.42395112191538,12.38189748648138,48.11376473001477
470,2020-06-05,Scotland,298.2296059133846,74.00726265480407,783.8721401541279,54.84077268041864,13.609029376952257,144.14448799288868
360,2020-06-05,South West,94.95742604472615,32.304515336409494,278.43584516915564,16.953480225472784,5.767573793452861,49.71129475344759
415,2020-06-05,North West,724.5071996022259,424.11842382715173,1233.769580407057,103.61822072224055,60.65694927064678,176.45236482562592
30,2020-06-05,England,3273.310263986124,2631.7792902319898,4069.9904512795774,58.55286394903124,47.07717945966303,72.80385235386278
305,2020-06-05,North East and Yorkshire,1233.1221505634267,816.0463729935436,1858.4592419131025,144.05316221599648,95.3304265038973,217.1049563295926
525,2020-06-05,Wales,494.1802425795641,167.43331959495893,952.1669070880661,157.4508894417866,53.345971410770794,303.37013401322616
580,2020-06-05,Northern Ireland,0.0,0.0,648.6795252914123,0.0,0.0,344.7417518936482
195,2020-06-05,East of England,435.6689726673058,249.51660328428932,758.9132439971264,67.17033968801044,38.46983845967601,117.00732342935194
140,2020-06-05,London,163.93676262232384,63.77213357133837,420.67409424073475,18.447636061297217,7.1762129015977285,47.338025143557125
469,2020-06-06,Scotland,234.3209114279982,60.996499385503114,781.4595119098439,43.08874633199062,11.216509329637763,143.7008352016042
304,2020-06-06,North East and Yorkshire,1188.042486650921,778.6043908934622,1808.1047383666169,138.78696199790485,90.95645923821559,211.2225500615894
579,2020-06-06,Northern Ireland,0.0,0.0,648.0339270054938,0.0,0.0,344.3986476712556
359,2020-06-06,South West,92.64191732395537,31.516119775883055,271.69527425394733,16.54007462946382,5.626815465200156,48.50784874106773
84,2020-06-06,South East,185.32830894753457,89.8094437780961,381.9570350143261,20.965063370605538,10.159595642885014,43.20847413651681
29,2020-06-06,England,2975.660933040853,2371.720634282708,3732.315739230092,53.22852272445843,42.425258965568744,66.76353845780564
414,2020-06-06,North West,592.6923488381387,331.4080485854379,1056.8375200533328,84.76620612743567,47.39761364180573,151.14773666922045
139,2020-06-06,London,161.04317907246616,62.6454927967962,413.2934975203997,18.122024066849654,7.049433168680507,46.50749415078879
194,2020-06-06,East of England,459.0478788503326,268.58945074278535,782.8362271390564,70.7748402799019,41.41044181446921,120.69570842990852
249,2020-06-06,Midlands,826.5600810486633,501.53393196286413,1359.3997456691734,78.43853291115276,47.59434520285388,129.00371568247365
524,2020-06-06,Wales,411.4037879743707,153.91292887469712,955.485764400236,131.0774627454998,49.03823637589035,304.42755596316863
634,2020-06-06,UK,3621.3856324432213,2886.3890148880096,4542.23612768182,,,
358,2020-06-07,South West,90.62383725213495,30.829213218869203,265.8042655591815,16.179771259668254,5.50417674997638,47.456081611577936
28,2020-06-07,England,2558.728097387917,2008.6201903861468,3258.5887864388574,45.770442178148926,35.93013043307888,58.28952665362188
578,2020-06-07,Northern Ireland,0.0,0.0,647.2287290347319,0.0,0.0,343.9707239458429
633,2020-06-07,UK,3080.6800214425225,2418.356251883749,3923.3044662802663,,,
303,2020-06-07,North East and Yorkshire,824.022803980266,500.11891049374293,1354.312788160028,96.26223208885904,58.42382322604865,158.2106360467817
138,2020-06-07,London,80.68469663664428,22.12967332632035,293.68341551665,9.079366308446906,2.49022948330299,33.04789407834829
83,2020-06-07,South East,183.36437408199546,88.85696676110315,377.9231816785523,20.742895375086704,10.051847716334,42.75214886547489
193,2020-06-07,East of England,410.2929244227083,234.9532904873429,714.9864485113667,63.257924787097615,36.22450374702791,110.23480126391092
523,2020-06-07,Wales,347.68226077478425,61.52147180188093,967.5266613716894,110.77513118770071,19.601371362826956,308.2639091284351
413,2020-06-07,North West,630.205061790191,361.0220813569435,1096.9475041942085,90.13123296594034,51.63297995131687,156.88422236895764
248,2020-06-07,Midlands,736.742291650205,439.35752556672367,1232.9855422075714,69.91504406712379,41.693956094764665,117.00731652649235
468,2020-06-07,Scotland,174.26966327982112,19.544793386678045,764.4049513048534,32.046057130214805,3.594048176142043,140.56471034090094
82,2020-06-08,South East,177.99399924578904,86.25265869717603,366.8883224064727,20.135377563024615,9.757238199272752,41.50384241278743
137,2020-06-08,London,79.52178869938086,21.810578536065783,289.47521273296695,8.948505468838574,2.45432207324126,32.57434932741059
522,2020-06-08,Wales,299.2741132022905,48.7391174626685,780.2359237716162,95.35179930431148,15.528782282042236,248.5911608505798
632,2020-06-08,UK,2901.9241970469047,2273.685046204442,3702.7846390459704,,,
577,2020-06-08,Northern Ireland,0.0,0.0,615.9590680745395,0.0,0.0,327.3524135471998
247,2020-06-08,Midlands,708.9440324524924,422.7491362830847,1186.7063967147235,67.27705716339361,40.117860515876856,112.61553865084745
27,2020-06-08,England,2435.6111967107913,1908.3244014316074,3107.780601246119,43.56813119819451,34.1360427323412,55.59187490727091
412,2020-06-08,North West,652.6230408160972,381.9410070660499,1112.181068499269,93.33742760434869,54.62478163746768,159.06290993674833
192,2020-06-08,East of England,331.65144251494297,180.30083959391868,608.8563103214151,51.13318011920739,27.798327173519755,93.8719251341059
357,2020-06-08,South West,116.12223480948995,45.17439883710618,297.87704726910215,20.73219645457875,8.06533316332489,53.18228221687798
302,2020-06-08,North East and Yorkshire,729.9881442009791,435.4109139032646,1221.0427223752986,85.27711589990537,50.86464384932488,142.6420450550033
467,2020-06-08,Scotland,167.03888713382284,17.585185974854944,672.9825776860424,30.71640593843858,3.233700368668275,123.75325530719229
191,2020-06-09,East of England,189.77882547783693,87.0203256065557,413.1133306357793,29.25961905180809,13.416573585599902,63.692767879618735
466,2020-06-09,Scotland,163.3998454157301,26.815238150848074,812.0371472313005,30.047230726858665,4.930993941054426,149.32368791145814
356,2020-06-09,South West,109.00124783619492,42.403024685986914,279.65965428087503,19.46083183502026,7.570538402920826,49.92979081467733
521,2020-06-09,Wales,275.76836787052036,71.22966423460629,871.7897756746936,87.86262796439607,22.69450095745766,277.76115627313106
136,2020-06-09,London,114.53265703668517,38.95921755184943,336.1910354155033,12.888242639106652,4.384040865105825,37.83123302674851
81,2020-06-09,South East,196.50435822096404,99.61177551878849,387.2157688113672,22.22934178862526,11.268473759187753,43.80336267745377
576,2020-06-09,Northern Ireland,0.0,0.0,647.2475746408253,0.0,0.0,343.9807394727816
26,2020-06-09,England,2196.41881702761,1707.1885491078676,2825.1446282316792,39.28946595239558,30.538131368435646,50.53609212459526
631,2020-06-09,UK,2635.5870303138604,2048.5364464406116,3390.024927488448,,,
411,2020-06-09,North West,683.2312792642864,407.5841189160307,1142.3461822278211,97.71498411335882,58.29223121579516,163.37709123702066
301,2020-06-09,North East and Yorkshire,611.8415070836548,350.3951665293556,1065.9734021212525,71.47524179184555,40.93311578312949,124.52686811565967
246,2020-06-09,Midlands,637.017238947021,372.6339223751543,1087.0637639337103,60.45138013285668,35.36204911680782,103.15969616589292
520,2020-06-10,Wales,236.96831233155962,63.15343147396888,756.2383384449412,75.50053266266714,20.121330438005895,240.94528424811367
465,2020-06-10,Scotland,116.72291279127127,17.686292987973406,654.4422956300238,21.463914380256206,3.2522927103167296,120.34392446443128
575,2020-06-10,Northern Ireland,0.0,0.0,620.1830933638557,0.0,0.0,329.597278417303
410,2020-06-10,North West,526.3997345919903,294.27652813036707,939.2770716741037,75.2851095434637,42.08710453385165,134.33437098416934
355,2020-06-10,South West,106.96752006649132,41.61137703753139,274.4635091442375,19.09773476127034,7.429199454376547,49.00208302507088
300,2020-06-10,North East and Yorkshire,501.81422235484234,272.83281749013565,920.9760152097799,58.621869327501024,31.872292698493965,107.58829306199583
245,2020-06-10,Midlands,493.18875055121896,268.094613709357,905.6999285696617,46.80240786905912,25.441524049969352,85.94871115068713
135,2020-06-10,London,111.43064173663642,37.90369722441721,327.1112566574875,12.539176033200146,4.265264243289583,36.80949481888321
80,2020-06-10,South East,195.14550280207578,98.92195653740274,384.5530693534423,22.07562274737211,11.190438737225227,43.50214769745805
630,2020-06-10,UK,2195.773363693281,1670.7454226108084,2885.0945836977453,,,
190,2020-06-10,East of England,155.65046813318352,66.51113431210166,363.60555889294056,23.99779528272194,10.254518373036342,56.05978491825828
25,2020-06-10,England,1842.0821385704503,1401.624754165482,2420.3687359504456,32.95110336143599,25.07221647797752,43.295474572585746
354,2020-06-11,South West,51.952231964110034,14.249228453534487,189.08130198969351,9.275431885209906,2.544024442084779,33.758140335217654
24,2020-06-11,England,1774.3187854011842,1350.0401809932148,2331.4039676249313,31.73895477824045,24.14947336741566,41.70407578789571
299,2020-06-11,North East and Yorkshire,431.9806017106164,227.45105243659242,818.7586825205113,50.46391524469046,26.57080106612056,95.64727813460539
464,2020-06-11,Scotland,95.79287040962171,17.95128318793149,547.024422280988,17.61513587643142,3.30102116326134,100.59109289659771
79,2020-06-11,South East,208.8673255797261,109.93163248923025,396.44250799922816,23.627889024053548,12.435896354200727,44.84712751228166
189,2020-06-11,East of England,146.96454915238235,62.797736440721316,343.36903061979376,22.65862227512636,9.681996086470328,52.939768200310105
519,2020-06-11,Wales,216.5535559287875,77.15539085559413,651.1256830715683,68.99618207071411,24.58249818331436,207.45531509488322
409,2020-06-11,North West,516.6494451192629,288.8144575879698,921.9944169464571,73.89063389540182,41.30592522828602,131.86262476381606
134,2020-06-11,London,146.5152324015849,56.99127358825394,376.1348692639558,16.487209101521945,6.41316966986856,42.32607175567211
574,2020-06-11,Northern Ireland,0.0,0.0,569.9171738853611,0.0,0.0,302.88337661228377
629,2020-06-11,UK,2086.6652117395934,1587.6977143609547,2741.818208645427,,,
244,2020-06-11,Midlands,521.018194072084,291.15409713569926,930.8374084519803,49.44335408889226,27.62981270692524,88.33419659604172
628,2020-06-12,UK,2049.2043097488668,1563.2809812381952,2685.583922653102,,,
408,2020-06-12,North West,502.4146307520243,280.8435227300807,896.7287615508643,71.85478644232688,40.165930915019274,128.24915859134742
298,2020-06-12,North East and Yorkshire,454.38530906154034,247.0179277848027,834.2507375389104,53.08123011568675,28.85660078783348,97.45705789860111
573,2020-06-12,Northern Ireland,0.0,0.0,549.7548267616327,0.0,0.0,292.16806558624296
78,2020-06-12,South East,180.90954593158045,91.70202150414025,356.55311865279185,20.46519561065424,10.373691439612674,40.33468372961302
463,2020-06-12,Scotland,99.09460318134697,11.264954326206901,501.83403254060505,18.222284103151278,2.0714871602594473,92.28113358353194
353,2020-06-12,South West,25.063223074756895,4.424515027124671,141.7340392724634,4.474730144689967,0.7899427263786004,25.304869057321568
188,2020-06-12,East of England,113.36886041169251,44.09950607841633,290.9777861757716,17.4789240034111,6.799150247549863,44.862218714889416
518,2020-06-12,Wales,201.1008137133743,41.34085208663596,563.7224210547312,64.07278004753483,13.171619118856587,179.6077401436267
133,2020-06-12,London,179.2460586276209,76.58678609753831,418.9351091325694,20.170375467290178,8.61823263087551,47.14233892968845
243,2020-06-12,Midlands,590.4239187164815,345.3394629433837,1007.8840377788043,56.02978784194143,32.77187158039106,95.6457335413998
23,2020-06-12,England,1749.0088928541454,1334.2702458743304,2292.1629341107687,31.286212271312106,23.86738129821577,41.00213349973141
77,2020-06-13,South East,196.91310063440145,103.63720487779946,373.7871077580594,22.275580329561794,11.723846077021033,42.28426000197055
462,2020-06-13,Scotland,112.57419739563827,12.522864155208305,576.3811566720307,20.701016420374444,2.3028013745992726,105.9894368753849
187,2020-06-13,East of England,109.96341280313098,42.77455789696978,282.24846153272637,16.953880709057707,6.594873089890673,43.5163535321328
517,2020-06-13,Wales,213.31697604338285,41.26685786215593,628.668142867816,67.96497455208429,13.14804380067486,200.30011265032937
407,2020-06-13,North West,484.8993666186399,271.04237289185517,865.5722377866194,69.34977268127966,38.76418127357115,123.79318692106766
572,2020-06-13,Northern Ireland,0.0,0.0,534.6729507882238,0.0,0.0,284.1527789274265
132,2020-06-13,London,176.0316693134945,75.2131374945628,411.4293194528663,19.808663528626752,8.463657359908492,46.297720101373564
242,2020-06-13,Midlands,570.8648382462957,333.89095552816957,974.5671027354649,54.17367887618286,31.68543618838357,92.4840377786669
22,2020-06-13,England,1731.2207967821332,1324.07097444712,2263.087362834771,30.968019406835985,23.68493707383924,40.48203065830669
297,2020-06-13,North East and Yorkshire,436.11878469350876,237.07946592539741,800.8071238576962,50.94733721893827,27.695591022696863,93.55017948877946
352,2020-06-13,South West,24.71163289489744,4.362443039777809,139.75019886144062,4.4119580434441925,0.7788605366660744,24.950678757734813
627,2020-06-13,UK,2057.1119702211545,1573.3188141109958,2689.098994418733,,,
406,2020-06-14,North West,476.5793928451161,266.38720744135503,850.7673462829238,68.15985920720851,38.09840464441784,121.67580766460064
241,2020-06-14,Midlands,598.7032203851858,356.93675568714167,1002.7640533483436,56.815473349034995,33.872426336685876,95.15985952393726
296,2020-06-14,North East and Yorkshire,382.16446446467745,201.19988416869091,724.6171599006608,44.64440085482672,23.504143153011466,84.64967824312512
461,2020-06-14,Scotland,135.79647829078684,36.52810969447881,554.2363597309986,24.971309518174888,6.717072082984647,101.91727988286326
186,2020-06-14,East of England,159.45777611587528,73.11050788213205,347.2575090769007,24.584796392598015,11.271993089477826,53.539283968518916
21,2020-06-14,England,1846.4047546119737,1428.8923918065495,2385.4155310466476,33.02842617185452,25.55997906332579,42.670232818440994
76,2020-06-14,South East,214.33387632730683,116.47120128631606,394.0575112511104,24.246286631480622,13.175677961370907,44.5773273492794
626,2020-06-14,UK,2217.4894069783077,1716.0667153983798,2864.828883333928,,,
351,2020-06-14,South West,71.15128273816636,24.202918560425662,208.83535059907018,12.703186208421045,4.321133357380992,37.28498269417495
571,2020-06-14,Northern Ireland,0.0,0.0,529.0787334868976,0.0,0.0,281.1797233618657
131,2020-06-14,London,173.1071181911317,73.96330146637823,404.60175312882234,19.47956678494944,8.32301459122479,45.529421052913634
516,2020-06-14,Wales,235.28817407554692,103.47613750362135,587.9488825028129,74.96522339693546,32.968557789565374,187.32653902380142
625,2020-06-15,UK,2284.7357990037126,1779.3978911429779,2932.9802522269338,,,
460,2020-06-15,Scotland,143.2682900133043,30.188609414042322,508.69772074086325,26.345284200971715,5.551315609135971,93.54328179710988
20,2020-06-15,England,1911.0933129216967,1488.397657301639,2453.3247780362617,34.18557292798134,26.624407251853818,43.88499114538977
185,2020-06-15,East of England,183.14495192263496,88.75821772583112,377.333862730314,28.236825214959616,13.684517394584411,58.176380062619806
515,2020-06-15,Wales,230.37419606871137,76.34699769891425,520.5659772023085,73.39957964753148,24.324935839515458,165.85765488275257
350,2020-06-15,South West,70.54790324915366,23.99769735929888,207.06250200297518,12.595460223613765,4.28449363661274,36.96846238745879
130,2020-06-15,London,135.22759904325986,52.59992443258207,347.18778961018285,15.217023275860269,5.919015645194121,39.068686517923936
240,2020-06-15,Midlands,677.7048197123421,417.54229842696014,1098.3683042222574,64.31253217262947,39.623744320448566,104.23246942920329
295,2020-06-15,North East and Yorkshire,378.1767037780608,199.09957119335246,717.0671501643868,44.178551192808015,23.258784876378,83.76768713074839
75,2020-06-15,South East,251.43804565703346,143.90270320811314,438.92977951991645,28.44365542920496,16.278836779402162,49.6534538902314
405,2020-06-15,North West,427.3681914001912,232.35824302037966,784.3320546701945,61.121727445196406,33.231619679054106,112.1743055210006
570,2020-06-15,Northern Ireland,0.0,0.0,556.4224496867365,0.0,0.0,295.71158425539465
19,2020-06-16,England,1954.5633470218972,1525.3340985501732,2504.056319391888,34.963163436443935,27.2851250710541,44.79247525149565
239,2020-06-16,Midlands,718.3596852722033,448.948054203327,1147.772590343195,68.17057961930736,42.604073838586935,108.92081551764812
294,2020-06-16,North East and Yorkshire,338.1820333847247,171.4693883170962,665.8130388194813,39.50637922726986,20.03103066394058,77.7801888018676
404,2020-06-16,North West,388.01503779190637,204.3137845365877,735.2732915808914,55.49348281362026,29.220732153292186,105.15797532450507
624,2020-06-16,UK,2352.2060601309763,1835.6530197913003,3013.4896668134843,,,
459,2020-06-16,Scotland,159.58563135594696,34.20604421990478,679.8837445457948,29.3458434666422,6.290072676100988,125.02229538732183
349,2020-06-16,South West,95.61125894632693,37.1921552376171,245.39148392490512,17.07021404640461,6.640201768597487,43.811630574956574
569,2020-06-16,Northern Ireland,0.0,0.0,538.6199522951952,0.0,0.0,286.2504190735817
129,2020-06-16,London,135.48295853790725,52.69931858585646,347.84052692394454,15.245758618358794,5.930200367503484,39.1421383795765
74,2020-06-16,South East,253.6043335355242,145.14323016662166,442.704722993275,28.688714389217324,16.41917004227912,50.08049026470034
514,2020-06-16,Wales,238.05708175313183,76.56945458066193,676.4659097160837,75.84742575764142,24.39581288168693,215.5289709800495
184,2020-06-16,East of England,210.44576559436155,106.69446931850885,414.453077382073,32.445995578554275,16.449883275091587,63.89932664255634
458,2020-06-17,Scotland,131.78035896208294,27.421197638573332,535.8323820530388,24.2327943513512,5.042422470821304,98.53301374616848
403,2020-06-17,North West,262.09644923806394,120.19450648010447,570.2204414573941,37.48474513790296,17.1900857698778,81.55229871518891
568,2020-06-17,Northern Ireland,0.0,0.0,541.8917659494258,0.0,0.0,287.9892295756124
18,2020-06-17,England,1923.3674590727048,1494.8834967482871,2474.132544390554,34.40513244165705,26.7404257298127,44.257199770349885
73,2020-06-17,South East,301.4105810103984,179.6468239423908,505.218331582514,34.096744136606446,20.322351559072718,57.15227424115506
238,2020-06-17,Midlands,697.302993234794,429.63915049539435,1129.9779913364152,66.17235097356772,40.77170603653749,107.23215153321858
183,2020-06-17,East of England,184.54058905496413,89.43627127247166,380.17892296265813,28.45200101617817,13.78905797450146,58.6150242494422
293,2020-06-17,North East and Yorkshire,384.52189275940793,202.44608528702366,729.0212311690508,44.919795308164716,23.64972419846663,85.16416125078688
128,2020-06-17,London,138.64318860213848,53.92917300204135,355.92766196066634,15.60137607207914,6.068594625845807,40.05217540574194
348,2020-06-17,South West,96.9675762401053,37.720124090386165,248.85642755085814,17.31236781338549,6.734464112027792,44.43025363259194
513,2020-06-17,Wales,220.34160041704155,72.14169691286288,569.8547079813791,70.20309186299427,22.9850839148861,181.5615495996118
623,2020-06-17,UK,2275.4894184518294,1768.5604290658919,2927.0862403600604,,,
17,2020-06-18,England,1901.6158133571976,1471.6641663816108,2456.6182585183574,34.01603973441804,26.32507912887913,43.943904813522195
182,2020-06-18,East of England,239.8932925303155,126.2923705515593,454.9280800632066,36.98614076068627,19.471438092127713,70.13966012859736
127,2020-06-18,London,141.80553069398675,55.15992676961795,364.0168342698297,15.957231190104963,6.207090087279493,40.9624416840895
347,2020-06-18,South West,49.929289239840074,13.694395646185049,181.7168240619741,8.914260348641287,2.444965870052595,32.44330340124564
457,2020-06-18,Scotland,138.77187206799127,27.473814757962817,517.2341383031359,25.518447999851283,5.052098114775899,95.11302445764805
512,2020-06-18,Wales,220.49960998769674,66.63410318150386,538.8674772323885,70.25343533142212,21.23030811251908,171.68870033858346
402,2020-06-18,North West,313.3308162006657,151.8929270242632,644.7935339840109,44.8122278011668,21.7235589200333,92.21766017136967
567,2020-06-18,Northern Ireland,0.0,0.0,559.5517516316305,0.0,0.0,297.37465668580984
622,2020-06-18,UK,2260.8872954128856,1749.7050631970046,2920.746120930684,,,
72,2020-06-18,South East,307.83044155987346,183.4780702711572,515.9405872647567,34.822983878470694,20.755757132819827,58.365217752756905
292,2020-06-18,North East and Yorkshire,262.5642436016128,120.39732418263779,571.5018297442019,30.672719290932953,14.064799065468865,66.76276616170135
237,2020-06-18,Midlands,716.016616513024,441.1927614507957,1160.1420866973176,67.94822811674412,41.868115497805135,110.09465051054579
511,2020-06-19,Wales,210.2993922740595,63.661261784039105,524.6931458322858,67.00354144022012,20.283130378830485,167.17261310179052
566,2020-06-19,Northern Ireland,0.0,0.0,566.0941132996958,0.0,0.0,300.85160506329635
346,2020-06-19,South West,50.502763798031566,13.851777288731096,183.78787436610344,9.016647175949895,2.473064426172894,32.81306395436424
291,2020-06-19,North East and Yorkshire,267.12803103072883,122.49334862003667,581.3605186281852,31.20586031880712,14.309656355682455,67.91445685867942
181,2020-06-19,East of England,242.0913685499037,127.45348168559632,459.04548608007025,37.325034558864914,19.650455268428573,70.77447136863806
621,2020-06-19,UK,2226.224641766486,1719.064687895972,2882.317501527994,,,
401,2020-06-19,North West,316.7548186041516,153.55865966081603,651.733669699463,45.3019248490259,21.961790164792955,93.21023072801954
126,2020-06-19,London,144.33228435639452,56.1435002759929,370.4721493837531,16.241564192874048,6.317770606980498,41.68885168498111
16,2020-06-19,England,1892.0740364679411,1461.0374900872225,2449.689041790015,33.84535675023056,26.13498950060845,43.81995521765531
236,2020-06-19,Midlands,726.1737987523915,447.4753096100944,1176.4340633899776,68.91211990348079,42.46431397370279,111.640719307352
456,2020-06-19,Scotland,123.85121302448553,23.71295525003846,488.1587545664079,22.774721506497773,4.360522103315213,89.76641741902648
71,2020-06-19,South East,288.09010753630133,168.46101074663622,492.15250810143567,32.58988006334728,19.056968607960055,55.6742171713768
15,2020-06-20,England,1835.3015862578188,1407.2581950499605,2392.9255396179383,32.82981306963905,25.172987279115105,42.804571599267526
400,2020-06-20,North West,280.6271184844696,128.70873143795993,610.1701549486849,40.134981018456095,18.407780834117663,87.26586268336416
620,2020-06-20,UK,2157.824790786752,1654.560015124428,2813.4417201822193,,,
290,2020-06-20,North East and Yorkshire,318.91732718327376,154.59035726612694,656.4833508251905,37.25587886425786,18.05922454812055,76.69029591700445
455,2020-06-20,Scotland,116.61742182720356,22.445786989567317,479.7951411407341,21.44451588371004,4.127505376798388,88.22845132320738
180,2020-06-20,East of England,222.30450010891803,112.72058079219953,437.59933516422853,34.27434525591579,17.37897389223481,67.46795809274893
235,2020-06-20,Midlands,685.9633168235896,416.1619284958824,1128.6215953904284,65.09624337803321,39.49275058538815,107.10343287078953
345,2020-06-20,South West,51.78884812234258,14.20469990979705,188.43673080660602,9.246261710259486,2.536074418403996,33.643060080185926
70,2020-06-20,South East,271.9674431361574,155.66845191820386,474.6150687196562,30.766021189484068,17.609824304786123,53.69031341654761
510,2020-06-20,Wales,205.90578270172955,63.92538672330521,525.6190492661981,65.60369240657138,20.367283291124444,167.46761542411264
125,2020-06-20,London,147.88704261183068,57.52736032099643,379.5485102217125,16.64157750003721,6.4734949610645725,42.71020527780169
565,2020-06-20,Northern Ireland,0.0,0.0,622.4099522653235,0.0,0.0,330.78074607580066
564,2020-06-21,Northern Ireland,0.0,4.819185114220668e-14,651.9828577628399,0.0,2.5611634932208932e-14,346.4973131205507
399,2020-06-21,North West,241.07485993555684,103.04061837568243,562.3632107340062,34.47826061783832,14.73675560997809,80.428566241849
124,2020-06-21,London,154.59482864984872,60.13798175478829,396.7062402128837,17.396397795540334,6.767265518284641,44.640947067819376
14,2020-06-21,England,1765.1148634579138,1339.4900053545011,2325.341324249966,31.57431533196763,23.960752180301633,41.59562742703867
234,2020-06-21,Midlands,663.9487899367125,395.94283354509605,1111.1937274091674,63.007118544483326,37.57400785743199,105.44957076498224
619,2020-06-21,UK,2118.5700441993563,1607.7159954843607,2790.978974843527,,,
179,2020-06-21,East of England,177.37824698599636,81.33886131395852,386.0150100607871,27.347729241236607,12.540619798662497,59.51481738924309
454,2020-06-21,Scotland,126.40657309397685,27.297420123553195,491.4094994043747,23.244620932674437,5.0196613014753675,90.36418958907976
509,2020-06-21,Wales,227.0486076474659,78.50379175521769,551.7036697327611,72.34001309725988,25.012112527792432,175.77844280922514
289,2020-06-21,North East and Yorkshire,284.63434963826177,130.53208771550038,619.2102686735279,33.25094608182224,15.248740765448186,72.3360595203666
69,2020-06-21,South East,302.3413270023004,176.8072563866691,516.3888054180483,34.202033764580584,20.001128567890763,58.41592194382722
344,2020-06-21,South West,53.45130898098862,14.660834538201902,194.45875067144917,9.543073644477278,2.617511644800304,34.718217642354205
453,2020-06-22,Scotland,107.94305284666612,21.336530308440775,482.04418491988207,19.849405646579893,3.9235266560822297,88.6420229344591
618,2020-06-22,UK,2090.1185390276096,1586.1377686927133,2753.4589576814706,,,
563,2020-06-22,Northern Ireland,0.0,4.623386566224422e-14,674.9777534834853,0.0,2.457106047559825e-14,358.71798654443563
233,2020-06-22,Midlands,705.3259435672255,427.951912694544,1160.1628292088947,66.9337093649584,40.61159129012603,110.09661892423318
288,2020-06-22,North East and Yorkshire,282.12369245130157,129.381917970369,613.7212816436898,32.95765145009684,15.114378091972862,71.69483680074431
178,2020-06-22,East of England,175.17196204428654,80.32844715986019,381.1842820166982,27.00756981221902,12.384836701369988,58.77002796420033
68,2020-06-22,South East,227.39776260884966,123.58491948143698,417.90791553266905,25.724124557668496,13.980409594699305,47.27537839186995
343,2020-06-22,South West,52.6463587854107,14.440076664613535,191.52554467412935,9.399359689796231,2.5780980423008537,34.194529796715074
13,2020-06-22,England,1743.5661769598216,1323.1480003893714,2296.9213557112225,31.18885315238597,23.668426944925876,41.08725198533571
123,2020-06-22,London,231.22684853265665,106.02521291742607,503.349309108774,26.019720537962396,11.930908662190948,56.64138243071298
398,2020-06-22,North West,239.09408599193915,102.19574379645444,557.6904408960701,34.19497251276039,14.615922579359317,79.76027185261817
508,2020-06-22,Wales,238.60930922112178,83.13477777819709,604.9650000699336,76.02337108794305,26.487592131154347,192.7480484548625
562,2020-06-23,Northern Ireland,0.0,0.0,682.4582490618004,0.0,0.0,362.693507661034
67,2020-06-23,South East,257.9968270839975,144.15061851917687,461.16077917208196,29.185610444232797,16.306881929312134,52.16831154552626
122,2020-06-23,London,200.60824048879692,85.72542230910337,468.52875414136764,22.574239921769507,9.64659400773112,52.72306102911885
12,2020-06-23,England,1795.2016469183284,1362.3649033806942,2364.8477581863776,32.112506702948856,24.369937587108925,42.30231718903305
287,2020-06-23,North East and Yorkshire,244.11340717320206,104.33044454316322,569.7170136615775,28.51729508431381,12.187868367279227,66.5542641892418
342,2020-06-23,South West,108.4353009856627,42.185668906757094,278.085656884465,19.359788987306096,7.531732202515506,49.64877294333767
232,2020-06-23,Midlands,666.5262680983658,397.50947733397874,1115.2745470858426,63.251714926822665,37.722678526645076,105.83683058535401
452,2020-06-23,Scotland,126.15606375338453,29.845260291469003,504.74212425087967,23.198555332447828,5.488177909834134,92.81589603921952
617,2020-06-23,UK,2135.816007390223,1620.854556111879,2813.5444871308855,,,
177,2020-06-23,East of England,178.75679237891984,81.97498849423015,388.92544115729265,27.560269881326494,12.638696277512992,59.9635402904723
397,2020-06-23,North West,246.9379629825106,105.55267343694608,575.8604859395685,35.31679514995898,15.09602695462083,82.35893165735712
507,2020-06-23,Wales,214.45829671851038,79.69250715472232,546.6253508943198,68.32861101496493,25.390849435541266,174.1604383867743
451,2020-06-24,Scotland,115.03362753640171,26.882381391332874,524.445882468513,21.15327550732824,4.943340760804854,96.43917590123627
561,2020-06-24,Northern Ireland,0.0,0.0,650.7065943950281,0.0,0.0,345.8190409504842
506,2020-06-24,Wales,163.39584510328683,58.0412519229251,490.4212494021585,52.059590663345524,18.492537645529243,156.25323569484866
231,2020-06-24,Midlands,480.4669515580442,261.2306988683426,881.7492084655898,45.59514021617514,24.790155295899847,83.67584630976042
396,2020-06-24,North West,252.8674123403533,108.09185194400756,589.5493739491195,36.164818458298235,15.459177464570653,84.31670132478685
616,2020-06-24,UK,1823.4180257163086,1349.6035806866623,2462.791934791906,,,
11,2020-06-24,England,1544.98855307662,1143.5238952038965,2086.732331368816,27.636703292813632,20.45531699057534,37.32739778474022
341,2020-06-24,South West,111.96741508551489,43.56103871606924,287.09016770004246,19.990404506704785,7.777287561755162,51.25641757325892
286,2020-06-24,North East and Yorkshire,200.55840241053667,78.0313348942859,514.0734790317547,23.429205341113615,9.115609948553221,60.05399402813988
121,2020-06-24,London,162.61202636573262,63.25983007928793,417.14314608174095,18.298564846592917,7.11856391412778,46.94069116217011
66,2020-06-24,South East,193.82094038122858,98.26101814100416,381.78428654806805,21.925783064222323,11.115670800026352,43.18893215416753
176,2020-06-24,East of England,214.46296169131273,103.96603345891282,441.3160932794083,33.0653567067373,16.02921993892611,68.0409984532004
285,2020-06-25,North East and Yorkshire,206.99161792828858,80.53749217860653,530.4250311202902,24.18073270450235,9.40837890226319,61.964180123180725
65,2020-06-25,South East,222.74673220633548,117.25747303014685,422.51625086125057,25.197981802246673,13.264624097174668,47.796691313492
10,2020-06-25,England,1428.297966296101,1041.065917383101,1958.8970973934163,25.549345999780286,18.622552128093808,35.040685417383074
450,2020-06-25,Scotland,127.85568674548776,20.66773389691748,561.5888856026144,23.511095188666587,3.800543185472404,103.26931935834472
615,2020-06-25,UK,1700.7648033934863,1239.6630899708664,2332.5827770769956,,,
175,2020-06-25,East of England,218.30347444718925,105.83296157901788,449.12626154143106,33.65747724451394,16.317058191975907,69.2451504311775
340,2020-06-25,South West,86.2460320752853,29.341569739619146,252.84233891801924,15.398168002417632,5.238576308193764,45.141889071318175
230,2020-06-25,Midlands,492.2459530419813,267.6540103312395,903.1489885177328,46.712938688109716,25.399711865510376,85.70663317014429
505,2020-06-25,Wales,144.6111503518975,32.61978100632974,455.5164011287014,46.07459441772463,10.39299650272037,145.13219334439168
560,2020-06-25,Northern Ireland,0.0,0.0,688.5344193703164,0.0,0.0,365.9226979087468
120,2020-06-25,London,82.88044437599548,22.732836155832217,301.51245090641623,9.326451553574538,2.5581027789967163,33.92888741548131
395,2020-06-25,North West,152.78150073261284,51.98385136882615,447.42582270287073,21.85064175190896,7.434673096533057,63.99034775514975
559,2020-06-26,Northern Ireland,0.0,0.0,704.8416679670411,0.0,0.0,374.5892107715885
174,2020-06-26,East of England,185.74534712443628,85.18932467971312,403.91695961779016,28.637747566530088,13.134274496288814,62.27489466869577
394,2020-06-26,North West,98.52446540336493,27.026982738082875,357.85668880552976,14.090860392155662,3.865369266652423,51.18026899931391
64,2020-06-26,South East,221.6184589470178,116.66593824171085,420.3448479690791,25.070347116993858,13.1977073676372,47.55105372312053
284,2020-06-26,North East and Yorkshire,101.90615945740169,27.95314726966996,370.4015355111574,11.904663712689684,3.2654828690292734,43.270257091451434
229,2020-06-26,Midlands,444.2970279542099,233.97350750668699,841.6174565551771,42.1627028071561,22.203514408313914,79.86744107076872
614,2020-06-26,UK,1503.8088669129672,1076.5889177051345,2099.8321184767487,,,
119,2020-06-26,London,79.73866733420391,21.871051350674826,290.09056806773896,8.97291059957733,2.4611270171578363,32.64359463323869
504,2020-06-26,Wales,130.04024385057758,21.139808855627,419.6535162568796,41.4321542897453,6.735359733472014,133.70591071613057
449,2020-06-26,Scotland,112.78841955952649,12.90629947528175,516.7618482033333,20.740409253144755,2.3733104347624634,95.02617609152706
339,2020-06-26,South West,114.30964502820497,44.474222350439874,293.01167411696645,20.408580848154934,7.9403252654123335,52.3136296958479
9,2020-06-26,England,1260.980203502863,902.7459156585197,1760.7601539909676,22.556371484386077,16.14828858775149,31.49641843543417
283,2020-06-27,North East and Yorkshire,207.83003522092304,80.86588755216576,532.479008402412,24.278676498801552,9.446742005218315,62.20412547042331
173,2020-06-27,East of England,158.60022959100678,67.7859590499565,370.0677467700637,24.452582039528448,10.451067625006552,57.056108691733826
8,2020-06-27,England,1222.5939518270602,866.3827235890493,1724.6403196222898,21.86971950500742,15.497825030592884,30.85030805264532
118,2020-06-27,London,81.36522496077833,22.317293908881478,295.9897852002922,9.155945464044553,2.511342235374775,33.3074274976135
558,2020-06-27,Northern Ireland,0.0,4.075344509552426e-14,655.4660366637681,0.0,2.1658482363261102e-14,348.34845401470113
613,2020-06-27,UK,1417.269531666229,1004.3382228987617,1999.2575412556348,,,
448,2020-06-27,Scotland,72.54186467910561,9.840790599007661,377.2638784450033,13.339560633144961,1.809600889834255,69.37420761755085
393,2020-06-27,North West,101.17940126740145,27.755603496374942,367.442794926505,14.470566391646303,3.9695758040021754,52.55126332546467
63,2020-06-27,South East,204.45190706216505,103.65735911481616,402.6226003674131,23.128399606845203,11.726126003162058,45.546243739430054
338,2020-06-27,South West,89.60830575836077,30.486294829649175,262.63595678530277,15.998460604828724,5.442952890266299,46.890419057489275
503,2020-06-27,Wales,122.13371516006316,28.800202542918313,365.61470154600727,38.91305322609225,9.176039662807865,116.48859058169224
228,2020-06-27,Midlands,407.784557837664,206.8166886997617,801.9952444259421,38.6977585707122,19.62639863102318,76.107389912517
337,2020-06-28,South West,63.74391949560689,17.485232007582322,231.67537358539977,11.38069262907238,3.1217730663710896,41.36278781355232
172,2020-06-28,East of England,134.68740579878104,52.40414496664951,345.1773690340028,20.765763381799697,8.079538455352905,53.218573240773836
502,2020-06-28,Wales,100.49130340709412,24.27531395045745,292.9204006562779,32.01755905905923,7.734363788052004,93.32744137691812
392,2020-06-28,North West,108.54210456298127,29.775944608224474,394.0761734821095,15.52357209761115,4.2585227618471455,56.360339755993955
557,2020-06-28,Northern Ireland,0.0,0.0,667.3447919304167,0.0,0.0,354.6614371462415
117,2020-06-28,London,86.50675925242754,23.7277887746062,314.65017121974336,9.734517054039515,2.670063778566178,35.40726163209139
227,2020-06-28,Midlands,377.388041645325,182.9618052807948,776.3275748375205,35.813203424143495,17.362628457442554,73.67159075898218
7,2020-06-28,England,1175.7557045953538,818.9706236153247,1687.3321000607395,21.031878513292366,14.64971898032232,30.182939875481498
62,2020-06-28,South East,217.79441932570472,110.42589684424844,428.8393647928668,24.63775679418877,12.491809471757534,48.51198669944094
612,2020-06-28,UK,1334.2072797663554,929.33979709536,1914.7266413300354,,,
447,2020-06-28,Scotland,57.96027176390739,7.594211399804061,311.3067175863489,10.658184248893436,1.3964824846553134,57.24549338672494
282,2020-06-28,North East and Yorkshire,215.96139877360744,84.03145377911572,553.2393160951913,25.228581285084793,9.81654302208266,64.6293417966044
281,2020-06-29,North East and Yorkshire,218.64307468339803,85.07515233341836,560.0983693308483,25.541854300793165,9.938467745500258,65.43061546438564
116,2020-06-29,London,131.59272126442016,44.766824943078014,385.9341071578242,14.807994200753964,5.03756497907839,43.42876996352083
446,2020-06-29,Scotland,70.19586918793884,9.63020446373611,355.72014464312184,12.908160789234998,1.7708766782030692,65.41257877624939
336,2020-06-29,South West,64.51972592345498,17.697976815237443,234.50594627892158,11.519203322560664,3.159756034527306,41.86815174542409
611,2020-06-29,UK,1352.0661053895408,941.7708099721101,1940.3920931265866,,,
501,2020-06-29,Wales,104.8483408216787,23.691932429797525,322.76681252853587,33.40575582847385,7.548492457315794,102.83681405317664
391,2020-06-29,North West,106.48856231467387,29.212151767037994,386.6997760013932,15.229876749843196,4.177889731434537,55.30537552277243
61,2020-06-29,South East,214.94405037236726,108.97859519138741,423.258794253203,24.315311906650063,12.32808504648798,47.880690727052254
556,2020-06-29,Northern Ireland,0.0,0.0,627.0695755849761,0.0,0.0,333.2571102028477
6,2020-06-29,England,1177.0218953799233,819.8451683303573,1689.1807065706057,21.054528091475685,14.665362806781438,30.216007686577317
171,2020-06-29,East of England,99.52051310930153,33.8581459382215,291.72161346227364,15.343820861399008,5.220163258248109,44.97690012356918
226,2020-06-29,Midlands,384.3709665475725,186.34400892820432,790.7497063537746,36.475865942355284,17.683591322928354,75.04021581543475
610,2020-06-30,UK,1386.3009858746632,965.6119851780755,1989.5442505884334,,,
335,2020-06-30,South West,130.91624739190254,50.93794176003799,335.4658571924086,23.373485400776524,9.094342847375975,59.89330179984006
445,2020-06-30,Scotland,59.670530618749964,10.39871490130668,427.3798782079587,10.97267991003291,1.9121963371962047,78.58992629925133
5,2020-06-30,England,1192.344163295542,830.5135942818941,1711.1879014574954,21.328612304794746,14.856199251515507,30.609671648802113
60,2020-06-30,South East,191.40883101838713,92.76583164300115,394.31188841455935,21.65291581616947,10.494033804479475,44.606103489211975
555,2020-06-30,Northern Ireland,0.0,0.0,651.6172212705408,0.0,0.0,346.3029950328096
500,2020-06-30,Wales,134.2862919603711,45.894648919474044,490.6925365376288,42.78498872928073,14.622505455236388,156.3396705562485
115,2020-06-30,London,134.00514805131016,45.58729698426435,393.025372742792,15.079462117267589,5.129891857883144,44.22674281984021
280,2020-06-30,North East and Yorkshire,158.77895974860635,54.02102018037957,465.2463955095069,18.548536521464992,6.310728243396007,54.35002076000047
170,2020-06-30,East of England,102.42340828148488,34.84565854345016,300.23741586670036,15.79138189288688,5.3724154526912855,46.289844987921796
390,2020-06-30,North West,163.04135342773282,55.476773968108354,477.32319902326145,23.317994570106336,7.934227034791829,68.26623754655965
225,2020-06-30,Midlands,334.31555662140556,153.32601772110493,727.0570385684229,31.725729795091077,14.550264600117819,68.9959372048079
4,2020-07-01,England,1168.7907059707422,814.0966900294861,1677.432014962781,20.90728885206806,14.562534220207128,30.005847486103573
334,2020-07-01,South West,128.1985611762429,49.879601413097895,328.5418939026296,22.888275960763643,8.90538919845106,58.65711333512876
444,2020-07-01,Scotland,62.061212798134626,5.644043885129622,416.7070551436952,11.41229708871382,1.0378705586748354,76.6273248273653
609,2020-07-01,UK,1353.3496364201958,942.6473480957588,1942.30840130098,,,
279,2020-07-01,North East and Yorkshire,155.84458466773793,53.02183430326276,456.7097912656219,18.2057432228986,6.194003484884065,53.35277581118801
554,2020-07-01,Northern Ireland,0.0,0.0,626.4302234203838,0.0,0.0,332.9173254914379
169,2020-07-01,East of England,68.72206992271649,18.8501577722826,249.87411011059055,10.595394830416577,2.906269622518452,38.524957957436925
499,2020-07-01,Wales,122.49771765131888,20.995306663976514,436.72918323708785,39.02902814995419,6.689319854413124,139.14639320043926
114,2020-07-01,London,86.33500652327108,23.680308613073773,314.0906066132308,9.715189895266027,2.6647208845985837,35.34429439979642
59,2020-07-01,South East,161.09320849227262,73.86102270229195,350.80375699527997,18.22349399179361,8.355447855565645,39.68429344560957
224,2020-07-01,Midlands,541.2056866739628,294.28516866303534,992.8666694848623,51.35909783112228,27.926943747578125,94.22062196854377
389,2020-07-01,North West,106.38197590349104,29.182501531441886,386.3847992884887,15.214632878856134,4.1736491874369746,55.26032790063972
278,2020-07-02,North East and Yorkshire,253.11759705027524,108.1859753419999,590.5143774880502,29.569163323314307,12.63827095175946,68.98380940793008
223,2020-07-02,Midlands,476.0672154498494,250.69927958577688,901.8619335232381,45.17761600536982,23.7907493277957,85.58449479465432
168,2020-07-02,East of England,0.0,0.0,127.63843545550947,0.0,0.0,19.67897097262386
113,2020-07-02,London,123.97029896166819,42.17238082332472,363.679868065595,13.950250822774535,4.745614838444931,40.92452322210913
388,2020-07-02,North West,104.28415659818386,28.606847385529512,378.7977304847078,14.914605075223486,4.091319766302762,54.17523368711553
58,2020-07-02,South East,79.46163357540975,27.029516414426585,233.24652002853958,8.989010868878724,3.0576846447441484,26.385758879156917
333,2020-07-02,South West,125.78634095788675,48.94056904787225,322.380945686036,22.45760371663474,8.737736521898587,57.5571518248938
553,2020-07-02,Northern Ireland,0.0,0.0,641.7613363982281,0.0,0.0,341.065069547468
498,2020-07-02,Wales,111.39077133550639,0.0,443.71672778333607,35.49024123431725,0.0,141.37269649835744
443,2020-07-02,Scotland,54.43173039475232,0.0,429.7046001356005,10.009328698396926,0.0,79.01741419532567
3,2020-07-02,England,1022.0544873590217,697.7177755918436,1496.6502314660422,18.282476307013273,12.480752111564307,26.772029021043874
608,2020-07-02,UK,1187.8769890892804,810.9184987247868,1739.4731813834778,,,
2,2020-07-03,England,1307.2339566599792,940.3179855600458,1816.7335684392492,23.383757065746348,16.820376510925787,32.49766899118254
167,2020-07-03,East of England,0.0,0.0,119.6208385354953,0.0,0.0,18.442838169083238
497,2020-07-03,Wales,167.3342200642938,0.0,765.088636026487,53.314397284769626,0.0,243.76507975180485
552,2020-07-03,Northern Ireland,0.0,0.0,636.7269979721929,0.0,0.0,338.38956248897523
222,2020-07-03,Midlands,452.71089582790944,238.38922383632854,857.7516966119051,42.961158318440845,22.622555103104634,81.39854104607905
57,2020-07-03,South East,150.68927188922055,69.08887806177138,328.191754243427,17.046559979793866,7.815604183703662,37.12633522907445
277,2020-07-03,North East and Yorkshire,291.65284565185016,133.76376280562064,634.1858225863615,34.07084583327494,15.626264610732925,74.0855016953321
387,2020-07-03,North West,100.11193530001647,27.462006946409172,363.7009364564924,14.317898586160444,3.927585949195565,52.01610685349307
112,2020-07-03,London,195.4248240214816,83.51005351213252,456.43319628238646,21.990955373425336,9.397300825077366,51.361960286542256
607,2020-07-03,UK,1548.1070832980092,1113.5825584866316,2151.487950138692,,,
442,2020-07-03,Scotland,73.53890657373634,0.0,636.1691662037849,13.522904428704207,0.0,116.98371971897996
332,2020-07-03,South West,210.53197650878667,102.06847858209267,433.0814194215767,37.587894377952644,18.223071173712658,77.3213595398542
386,2020-07-04,North West,100.7837568892439,27.646289393765347,366.1428465158313,14.413981768986995,3.953941821595274,52.36534613731435
166,2020-07-04,East of England,0.0,0.0,121.25597682891828,0.0,0.0,18.694939653229937
441,2020-07-04,Scotland,73.30311212018357,0.0,664.7775973668527,13.47954471601912,0.0,122.24445989717964
496,2020-07-04,Wales,159.9970977132279,0.0,779.138834405705,50.97671491590694,0.0,248.24161693607977
276,2020-07-04,North East and Yorkshire,248.41676511027336,106.17413748684757,579.6260813730838,29.02001277428409,12.403248326654458,67.71184013401151
221,2020-07-04,Midlands,357.89117180475927,173.48977602708365,736.5759638691272,33.96299809519338,16.46375601563529,69.89925996693647
331,2020-07-04,South West,210.07123284947303,101.84510441773847,432.13363219574063,37.505634265789254,18.183190464683364,77.15214379064467
56,2020-07-04,South East,151.67427357514566,69.54057865989242,330.334963524318,17.15798722414119,7.866702322557498,37.368783447835625
1,2020-07-04,England,1209.2453867338559,856.8947754665329,1705.923557459328,21.63094082141713,15.328104933575057,30.515503240357315
111,2020-07-04,London,199.21441720367412,85.12995656097512,465.2688435453109,22.417394414475066,9.579586856725307,52.35622662720398
606,2020-07-04,UK,1442.5455965672675,1022.215836943938,2035.0480910579136,,,
551,2020-07-04,Northern Ireland,0.0,0.0,681.1685094840097,0.0,0.0,362.0080735380218
110,2020-07-05,London,206.4782086822514,88.2356656755977,482.1832178595445,23.234781432972273,9.92906912380412,54.259583852040656
55,2020-07-05,South East,157.14314281423202,72.04903213211364,342.2220112353903,17.77664710839805,8.150468393191755,38.713492790770346
220,2020-07-05,Midlands,419.2168872644786,212.6035104925669,824.6497655517599,39.7826587111335,20.17555388549669,78.25724863622814
165,2020-07-05,East of England,0.0,0.0,124.08432085541683,0.0,0.0,19.131006577737644
495,2020-07-05,Wales,152.24004330851332,0.0,641.8393849422808,48.50523789146074,0.0,204.49660534872714
440,2020-07-05,Scotland,76.31465366037787,0.0,574.6942494014146,14.033330328676904,0.0,105.67923528464254
605,2020-07-05,UK,1476.177992062409,1046.0603527880571,2082.4471056942275,,,
275,2020-07-05,North East and Yorkshire,306.8192825693453,140.7247649240937,667.0507842452681,35.84258693493009,16.439447933163816,77.92478205446751
330,2020-07-05,South West,187.24234984780313,85.87917330179104,407.0987898319209,33.429818053625425,15.332669881617196,72.68248067274449
385,2020-07-05,North West,51.83579953935619,9.151329836936089,292.5809946985131,7.413498887149393,1.3088131014657705,41.844611212211454
550,2020-07-05,Northern Ireland,0.0,0.0,734.8681843246981,0.0,0.0,390.54685001995495
0,2020-07-05,England,1247.6232950935178,884.1002041960721,1760.0245592567742,22.317443555837173,15.81475472800546,31.483260141560613
