269,2020-05-12,England,10944.0,9717.57738029067,12321.50173249407,19.550084830341547,17.35989152631215,22.011652199569745
268,2020-05-13,England,10683.0,9479.582627409265,12036.359863168162,19.084440387688463,16.934727626693267,21.50226269564386
267,2020-05-14,England,9999.0,8862.137788310225,11279.124193064861,17.862519550475195,15.831698032920174,20.149504844750947
266,2020-05-15,England,9309.0,8250.542014396437,10501.811619900749,16.63054333695372,14.739117456754316,18.760880764480035
265,2020-05-16,England,8799.0,7781.197027770298,9947.847784517126,15.718818713722328,13.900659707729993,17.771256322562607
264,2020-05-17,England,7950.0,6997.620213853949,9030.954517874918,14.202785613470418,12.50084492264678,16.133279383742636
263,2020-05-18,England,7903.0,6967.386725858099,8963.09492765039,14.118685678351511,12.446834540065773,16.01205213962446
262,2020-05-19,England,7748.0,6827.08832704184,8792.161169995967,13.841892791016821,12.196199542323908,15.706688840219789
261,2020-05-20,England,7349.0,6457.06271285147,8362.04393163108,13.128154676861941,11.535170123887756,14.93830920099452
260,2020-05-21,England,7346.0,6466.973148479311,8342.238866113285,13.12263254706688,11.552874545550173,14.902928593708824
259,2020-05-22,England,6935.0,6079.173003679138,7910.106994160984,12.389188106386628,10.860091953329869,14.130949927774108
258,2020-05-23,England,7081.0,6211.096495646452,8071.977775719639,12.650384228290934,11.095765663010829,14.420122743092977
257,2020-05-24,England,6741.0,5879.110893308588,7728.215148030164,12.042784517177589,10.502692531782484,13.806010635316706
256,2020-05-25,England,6956.0,6070.785004914775,7968.77406062654,12.426591806098683,10.845107277317151,14.23575525837787
255,2020-05-26,England,6715.0,5838.577291455531,7722.4201425354295,11.996829323583167,10.430281589857087,13.795658192228679
254,2020-05-27,England,6597.0,5725.298972376091,7600.067090314096,11.785465039187892,10.227916406175552,13.577081521176535
253,2020-05-28,England,6414.0,5547.082337979318,7414.952778526695,11.4585189432844,9.909542667512317,13.24638547968012
252,2020-05-29,England,6097.0,5245.869101066393,7084.171112937314,10.891760334109394,9.371442592312162,12.655463112015605
251,2020-05-30,England,5726.0,4891.51191735728,6701.457341595784,10.229508949776568,8.738403921250336,11.971767032621374
250,2020-05-31,England,5204.0,4400.221115909709,6152.69410926592,9.2965499329843,7.860741239777591,10.991433168113476
249,2020-06-01,England,4622.0,3856.2670658522634,5536.950568910832,8.256092077429946,6.888998702028644,9.891442846423649
248,2020-06-02,England,4141.0,3407.1580558069863,5030.628462122977,7.39720252787598,6.086691358051287,8.986927604894582
247,2020-06-03,England,4067.0,3339.7217401281864,4950.842064001321,7.265304234656077,5.96622026949659,8.844393806349652
246,2020-06-04,England,3545.0,2869.015210198843,4379.077230240101,6.333082758916997,5.125330201888424,7.822968907507451
245,2020-06-05,England,3304.0,2660.247100573241,4102.915431646044,5.902850846130666,4.752378014792459,7.329621782016315
244,2020-06-06,England,2970.0,2367.0933105670983,3725.0446226603935,5.305481168984302,4.22867567666076,6.6545773755518605
243,2020-06-07,England,2513.0,1969.1036647042301,3206.540143107146,4.489540637571925,3.51769012847384,5.728299027698656
242,2020-06-08,England,2388.0,1867.1501185828608,3052.477165958294,4.265415034888409,3.3355559985229353,5.4530744046409305
241,2020-06-09,England,2188.0,1700.6144990526807,2814.2767355772266,3.9086716965519037,3.038049719213571,5.027543074031397
240,2020-06-10,England,1834.0,1395.8247272852527,2410.3619262169386,3.277160449143499,2.4935603707733405,4.305972562991544
239,2020-06-11,England,1768.0,1344.931126267234,2322.5881241301836,3.157726300604535,2.4026418878551437,4.149169727938381
238,2020-06-12,England,1742.0,1329.1275584067976,2283.335276468541,3.1124642481391382,2.3744097253469936,4.079046779508143
237,2020-06-13,England,1726.0,1319.7784138635714,2255.7566300942526,3.082702726766907,2.3577080178346455,4.02977911836544
236,2020-06-14,England,1841.0,1424.5735851175393,2378.2127645367973,3.2885296337584267,2.544918547193536,4.248539939860486
235,2020-06-15,England,1905.0,1483.2768433368915,2444.8936516888893,3.402316951935032,2.6497885322780856,4.367661498921738
234,2020-06-16,England,1948.0,1520.0773193729626,2495.435562994983,3.4796859008146703,2.715530460240355,4.457951708453368
233,2020-06-17,England,1917.0,1489.695557223614,2465.5560284154735,3.4240657359801396,2.661255194435872,4.404573643236309
232,2020-06-18,England,1928.0,1495.4919322532523,2485.562357947153,3.4446310791875674,2.671610084119018,4.44031379707486
231,2020-06-19,England,1887.0,1456.956485897091,2442.8566963084136,3.3706450678336743,2.6027687317447317,4.364022595616402
230,2020-06-20,England,1831.0,1404.2392319649289,2387.8002895543923,3.271630970904027,2.5085923980750313,4.265667500341643
229,2020-06-21,England,1764.0,1338.56512097271,2323.741193238173,3.151101347621382,2.39126938655734,4.151229619396271
228,2020-06-22,England,1740.0,1320.7769253487077,2292.815449283777,3.109203781280529,2.3594918010134553,4.0959825614713505
227,2020-06-23,England,1754.0,1327.1115453127793,2316.569107149035,3.13278010805336,2.370808234228562,4.13841710124979
226,2020-06-24,England,1466.0,1076.9250820767977,1994.4948362780015,2.618587235009672,1.9238645472210079,3.5630499920485477
225,2020-06-25,England,1384.0,1004.4649884092591,1906.0670628503317,2.472286720355185,1.7944187690370157,3.4050788749127934
224,2020-06-26,England,1217.0,867.2217912877671,1708.4567898662738,2.174857851037489,1.5492417129133718,3.0520595194460745
223,2020-06-27,England,1214.0,860.2929575124248,1712.5358224297368,2.16874927371197,1.5368637509958518,3.0593464758615316
222,2020-06-28,England,1246.0,878.0933539096573,1767.0875878678814,2.225717968861329,1.5686631325174294,3.1568000585307843
221,2020-06-29,England,1244.0,877.029266157197,1765.001021196383,2.223043727896094,1.566762201119172,3.1530725275153797
220,2020-06-30,England,1261.0,888.8156776212327,1788.7488917681767,2.2529309540095324,1.587817945415599,3.195496728627829
219,2020-07-01,England,1154.0,803.767251044214,1656.1739459189828,2.061494864665446,1.4358838365239028,2.9586592341596476
218,2020-07-02,England,1122.0,781.2623336447637,1609.8557026225951,2.0037962019509785,1.3956800995662262,2.875914363926304
217,2020-07-03,England,1391.0,1014.0663575479848,1908.24147744673,2.485464762691222,1.8115710612421099,3.408963341179382
216,2020-07-04,England,1256.0,898.8355198512635,1753.2910707969975,2.242979078291142,1.6057178156627752,3.1321533765010403
215,2020-07-05,England,1217.0,862.7026641228553,1717.4741372068493,2.1748839002465976,1.5411685528749863,3.068168490392369
214,2020-07-06,England,1416.0,1040.2240753416947,1926.6066041342083,2.529385467081244,1.8583003154280031,3.4417715807935303
213,2020-07-07,England,1626.0,1223.2888380468844,2160.5150045141972,2.9046591806960382,2.1853349556972743,3.859635447349985
212,2020-07-08,England,1701.0,1290.962666773203,2241.09537504133,3.039036854055975,2.3062303476127415,4.003587631804751
211,2020-07-09,England,1629.0,1232.9432463192059,2152.470262553118,2.910623655153637,2.2025819992554925,3.845263979818915
210,2020-07-10,England,1691.0,1290.0451622824055,2215.8933858734717,3.0207924432159765,2.3045912787572207,3.9585657316870666
209,2020-07-11,England,1749.0,1337.411264240609,2285.4957751446454,3.1236878699306176,2.3892080880544015,4.082906385785732
208,2020-07-12,England,1887.0,1453.979426504733,2448.8072958211847,3.3713438065216454,2.59745038684289,4.374652998443731
207,2020-07-13,England,1849.0,1420.9635651460655,2404.4678731206154,3.3025413260965517,2.5384694547232547,4.295443177075871
206,2020-07-14,England,1832.0,1404.707920909559,2388.4240418803884,3.2726350427898616,2.5094296838428676,4.266781797896972
205,2020-07-15,England,1863.0,1432.1604860661175,2423.329796158823,3.3285214425546017,2.558472108161861,4.32913891471775
204,2020-07-16,England,1647.0,1246.5490418499417,2176.121157363173,2.9426927439895723,2.2268879682536724,3.8875149393261177
203,2020-07-17,England,1814.0,1394.6431006024043,2359.911768960698,3.2413591589470903,2.4914494628550305,4.21584626677804
202,2020-07-18,England,1778.0,1360.0872940900235,2324.081079109419,3.176566932214125,2.429717507534988,4.151836805902254
201,2020-07-19,England,1777.0,1352.5649101445506,2335.2533384079798,3.1753912918921845,2.416279202471676,4.17179540277643
200,2020-07-20,England,1984.0,1538.8446664160915,2557.1040909900335,3.5442206700468586,2.749057243321719,4.568118976969567
199,2020-07-21,England,1842.0,1415.9503303372082,2395.8731649172437,3.290832837112253,2.529513599876736,4.280089226572379
198,2020-07-22,England,1796.0,1373.4179887217435,2346.7442165158504,3.2076430500208515,2.453532024643585,4.192323193777025
197,2020-07-23,England,1783.0,1363.4861627781268,2329.76876555723,3.184444539407238,2.4357893904157275,4.161997529702605
196,2020-07-24,England,1946.0,1509.085984213415,2507.5794849851977,3.475642580181855,2.6958950739056817,4.479646124685309
195,2020-07-25,England,1861.0,1433.926812097414,2414.835325930277,3.324745637897644,2.5616275477435,4.3139640335750356
194,2020-07-26,England,1780.0,1357.828721020144,2331.9594042485633,3.179332559688432,2.425682697009385,4.165910979379067
193,2020-07-27,England,1506.0,1126.0904818949357,2013.799489148745,2.6905825467957594,2.0116956983700316,3.597536641001704
192,2020-07-28,England,1640.0,1241.3929829439633,2166.993782897599,2.9304587494503096,2.217676966395061,3.8712094112668543
191,2020-07-29,England,1817.0,1393.4571615953419,2369.123272296843,3.246336621986012,2.4893308512182264,4.232302086212425
190,2020-07-30,England,1708.0,1299.6018148043543,2243.7237918771207,3.051007534190233,2.321663687305484,4.008283146887327
189,2020-07-31,England,1490.0,1114.2574480244907,1992.583283764804,2.6622833395508,1.990556665833513,3.5596351137329645
188,2020-08-01,England,1426.0,1055.7826587766624,1926.6914185424166,2.5482923984647448,1.8860948273895881,3.4419230968421033
187,2020-08-02,England,1288.0,934.5453411418332,1773.4988443781563,2.3002433421957478,1.6695113518259765,3.168253398515653
186,2020-08-03,England,1303.0,949.6358156508136,1787.0083585191014,2.3275509860504258,1.6964696141895785,3.192387366364023
185,2020-08-04,England,1276.0,925.9553126840542,1757.2111027033989,2.2791063914057648,1.6541657614180805,3.1391562874130576
184,2020-08-05,England,1259.0,909.492079344777,1741.1806370369825,2.2484323186814215,1.6247551445783441,3.110518785060909
183,2020-08-06,England,1173.0,839.5942260194562,1637.7304319275038,2.0951453723089055,1.4998866609879051,2.9257109601479083
182,2020-08-07,England,1228.0,887.6933754008655,1699.4410742420594,2.194538819160285,1.5858130172279594,3.0359534634669494
181,2020-08-08,England,1222.0,879.2295224321914,1698.6464532472642,2.183556646673049,1.570692832054148,3.034533918889702
180,2020-08-09,England,900.0,610.0730346022997,1328.3332370180858,1.6084585444715673,1.0898602902102348,2.372990715998734
179,2020-08-10,England,927.0,632.7305829003905,1357.1757823657204,1.655749733144757,1.1303366934653092,2.4245162597616483
178,2020-08-11,England,1004.0,695.1964382840612,1450.6380044043415,1.7943349573083873,1.2419283413752318,2.5914811289778514
177,2020-08-12,England,797.0,526.4965156298155,1205.937152561975,1.4237518258915223,0.9405556593614196,2.1543371703410537
176,2020-08-13,England,830.0,553.0888481022184,1244.205356163029,1.4822440084930244,0.9880613276042933,2.2227011089466298
175,2020-08-14,England,873.0,586.8754764563394,1298.0843906888488,1.5595588005038745,1.0484191905071374,2.318952896640929
174,2020-08-15,England,951.0,644.1463776218291,1402.2650648785718,1.6981949192080568,1.1507303523264947,2.505065662435809
173,2020-08-16,England,877.0,579.267522001708,1326.6508769682462,1.566398498307265,1.0348280186645138,2.3699852768002097
172,2020-08-17,England,793.0,513.7258808510372,1224.479719675443,1.4171828819655634,0.9177416568785178,2.187462397042314
171,2020-08-18,England,874.0,577.2415006697777,1321.9809786193346,1.5609092139045844,1.0312086484062803,2.361642772737373
170,2020-08-19,England,1113.0,770.5129589892555,1607.4412046318992,1.9885875013373604,1.3764769617168902,2.8716010025226693
169,2020-08-20,England,1051.0,722.5830181371916,1527.7910611905731,1.877420137395719,1.2908528867553697,2.7293106151056294
168,2020-08-21,England,1107.0,771.256939633887,1588.8033779850641,1.977957083004508,1.3778060402292645,2.838305600159165
167,2020-08-22,England,1040.0,715.2431739326886,1512.3493592095872,1.8583801933322408,1.277740678411278,2.7017249051204177
166,2020-08-23,England,1022.0,697.5490421874317,1495.928319538494,1.8252601876749888,1.246131132561616,2.6723896648353618
165,2020-08-24,England,1154.0,808.8502245593581,1646.369326475545,2.061937941197768,1.4449642755470062,2.941143847007695
164,2020-08-25,England,1161.0,813.5089540311718,1655.8962248439645,2.0738323560923004,1.4532868270550756,2.9581631014767567
163,2020-08-26,England,1116.0,777.4727061497721,1601.7945610126378,1.9939738759580934,1.3889101486140871,2.8615135993683674
162,2020-08-27,England,1239.0,878.075018064742,1747.7987456466626,2.2135197437115366,1.5686303765880123,3.122341654391121
161,2020-08-28,England,1401.0,1012.2655611886045,1937.5601542263385,2.5023409094671143,1.8083540424074334,3.4613394662845245
160,2020-08-29,England,1348.0,965.2693168868926,1882.484129773619,2.408588808010369,1.724397962481947,3.3629493251224973
159,2020-08-30,England,1366.0,973.1400029843692,1916.7856777032875,2.4403412934558593,1.738458489251404,3.424227062148949
158,2020-08-31,England,1618.0,1174.118004333484,2227.4037791766154,2.8895864045269106,2.0974940972077656,3.9791283854584725
157,2020-09-01,England,1577.0,1144.5431717383442,2171.4197294051573,2.816855293420301,2.0446603645120236,3.879116109435094
156,2020-09-02,England,1730.0,1270.8562289863314,2352.948193163408,3.0898106866355697,2.270311356150057,4.203406240242065
155,2020-09-03,England,2015.0,1511.5189555435031,2684.8740125775503,3.599531198138314,2.7002414368646863,4.796372572725174
154,2020-09-04,England,2149.0,1626.3973436632969,2837.861733527201,3.8387164090187955,2.905465051602453,5.069676312598683
153,2020-09-05,England,2387.0,1826.4115917244255,3119.3060051850857,4.264879293039999,3.2627789698945264,5.5724602715504625
152,2020-09-06,England,2516.0,1929.4101746681636,3278.734804397473,4.494132298513419,3.4467799978558467,5.857270626249635
151,2020-09-07,England,2583.0,1990.5760015565384,3350.6206102118663,4.6145615735503585,3.556049219838375,5.985690472306172
150,2020-09-08,England,3103.0,2436.5098530716295,3950.462466169557,5.543542513012,4.352684326229574,7.057273351953464
149,2020-09-09,England,3520.0,2797.5019790233528,4427.490286630263,6.288446572185152,4.997575938935959,7.90945604051398
148,2020-09-10,England,4115.0,3318.1533204618513,5101.163667060968,7.35128464169169,5.927689531726396,9.11293468038165
147,2020-09-11,England,4434.0,3588.907088952734,5474.938384958495,7.920496203384161,6.411375523347629,9.780661656360195
146,2020-09-12,England,5036.0,4105.997150731316,6174.744610277928,8.997117788507063,7.335127095423274,11.03082511640356
145,2020-09-13,England,5774.0,4737.797674375562,7032.828927509177,10.314342581256398,8.463802291668868,12.563743258920944
144,2020-09-14,England,6329.0,5233.616588695675,7649.720210516708,11.306044827182156,9.349554185628428,13.665783956663033
143,2020-09-15,England,7086.0,5875.474848695595,8540.685297331996,12.657878837285956,10.496196947791107,15.257441697636128
142,2020-09-16,England,7622.0,6351.958519726819,9140.70594392098,13.615591881726942,11.3474075447798,16.329343976434433
141,2020-09-17,England,8681.0,7269.020105426359,10361.567601558218,15.507787694341992,12.985685175887857,18.510342914318077
140,2020-09-18,England,9428.0,7918.14932862931,11220.289232731702,16.84285766404068,14.145317094458226,20.04439958143603
139,2020-09-19,England,10576.0,8930.657557694944,12516.935797092941,18.892775533979737,15.954104649032047,22.36078388426966
138,2020-09-20,England,11918.0,10160.796051688025,13972.352129906494,21.29130313402109,18.151676120021673,24.960801221359343
137,2020-09-21,England,12717.0,10903.970469207783,14824.79873226447,22.718953609910226,19.47931435416016,26.483647911412167
136,2020-09-22,England,13789.0,11894.385626528257,15977.011094983249,24.63319329684072,21.248633910284397,28.54200884328833
135,2020-09-23,England,14231.0,12312.288193175129,16440.99013823195,25.423402149908814,21.995192742969518,29.37088064395092
134,2020-09-24,England,14256.0,12372.693641516948,16418.541574935043,25.468041059854055,22.103103592533635,29.330777580347196
133,2020-09-25,England,14024.0,12215.565305202646,16093.335357219605,25.05355959049334,21.822402882122148,28.7498154287442
132,2020-09-26,England,14432.0,12641.912021065476,16467.83777528245,25.781633576331355,22.584046700363274,29.418842399097805
131,2020-09-27,England,14726.0,12939.150082847525,16752.653596991626,26.307515617007436,23.115045354461287,29.92764943776127
130,2020-09-28,England,15475.0,13722.47955956326,17445.243730396625,27.64600419363737,24.514418285900835,31.164921765789313
129,2020-09-29,England,15243.0,13564.133363656785,17122.007556752844,27.229911428305012,24.231541939568274,30.587478984297572
128,2020-09-30,England,14850.0,13267.94423419904,16614.496078551085,26.528472755717594,23.70241714257021,29.680838999334846
127,2020-10-01,England,14900.0,13374.96882046265,16592.211299883453,26.617119686651236,23.893610393261785,29.64102852752501
126,2020-10-02,England,15516.0,14009.095707812396,17178.489073969322,27.71763367200341,25.02644150409368,30.688379957219922
125,2020-10-03,England,16174.0,14673.27778055616,17823.51235641612,28.89457695839932,26.21296447019205,31.84067684944053
124,2020-10-04,England,16594.0,15092.211329966109,18238.59800206198,29.643377856641393,26.96136509412123,32.58220341522393
123,2020-10-05,England,16662.0,15220.133952180264,18235.71153004692,29.766081030068293,27.189891480739284,32.577046899446984
122,2020-10-06,England,17379.0,15942.477894500842,18939.286712474004,31.046199869127143,28.480317272337025,33.83394338398767
121,2020-10-07,England,17729.0,16304.12279706666,19273.71243623411,31.67227608119132,29.126375032815446,34.43137565140227
120,2020-10-08,England,18713.0,17273.092426448286,20267.958515097052,33.42996793293393,30.857383390152833,36.20753892791282
119,2020-10-09,England,18893.0,17454.093884067654,20445.293879747274,33.751369265783275,31.180732054887894,36.52433832900129
118,2020-10-10,England,19837.0,18361.30356454238,21425.65449250734,35.437716692902804,32.80140982552279,38.27569602116659
117,2020-10-11,England,21114.0,19575.909897667694,22767.57622704251,37.719725168860656,34.971233986943204,40.672961804259785
116,2020-10-12,England,22285.0,20709.198157996805,23974.62606154756,39.8113559807722,36.99578810135231,42.82928671671794
115,2020-10-13,England,23057.0,21455.11075822886,24772.290379567494,41.19059255736168,38.32831794098098,44.25426801538208
114,2020-10-14,England,24246.0,22605.528040503483,25998.019793045896,43.31389063420982,40.38347206517535,46.44396291832699
113,2020-10-15,England,25005.0,23344.36495836562,26775.71925626545,44.66948960209339,41.70336160634182,47.83327815536798
112,2020-10-16,England,25301.0,23631.978487354383,27080.994130669686,45.19940698500518,42.21716658770184,48.37863411169046
111,2020-10-17,England,26605.0,24884.233847227417,28437.354905376025,47.529064577796625,44.45424856399052,50.80169440727438
110,2020-10-18,England,27464.0,25703.40343995715,29336.238838363766,49.06277071385547,45.917647795601894,52.40749871021324
109,2020-10-19,England,28624.0,26843.606319963583,30512.783981605637,51.13466737168302,47.954554479262214,54.509328751095026
108,2020-10-20,England,29272.0,27499.109362691994,31149.705435952477,52.2924590376951,49.12557285880327,55.64715219468991
107,2020-10-21,England,31161.0,29334.790908865256,33090.539811154966,55.66679439709271,52.40491206767382,59.11434086790686
106,2020-10-22,England,32077.0,30233.834625998,34021.58617781422,57.30298752866228,54.01100181577213,60.77760150362389
105,2020-10-23,England,32951.0,31097.124949201472,34906.109110556456,58.86591822192697,55.55322018770127,62.357750707898234
104,2020-10-24,England,32938.0,31089.662867287916,34885.03079872997,58.84109588852322,55.53988960874004,62.32009551951685
103,2020-10-25,England,33182.0,31327.19932884285,35135.79670292688,59.277526941220934,55.96423479733624,62.768074344381695
102,2020-10-26,England,33465.0,31645.656739698523,35377.946084774776,59.782789722417334,56.53314059472331,63.20066024903001
101,2020-10-27,England,33264.0,31462.5758904577,35157.291897714065,59.42346233392892,56.20607721678592,62.806474270128554
100,2020-10-28,England,32818.0,31049.846793808883,34676.38054703313,58.62716532183801,55.468760489871215,61.947353878813125
99,2020-10-29,England,32773.0,31016.391754698274,34618.97787243807,58.54697579206619,55.40899499202742,61.844807311361905
98,2020-10-30,England,32762.0,31021.833114783414,34590.65530621583,58.52802659214081,55.41871566798779,61.79421068031658
97,2020-10-31,England,32739.0,31001.00742439313,34564.89695294464,58.48662561315274,55.38151177323218,61.74819486781674
96,2020-11-01,England,32580.0,30844.389196468415,34403.50310592303,58.2023733603623,55.10172234203806,61.459874068540984
95,2020-11-02,England,31640.0,29952.919980473933,33413.67544246472,56.523804180146335,53.50916400336211,59.69160403631766
94,2020-11-03,England,30318.0,28670.533369432593,32050.78640727955,54.16106876162261,51.21825428468829,57.25688137990727
93,2020-11-04,England,29514.0,27891.548817826344,31221.374473290976,52.72453187277454,49.82664331136226,55.77518479636643
92,2020-11-05,England,29570.0,27955.32709047537,31268.23204806369,52.82423804611314,49.94057951702276,55.85889315117617
91,2020-11-06,England,29181.0,27574.742300884853,30871.593808422924,52.129603298621284,49.260686740737185,55.150321812262355
90,2020-11-07,England,29583.0,27966.35519752184,31284.37409683289,52.84827281543616,49.96028059421259,55.88772999030585
89,2020-11-08,England,29782.0,28146.18808686104,31503.523858846016,53.20333588386784,50.28154167911258,56.279228400627865
88,2020-11-09,England,30142.0,28515.1392004554,31853.83380103121,53.84762307026006,50.94065156420604,56.90503690813283
87,2020-11-10,England,31243.0,29592.312914498874,32976.759846152796,55.813765919409754,52.86496027809561,58.91107952271692
86,2020-11-11,England,31250.0,29601.630165905946,32980.53420056321,55.82575165480012,52.881605010359664,58.917822189184335
85,2020-11-12,England,30346.0,28720.84937390013,32054.87084835257,54.21187099569802,51.30814092468208,57.264177998313116
84,2020-11-13,England,30870.0,29236.270720270586,32585.164074887427,55.14674311834638,52.22891143292466,58.21151626273019
83,2020-11-14,England,30839.0,29200.767217239194,32560.580444976305,55.09251388825558,52.16548647243202,58.16759902576065
82,2020-11-15,England,30496.0,28844.52446913943,32232.611467193085,54.479229308015995,51.52907934933667,57.5817013626394
81,2020-11-16,England,30808.0,29149.816006512538,32550.917069070347,55.03655149510599,52.07446507309199,58.15033596204215
80,2020-11-17,England,30763.0,29095.25344653121,32516.611007806485,54.95607933967823,51.97699220659392,58.08905016220447
79,2020-11-18,England,29706.0,28060.355082333113,31438.774315982693,53.0678833203664,50.12820596696231,56.163557076747765
78,2020-11-19,England,29181.0,27547.17314939344,30903.487988797682,52.13098345114466,49.21143604165512,55.20729892599745
77,2020-11-20,England,27854.0,26253.552190901497,29543.46630733413,49.75988770856972,46.90045680920445,52.77769863163543
76,2020-11-21,England,26752.0,25174.522943662556,28419.789678545192,47.79108073145787,44.9728332922795,50.770315142619715
75,2020-11-22,England,24878.0,23345.203212902055,26502.654724506567,44.442764604995986,41.70485909972464,47.34546411844228
74,2020-11-23,England,22880.0,21409.048882607665,24444.986922896853,40.87447378820487,38.24603105681331,43.66955926734437
73,2020-11-24,England,20682.0,19274.490004828775,22184.07520948717,36.94636380482147,34.43276473285019,39.630570889956566
72,2020-11-25,England,19524.0,18151.898575866104,20992.79626853498,34.878376143077695,32.42731989073494,37.50241976924057
71,2020-11-26,England,18551.0,17217.455407407022,19981.224737028024,33.14027773993324,30.757991064513867,35.695305570831074
70,2020-11-27,England,17391.0,16098.863667840995,18781.624655934145,31.068886907453493,28.759691436822692,33.55228921317567
69,2020-11-28,England,16232.0,14988.364220612755,17573.647245762128,28.998110601216055,26.775848222668095,31.394307240286615
68,2020-11-29,England,15648.0,14423.34875443242,16971.23828869506,27.95454300537097,25.766480679737768,30.31813838256559
67,2020-11-30,England,15429.0,14219.969626830307,16734.316029820136,27.56234203327872,25.40315559821595,29.894890431632934
66,2020-12-01,England,14770.0,13595.163238600182,16041.521800611617,26.38631007888049,24.286975021499266,28.65725349822318
65,2020-12-02,England,14047.0,12903.740104008843,15286.478549454749,25.094361454369885,23.051787469544895,27.308412277329786
64,2020-12-03,England,13847.0,12710.899748100954,15078.849734587726,24.736450239109583,22.707289295828655,26.93749537461093
63,2020-12-04,England,13743.0,12618.529754876628,14961.373420878163,24.550206519743536,22.542275630394638,26.727630715643013
62,2020-12-05,England,13989.0,12854.33380266107,15218.591916423102,24.990697325091148,22.963525961707234,27.18713672279639
61,2020-12-06,England,14142.0,12997.113692548153,15381.786132663632,25.26351912879124,23.21859400012654,27.47867377784502
60,2020-12-07,England,14380.0,13231.67951249081,15623.38575519825,25.689820738802563,23.63763230881487,27.91027756918766
59,2020-12-08,England,14536.0,13380.045422952631,15785.124950784075,25.966857108543888,23.90267945081589,28.19921531375532
58,2020-12-09,England,15116.0,13938.435830525066,16386.54947651703,27.00335065222714,24.900211708645024,29.273625541675266
57,2020-12-10,England,15377.0,14193.718774614832,16652.854597618294,27.469954292781114,25.356259964757122,29.749364281311742
56,2020-12-11,England,16731.0,15498.5765726021,18054.22927121857,29.888212921257065,27.68731316287881,32.2528393110824
55,2020-12-12,England,17962.0,16687.660096858355,19327.503336760557,32.08853576266491,29.811542298288696,34.52746999278984
54,2020-12-13,England,19369.0,18039.6889943651,20789.014050708116,34.60156765119,32.22686394509759,37.138374590280556
53,2020-12-14,England,20329.0,18982.866325870942,21764.025633018773,36.31714759585213,33.91179584985678,38.88017654805459
52,2020-12-15,England,22518.0,21108.89793176544,24012.808491473326,40.22658150239509,37.70982869441086,42.89749742559964
51,2020-12-16,England,24684.0,23228.428533893908,26223.64957890723,44.09728624337153,41.49624787068385,46.847037517516924
50,2020-12-17,England,27007.0,25504.83421106354,28588.629233896812,48.245888046256034,45.562915320710765,51.07193727039404
49,2020-12-18,England,28870.0,27343.856895618337,30473.542814346438,51.5750287224253,48.848223280598994,54.43922666903008
48,2020-12-19,England,31232.0,29649.644473846696,32889.5789499183,55.793617460357105,52.967379802259224,58.75533587977283
47,2020-12-20,England,33006.0,31388.621898987996,34697.389852329325,58.9627564265571,56.07396267633927,61.98488579100812
46,2020-12-21,England,35107.0,33474.56465590718,36809.68031388064,62.71588718933393,59.80037910433281,65.75837087371686
45,2020-12-22,England,37313.0,35672.44591767188,39020.0508119389,66.65695663909565,63.72676721515308,69.7070702848559
44,2020-12-23,England,38588.0,36942.62655148828,40298.56042319815,68.93530552027175,65.99587165949717,71.9910539670259
43,2020-12-24,England,40200.0,38529.62882321942,41935.264339213274,71.81577994066942,68.83095968721292,74.9149311157009
42,2020-12-25,England,41045.0,39338.306952572384,42815.831425191696,73.32368644286998,70.27561652459933,76.48801342788609
41,2020-12-26,England,43728.0,41961.339039127604,45560.19705880496,78.11811437483536,74.96151206323334,81.39066435039823
40,2020-12-27,England,46337.0,44517.95446593636,48220.55455207891,82.77850006680833,79.52875806982689,86.14323957538357
39,2020-12-28,England,48056.0,46188.40375038891,49988.403411825006,85.84907645308677,82.51291937294322,89.30139960221825
38,2020-12-29,England,51161.0,49262.55441181287,53122.33871523147,91.39661147091141,88.00471222720957,94.89999427129297
37,2020-12-30,England,53117.0,51198.30731851726,55097.31792712307,94.8910713552856,91.46282315002958,98.42818072594346
36,2020-12-31,England,54143.0,52201.23596444171,56146.461691760924,96.72398177806573,93.25449733182639,100.30241555185387
35,2021-01-01,England,54660.0,52687.27392758277,56694.48052581188,97.64662824247952,94.12277612062324,101.28141959176985
34,2021-01-02,England,54922.0,52950.723968121674,56954.97188037838,98.11507554589153,94.59341442350251,101.74677237280233
33,2021-01-03,England,54753.0,52779.69547136712,56788.73424370226,97.81354244481405,94.28788187815957,101.4497984226755
32,2021-01-04,England,53461.0,51540.18840182746,55441.78986367168,95.50484821988604,92.07357398729079,99.04355997308703
31,2021-01-05,England,52416.0,50525.90969121348,54366.390190872466,93.63880141220847,90.26162356954379,97.12242048156209
30,2021-01-06,England,50583.0,48734.28528025169,52492.11183447641,90.36432385577541,87.06098989172283,93.77413029730867
29,2021-01-07,England,48536.0,46744.130909203,50386.0477654668,86.70609350810908,83.50569389046908,90.01176830576703
28,2021-01-08,England,47431.0,45681.855036652196,49237.523052281176,84.73230592115819,81.60799931116964,87.9599951470958
27,2021-01-09,England,45137.0,43435.273817105226,46896.10577490324,80.63402292636965,77.59461153455293,83.77718822285618
26,2021-01-10,England,42972.0,41309.48483114119,44692.313049709985,76.76625246041239,73.79701211651147,79.84023962356585
25,2021-01-11,England,40158.0,38562.978618263645,41810.68101797848,71.73932545651782,68.89053717260211,74.6923701976875
24,2021-01-12,England,37189.0,35649.436019127,38788.12489154877,66.43619970836048,63.685661358504,69.29274800446133
23,2021-01-13,England,34834.0,33342.50607033189,36385.95110143992,62.22938426595631,59.56446405771275,65.00140307437421
22,2021-01-14,England,33458.0,31995.48300715557,34981.17962791383,59.771135289583746,57.158085045222485,62.49185985744731
21,2021-01-15,England,31790.0,30379.3122877936,33260.484262710204,56.791434519419134,54.270889268111375,59.417936829023795
20,2021-01-16,England,30398.0,29011.638422022006,31844.994550508614,54.304675387416694,51.827618787824576,56.88924609688008
19,2021-01-17,England,28379.0,27035.13877961561,29783.81937761259,50.69744424615113,48.29671617175058,53.20707552926764
18,2021-01-18,England,27328.0,26008.036291895118,28708.648283973733,48.819402210279506,46.461856815817185,51.28634438122931
17,2021-01-19,England,26602.0,25296.293407564874,27970.105937532844,47.52353050386921,45.19036920290064,49.96698107491743
16,2021-01-20,England,25567.0,24281.415508876427,26915.28256085378,45.67421841610595,43.37734837021692,48.082599949668385
15,2021-01-21,England,24891.0,23617.79944324006,26227.3224302794,44.4664430052108,42.19183654317132,46.85359885466073
14,2021-01-22,England,24384.0,23113.009755233772,25718.750102688682,43.56019325526252,41.29005887941291,45.94506372344937
13,2021-01-23,England,24059.0,22776.52953225127,25408.028245782098,42.98006972850684,40.68895636763123,45.38997704704246
12,2021-01-24,England,23760.0,22464.632584015995,25124.608952070157,42.44618564205339,40.13177045833928,44.883664825100965
11,2021-01-25,England,22657.0,21388.987002256985,23994.61262258696,40.475493152065525,38.21019166464052,42.864991555285194
10,2021-01-26,England,21541.0,20292.130441435263,22861.655491405076,38.48211236751577,36.250720680194455,40.84102898399965
9,2021-01-27,England,20534.0,19308.300680007393,21832.50709234514,36.68305721046951,34.49316555401809,39.002514725456756
8,2021-01-28,England,19411.0,18212.129946466783,20683.597448846405,34.67647480449949,32.534919760454486,36.95005391098209
7,2021-01-29,England,18371.0,17198.889315511056,19617.543033697126,32.818159843449,30.724823812145473,35.045609183258804
6,2021-01-30,England,17540.0,16387.989166820764,18769.337359586654,31.335001605452614,29.27619746536841,33.53033866692361
5,2021-01-31,England,16570.0,15438.632446444926,17779.27555293758,29.600877287530565,27.580226438790692,31.76165035139424
4,2021-02-01,England,15568.0,14469.133794285624,16746.31677326331,27.81145674703919,25.8482730127725,29.91632906764844
3,2021-02-02,England,14758.0,13682.421022105977,15915.21284818991,26.3651810514377,24.442856019119034,28.431609839620553
2,2021-02-03,England,14083.0,13031.203615829992,15216.084253688176,25.15857995884461,23.279493681925146,27.182656927950486
1,2021-02-04,England,13629.0,12595.858466601958,14743.964903968776,24.34796685143878,22.50177468146386,26.3392429392721
0,2021-02-05,England,12662.0,11662.70998160025,13743.313232537646,22.619720904932358,20.83475873256821,24.551636441082557
