date,region,active_cases,active_cases_lolim,active_cases_uplim
2021-11-01,East Midlands,94622.56579771462,88470.62216228817,101193.03176707418
2021-11-01,East of England,110599.99162384843,105058.5222196581,116428.11042383654
2021-11-01,London,133269.03596255535,126255.56888210053,140665.81985796645
2021-11-01,North East,57260.87245568656,52000.14413168312,63040.82539995003
2021-11-01,North West,148025.47733349935,139586.54527408772,156963.3066108758
2021-11-01,Northern Ireland,28245.393533809376,22112.072544949096,36046.693682289966
2021-11-01,Scotland,66256.4849890623,60669.09589651944,72351.46068678924
2021-11-01,South East,165221.28374424364,159140.55369012835,171529.86867766184
2021-11-01,South West,122702.91368416946,117258.52535172924,128394.09497917557
2021-11-01,Wales,73290.84636597334,68433.65962399305,78483.88074775005
2021-11-01,West Midlands,112024.1228249823,104641.73950495903,119916.45466329902
2021-11-01,Yorkshire and The Humber,114715.59530016236,107570.51727359512,122324.36349494185
2021-11-02,East Midlands,93737.31890529799,87617.81901385091,100275.05475711898
2021-11-02,East of England,110741.6663472016,105200.23084395088,116569.3546463602
2021-11-02,London,131999.80898224426,125022.53142119221,139360.2584187332
2021-11-02,North East,57659.04758690248,52386.015193490006,63449.807747797306
2021-11-02,North West,146502.36713991684,138113.11030706935,155390.04031262663
2021-11-02,Northern Ireland,29270.78490090198,23028.877954993917,37170.43062855513
2021-11-02,Scotland,65690.56947776492,60128.74515760801,71759.92381883426
2021-11-02,South East,165775.6462975986,159692.23646044428,172086.30923163396
2021-11-02,South West,122469.36282298047,117033.65031051254,128151.56662535177
2021-11-02,Wales,72710.91386426926,67874.5907767957,77883.01789174801
2021-11-02,West Midlands,110853.90084851097,103521.49145967553,118694.93451439892
2021-11-02,Yorkshire and The Humber,114718.96034931549,107579.14855801265,122321.74210850055
2021-11-03,East Midlands,92336.34248472855,86261.2771550813,98830.2089525711
2021-11-03,East of England,110520.28272174865,104981.4401853647,116345.71728921121
2021-11-03,London,130304.19360830628,123371.75256250781,137620.03795570054
2021-11-03,North East,58031.86919837488,52733.09887308326,63849.908496559976
2021-11-03,North West,144810.14337634933,136464.59250208928,153655.01666517605
2021-11-03,Northern Ireland,30493.84566577255,24111.115616436848,38530.88725267698
2021-11-03,Scotland,65004.41887324045,59468.086510036475,71049.29594887738
2021-11-03,South East,165685.51660111095,159605.26228786993,171992.91450545695
2021-11-03,South West,121689.30113022465,116264.15272349377,127361.64651004491
2021-11-03,Wales,71909.96828846782,67095.81108286872,77060.79297047699
2021-11-03,West Midlands,109787.5970591017,102487.96145747247,117596.50501967563
2021-11-03,Yorkshire and The Humber,113900.94150491185,106785.10193630376,121480.14346649808
2021-11-04,East Midlands,90562.81281602355,84524.25499456236,97023.82687815778
2021-11-04,East of England,110202.65913462354,104651.22708907891,116042.91102753319
2021-11-04,London,128242.1669623531,121327.17440124183,135545.15890027393
2021-11-04,North East,58174.61015669807,52838.06332790028,64036.77054144365
2021-11-04,North West,142744.5308062609,134421.44121105017,151571.96184891355
2021-11-04,Northern Ireland,31434.527057910058,24908.65059364696,39633.34028031597
2021-11-04,Scotland,64389.66992981543,58862.26130446476,70429.2635959657
2021-11-04,South East,164834.72243029226,158748.01710410777,171150.30536286638
2021-11-04,South West,120343.42213539904,114923.23443723987,126013.29906378244
2021-11-04,Wales,71074.10385160407,66264.8953601774,76223.59937219767
2021-11-04,West Midlands,108459.1788700701,101173.43343496331,116258.97663085799
2021-11-04,Yorkshire and The Humber,112641.85602722228,105532.19816931731,120219.67905710988
2021-11-05,East Midlands,88698.42118302733,82711.08892518507,95110.35783744922
2021-11-05,East of England,109611.32151546898,104065.51062832208,115447.01969229897
2021-11-05,London,125945.86069183561,119077.86309809952,133203.93938512946
2021-11-05,North East,58138.09334150617,52799.396411541995,64003.21990450118
2021-11-05,North West,140636.34392983204,132363.03774397526,149415.8861384315
2021-11-05,Northern Ireland,32351.92546075252,25719.710106684986,40656.58722170897
2021-11-05,Scotland,63865.507384490484,58353.98935350242,69890.7586172649
2021-11-05,South East,163560.70919628226,157487.12570414372,169864.04366235426
2021-11-05,South West,118410.97962575825,113024.28627048149,124048.52437701273
2021-11-05,Wales,70291.23214595366,65501.615569682566,75422.39632060578
2021-11-05,West Midlands,106722.41095578227,99483.45282721138,114477.62739197628
2021-11-05,Yorkshire and The Humber,111098.64337689716,104026.14317423826,118641.28070918456
2021-11-06,East Midlands,86863.15763339854,80923.0545392647,93230.60572729318
2021-11-06,East of England,108907.42014942908,103370.71629286892,114735.03771276698
2021-11-06,London,123589.32784890586,116774.34219160145,130796.0837425582
2021-11-06,North East,58016.01089963726,52676.15074220119,63883.78801369644
2021-11-06,North West,138272.04063424474,130056.32212646876,146996.00680533642
2021-11-06,Northern Ireland,33328.13446039952,26572.114701002145,41762.90064941118
2021-11-06,Scotland,63663.62702807589,58157.44482070056,69684.30147048486
2021-11-06,South East,161533.04890614277,155484.38881402303,167812.5687005831
2021-11-06,South West,116076.03095372235,110731.80502634024,121672.39590928995
2021-11-06,Wales,69327.56500503735,64552.53945859593,74447.16723732348
2021-11-06,West Midlands,104615.48554444674,97438.47877577257,112310.80522676514
2021-11-06,Yorkshire and The Humber,109358.64914720399,102327.38992836977,116862.45730485006
2021-11-07,East Midlands,85070.42597216529,79193.48662426086,91374.98206244363
2021-11-07,East of England,107939.7815719931,102428.53690538641,113741.97179049383
2021-11-07,London,121067.16924259414,114320.15144368907,128206.5449179635
2021-11-07,North East,57768.80926810867,52441.20965344687,63624.31425092054
2021-11-07,North West,135761.48839874208,127622.46397856325,144409.02100838049
2021-11-07,Northern Ireland,34163.68112094148,27331.46163493936,42664.17770126429
2021-11-07,Scotland,63502.04917898778,58007.10750657677,69510.72974248187
2021-11-07,South East,159094.23063330713,153087.93019393258,165331.79907492545
2021-11-07,South West,113480.8110074362,108196.52429330756,119017.51804267995
2021-11-07,Wales,68094.03355140163,63363.96301926584,73168.71720145049
2021-11-07,West Midlands,102284.63911007885,95192.98976479868,109894.50908240568
2021-11-07,Yorkshire and The Humber,107395.90627086947,100429.73136493345,114834.87434586143
2021-11-08,East Midlands,83085.31748149534,77279.48942933342,89319.00753954281
2021-11-08,East of England,106746.05144422564,101257.64279230784,112526.39711017186
2021-11-08,London,118443.24294747612,111757.60119086033,125523.09481863942
2021-11-08,North East,57505.51354472082,52180.29948042817,63360.85436515933
2021-11-08,North West,132942.03982149204,124886.20064708426,141507.17696677128
2021-11-08,Northern Ireland,34934.40820381306,27982.873112590827,43571.92688616602
2021-11-08,Scotland,63120.01322066779,57639.93196193292,69114.35258044674
2021-11-08,South East,156244.41122456567,150290.11234029906,162430.30036638337
2021-11-08,South West,110622.19423683532,105401.32296572236,116096.14022308157
2021-11-08,Wales,66569.33247076893,61889.25781756995,71594.99947566642
2021-11-08,West Midlands,99961.03790217101,92950.05628926618,107490.96445812508
2021-11-08,Yorkshire and The Humber,105099.8908325207,98201.91561947376,112472.18292520678
2021-11-09,East Midlands,81142.25827405236,75404.41156070375,87308.58840154923
2021-11-09,East of England,105559.27121268795,100097.24780427589,111313.84426102194
2021-11-09,London,115594.55931532943,108989.00078747419,122594.8518830705
2021-11-09,North East,57072.7732396536,51762.10778501175,62915.0285587233
2021-11-09,North West,130051.58362490598,122074.65317120113,138539.6063971601
2021-11-09,Northern Ireland,35390.102685578575,28376.056862546422,44096.3037054147
2021-11-09,Scotland,62843.07055519416,57380.02019784957,68819.53163487065
2021-11-09,South East,153002.25119037784,147103.14728498546,159133.6857176225
2021-11-09,South West,107478.5356168408,102323.83799716616,112887.50957023725
2021-11-09,Wales,65029.54342847623,60403.05732952187,70002.25166169561
2021-11-09,West Midlands,97675.96945040935,90738.67690849892,105133.95907220125
2021-11-09,Yorkshire and The Humber,102674.91402377163,95841.13282652463,109985.92359043451
2021-11-10,East Midlands,79393.52568085196,73712.4330098863,85504.48042241993
2021-11-10,East of England,104208.25374808378,98775.93650004826,109933.88757434183
2021-11-10,London,113013.69099363896,106472.50576242246,119951.22585959097
2021-11-10,North East,56537.864706096734,51244.69784436458,62364.575264046434
2021-11-10,North West,127080.26801109506,119187.43891179908,135485.8189247672
2021-11-10,Northern Ireland,35580.32942934665,28547.215801637747,44304.41021876474
2021-11-10,Scotland,62724.79035142301,57262.55414642846,68701.34884253975
2021-11-10,South East,149875.5462895041,144029.20846912626,155955.0335178851
2021-11-10,South West,104486.4635347073,99398.00451707818,109830.14903641847
2021-11-10,Wales,63474.19742093628,58902.412006075305,68392.87087390946
2021-11-10,West Midlands,95634.82071688512,88771.077958777,103019.773977582
2021-11-10,Yorkshire and The Humber,100133.4935620039,93376.00416434268,107370.1786668034
2021-11-11,East Midlands,77858.62158951102,72227.44204132064,83920.97709379873
2021-11-11,East of England,103081.26310464136,97668.38088471387,108788.72722364761
2021-11-11,London,110402.758735458,103929.6111789957,117273.67557319102
2021-11-11,North East,55921.465790939,50645.207259409435,61734.277252087806
2021-11-11,North West,124324.2110015664,116509.9465862748,132652.8026398376
2021-11-11,Northern Ireland,34972.512149568094,28003.90716496302,43634.05929160056
2021-11-11,Scotland,62773.8155922877,57303.71765472502,68759.34114133207
2021-11-11,South East,146926.86105087923,141127.22381445096,152960.73729224066
2021-11-11,South West,101642.78800875568,96616.4599939376,106925.45978112507
2021-11-11,Wales,62042.657057571734,57515.28197647193,66918.5937374866
2021-11-11,West Midlands,93731.1582144201,86921.76317364971,101064.64068130396
2021-11-11,Yorkshire and The Humber,97710.41137528107,91031.95592229684,104869.20491579057
2021-11-12,East Midlands,76423.63893059785,70840.386013943,82439.20027384348
2021-11-12,East of England,101716.50371961042,96334.30630617696,107394.05662842256
2021-11-12,London,107986.24749662148,101583.64312573873,114787.10180020884
2021-11-12,North East,55198.187776157334,49951.940838458104,60982.42709562325
2021-11-12,North West,121546.42012583312,113808.95328101887,129800.33655770124
2021-11-12,Northern Ireland,34733.636102536904,27801.750830226592,43353.11843996824
2021-11-12,Scotland,62837.065479840705,57360.64737494358,68829.58323581876
2021-11-12,South East,144134.28464453327,138386.4261235864,150116.85258732675
2021-11-12,South West,98781.86873737641,93823.41563147167,103997.35923708377
2021-11-12,Wales,60928.417004689865,56443.58688740193,65761.92056430267
2021-11-12,West Midlands,91565.95991395606,84826.29815154486,98831.92353069509
2021-11-12,Yorkshire and The Humber,95390.21251040179,88780.51711565416,102482.56146990969
2021-11-13,East Midlands,75299.7147078307,69760.04836608308,81271.66810441998
2021-11-13,East of England,100525.1904467466,95174.08622257054,106171.86842124148
2021-11-13,London,105882.98561154571,99544.27525579893,112620.13507095948
2021-11-13,North East,54522.298870563165,49310.63670598059,60271.943041161576
2021-11-13,North West,119278.57865989093,111615.30539488829,127458.57706662321
2021-11-13,Northern Ireland,34528.67092060602,27630.493962019933,43108.66312696757
2021-11-13,Scotland,62922.95345099097,57446.46892099879,68914.77065756597
2021-11-13,South East,141584.7910293207,135892.0658390741,147512.04143400662
2021-11-13,South West,96087.1092073292,91198.67449714513,101232.69906588968
2021-11-13,Wales,60027.958589423004,55574.25513749263,64831.002146639774
2021-11-13,West Midlands,89669.82622581878,82997.31881744368,96869.75293639523
2021-11-13,Yorkshire and The Humber,92786.47044184999,86278.70994902354,99775.93227553065
2021-11-14,East Midlands,74306.84323313196,68797.62581668702,80249.68729313191
2021-11-14,East of England,99354.27616782223,94033.08255598764,104971.35584798208
2021-11-14,London,104288.18673852252,97996.32102238113,110978.90191761269
2021-11-14,North East,53729.86713346385,48549.347987227964,59450.47272829279
2021-11-14,North West,117292.13298037378,109685.86330545726,125416.57761473446
2021-11-14,Northern Ireland,34374.64723115516,27479.12069939006,42960.09743412308
2021-11-14,Scotland,62949.41034479772,57463.31042155019,68952.49883906763
2021-11-14,South East,139336.49001260046,133684.69833565984,145223.325654039
2021-11-14,South West,93590.78896076915,88763.6191795694,98675.71294060953
2021-11-14,Wales,59353.28227197653,54920.843955316974,64135.93232220985
2021-11-14,West Midlands,88123.89944137509,81505.40743649578,95270.95592546635
2021-11-14,Yorkshire and The Humber,90231.26567517914,83808.48845300468,97137.32215826782
2021-11-15,East Midlands,73523.46516660645,68033.45661278395,79448.9953080728
2021-11-15,East of England,98303.02728825122,93007.15781332496,103895.26063128891
2021-11-15,London,103095.01560067174,96831.39663226338,109758.72336495905
2021-11-15,North East,52882.999989996875,47739.891813981434,58567.64108907538
2021-11-15,North West,115277.39290941588,107726.24461133644,123348.67919565142
2021-11-15,Northern Ireland,34323.019994431124,27421.128452712648,42921.57470502743
2021-11-15,Scotland,63126.50458144002,57631.95508442816,69138.10043236508
2021-11-15,South East,137819.06709081764,132191.91907644368,143681.88705710857
2021-11-15,South West,91620.9971934805,86839.28822091699,96661.33208160417
2021-11-15,Wales,59052.07430603392,54623.137150008915,63832.61225887131
2021-11-15,West Midlands,86761.82367951059,80186.68526207149,93867.33696112092
2021-11-15,Yorkshire and The Humber,87977.85501981866,81625.93553071862,94815.30602395113
2021-11-16,East Midlands,73173.98644154932,67699.29935759604,79083.94027893097
2021-11-16,East of England,97484.93918667003,92213.55693906393,103052.52068006127
2021-11-16,London,102423.73100558785,96185.17419096456,109061.88044141624
2021-11-16,North East,52063.4717580089,46967.2140763233,57700.37772774363
2021-11-16,North West,113253.5773739879,105768.16976632808,121259.7258463627
2021-11-16,Northern Ireland,34159.39990589388,27256.679408793243,42769.57827535521
2021-11-16,Scotland,63338.356235494204,57828.14446490482,69366.77931086077
2021-11-16,South East,136880.22006843533,131274.3482092455,142721.64615961738
2021-11-16,South West,89913.1346206339,85177.33649860037,94907.65216467813
2021-11-16,Wales,58925.61317046344,54505.876765084104,63696.26060438451
2021-11-16,West Midlands,85992.31160184495,79441.16834654036,93074.98208593248
2021-11-16,Yorkshire and The Humber,86482.76263627167,80185.02191511646,93266.50971869817
2021-11-17,East Midlands,73202.02168819924,67727.68188924625,79111.38800456827
2021-11-17,East of England,96839.5124445919,91582.57690145535,102393.08896471132
2021-11-17,London,102302.8886043066,96062.5586612587,108943.5542293916
2021-11-17,North East,51152.92472859785,46105.19621025886,56741.17955574384
2021-11-17,North West,111902.09614827727,104456.09008495018,119869.95291992839
2021-11-17,Northern Ireland,33950.22430394338,27066.955969085404,42543.46097052739
2021-11-17,Scotland,63861.6274819728,58335.559615496335,69904.3063877607
2021-11-17,South East,136557.1651667624,130958.89328930507,142390.92790823523
2021-11-17,South West,88517.64454845485,83814.04022011935,93480.68424233014
2021-11-17,Wales,58889.91393989478,54472.19363684393,63658.44650945236
2021-11-17,West Midlands,85471.12305729304,78938.00600344069,92536.26690508741
2021-11-17,Yorkshire and The Humber,85210.17850022904,78955.16032897364,91952.22312014167
2021-11-18,East Midlands,73720.75913788541,68234.21991661192,79640.97151239825
2021-11-18,East of England,96406.79697043395,91168.22196985806,101941.30611851125
2021-11-18,London,102962.05003710941,96710.79257342608,109612.32246451579
2021-11-18,North East,50298.681973865365,45298.4216247889,55838.993111094984
2021-11-18,North West,110694.6652179537,103303.91254390238,118605.38203943954
2021-11-18,Northern Ireland,33944.33607947109,27100.023248528643,42477.31555021149
2021-11-18,Scotland,64294.77674633643,58758.0781807488,70346.30292469366
2021-11-18,South East,136645.03077920352,131054.51250259632,142470.214556687
2021-11-18,South West,87318.40958922934,82656.44784227043,92238.86348084097
2021-11-18,Wales,59167.865136340704,54746.64735241114,63938.65598820313
2021-11-18,West Midlands,85310.63323756418,78799.88978981235,92350.70935039158
2021-11-18,Yorkshire and The Humber,84459.07536698687,78240.97883847768,91162.93296407975
2021-11-19,East Midlands,74431.99597539211,68926.51346334597,80369.69618338613
2021-11-19,East of England,96588.11780690891,91348.4520025537,102123.24769485797
2021-11-19,London,103924.14739272141,97643.23614924094,110603.97522915273
2021-11-19,North East,49476.251351433675,44511.027925728755,54983.59033734439
2021-11-19,North West,109684.01253940449,102332.28114126039,117555.19602339558
2021-11-19,Northern Ireland,33885.41829401157,27034.200215208824,42432.875388788794
2021-11-19,Scotland,64543.66178399913,58993.189152040184,70609.43865823295
2021-11-19,South East,137454.8773490228,131847.48636837924,143296.91008954484
2021-11-19,South West,86714.83581823239,82069.69623969328,91618.47059062748
2021-11-19,Wales,59461.09626997783,55027.02068906094,64244.95309417693
2021-11-19,West Midlands,85941.44812835565,79409.10034063041,93002.49779556956
2021-11-19,Yorkshire and The Humber,84146.72560136669,77946.78501270471,90831.44839890316
2021-11-20,East Midlands,75466.60228805656,69914.52484513819,81451.92933723587
2021-11-20,East of England,97041.73804525872,91785.91942506631,102593.40455655448
2021-11-20,London,105426.4476099367,99089.91308353597,112162.99490974464
2021-11-20,North East,48430.05158153278,43504.6729417222,53901.45727192522
2021-11-20,North West,109160.6203898196,101814.07201379814,117028.56862647664
2021-11-20,Northern Ireland,34210.90991049396,27301.71856543519,42827.88342016632
2021-11-20,Scotland,64939.68644094878,59366.06105285882,71029.61864039706
2021-11-20,South East,138683.37021120574,133046.11190111266,144555.6057711568
2021-11-20,South West,86295.52269147926,81657.48886452877,91192.58328112168
2021-11-20,Wales,59893.15874671473,55439.21117651392,64697.35176575104
2021-11-20,West Midlands,86980.26565997038,80402.5637062309,94087.31012872589
2021-11-20,Yorkshire and The Humber,84238.18198172495,78025.61313547677,90937.00825037059
2021-11-21,East Midlands,76594.43848478809,71005.33338639599,82615.73554837107
2021-11-21,East of England,97892.17255188929,92608.18608921205,103472.48689603026
2021-11-21,London,107024.14267715438,100632.82653097727,113816.1008786532
2021-11-21,North East,47376.12061621699,42501.97397749298,52797.851883701616
2021-11-21,North West,108770.36910542425,101433.3946306986,116629.36725183252
2021-11-21,Northern Ireland,34533.497239617245,27591.693491157705,43180.783842965626
2021-11-21,Scotland,65451.03680432534,59855.9358085993,71562.11989240328
2021-11-21,South East,140138.380193046,134469.2485389738,146042.59816788815
2021-11-21,South West,86313.16167390268,81676.03806681503,91209.15076612294
2021-11-21,Wales,60320.093550647325,55844.58742296962,65146.623041883955
2021-11-21,West Midlands,88234.96145414012,81606.0862511007,95393.395145411
2021-11-21,Yorkshire and The Humber,84518.84996814416,78291.80296635517,91232.73469338732
2021-11-22,East Midlands,77791.51510008017,72154.40926483546,83861.14799831921
2021-11-22,East of England,98959.78858230202,93642.71437424027,104573.54268509163
2021-11-22,London,109164.13508719947,102701.35888824689,116028.20748761462
2021-11-22,North East,46548.44558124646,41716.12480873428,51929.32355434325
2021-11-22,North West,108328.51402148863,101001.28115085038,116178.64683278046
2021-11-22,Northern Ireland,35076.604839095606,28077.47828042292,43778.92169022192
2021-11-22,Scotland,65998.87463973863,60371.02524998744,72144.2518354514
2021-11-22,South East,142297.40581031734,136582.1497421304,148247.832774671
2021-11-22,South West,86553.95467551831,81908.26824442325,91458.71459357838
2021-11-22,Wales,60831.228456699006,56333.174951243505,65680.71180583443
2021-11-22,West Midlands,89797.46588841385,83111.60208056391,97012.12099148339
2021-11-22,Yorkshire and The Humber,85065.72189174664,78815.18985528273,91803.45971363518
2021-11-23,East Midlands,79136.55326400026,73448.38079429869,85257.2327858075
2021-11-23,East of England,100100.555973855,94752.52335388564,105745.15833596957
2021-11-23,London,111497.29069569884,104956.89596565007,118439.73268068736
2021-11-23,North East,45845.0290834558,41037.094333652974,51205.14416779638
2021-11-23,North West,107852.98613469077,100536.42997767738,115693.3669769245
2021-11-23,Northern Ireland,35665.82524614127,28616.52319179976,44409.67245098676
2021-11-23,Scotland,66350.15082538393,60702.069184773594,72516.60811392388
2021-11-23,South East,144598.14626572974,138837.2358173792,150594.05467924912
2021-11-23,South West,86926.9220433532,82265.68733404303,91847.81499930528
2021-11-23,Wales,61368.568788725104,56844.16026563314,66245.27329828372
2021-11-23,West Midlands,91198.77861263933,84454.258870701,98472.71517945077
2021-11-23,Yorkshire and The Humber,86000.95566810778,79710.76002206664,92778.92453211917
2021-11-24,East Midlands,80261.38369747308,74531.45674911293,86423.70151803357
2021-11-24,East of England,101508.69960159056,96121.79273938683,107192.14348157319
2021-11-24,London,113804.47100872458,107204.58223764504,120805.05986203108
2021-11-24,North East,45168.74823212568,40397.69400696273,50492.3077051682
2021-11-24,North West,107432.41754406538,100126.3275452994,115263.00670667338
2021-11-24,Northern Ireland,36429.19740708593,29298.582300069047,45252.50068474912
2021-11-24,Scotland,66468.5470705688,60812.13550778061,72643.91071139576
2021-11-24,South East,146962.89226334973,141159.20758656476,153001.08875490385
2021-11-24,South West,87401.26938022499,82727.83624764017,92334.23949325812
2021-11-24,Wales,61842.91028866301,57301.24584106243,66736.67229700019
2021-11-24,West Midlands,92660.18782701273,85870.73934754235,99977.13795063923
2021-11-24,Yorkshire and The Humber,87004.12233568565,80675.40412129575,93820.60433547026
2021-11-25,East Midlands,81282.72300046524,75505.32955187609,87493.92837733707
2021-11-25,East of England,102833.70779407673,97405.06922641901,108559.45845499553
2021-11-25,London,116292.86166082864,109612.97550094656,123374.0805876837
2021-11-25,North East,44243.94631883365,39513.85900268973,49529.45217901535
2021-11-25,North West,107019.57602203626,99719.46599019977,114845.49524040175
2021-11-25,Northern Ireland,37297.893746564754,30057.409883104698,46238.614858014225
2021-11-25,Scotland,66501.68964881236,60838.87668232768,72684.39730173077
2021-11-25,South East,149469.3699539256,143610.62584124753,155562.94722217097
2021-11-25,South West,87759.0121881064,83067.17718478243,92711.34484618498
2021-11-25,Wales,62141.0558057969,57582.38011835259,67052.70157186902
2021-11-25,West Midlands,94091.98845539577,87232.32915341375,101481.56789754365
2021-11-25,Yorkshire and The Humber,87765.4228623373,81395.99817410727,94624.45621193344
2021-11-26,East Midlands,82028.22668129687,76211.31095022625,88280.76034898372
2021-11-26,East of England,104101.9100480664,98634.39774067391,109866.98180694529
2021-11-26,London,119171.40945947588,112409.05046692319,126334.70201260415
2021-11-26,North East,43303.395511519884,38626.8316390728,48535.56740891189
2021-11-26,North West,106859.07692664061,99557.13237324695,114687.96479102394
2021-11-26,Northern Ireland,37926.436839843955,30611.56769852682,46944.557293402424
2021-11-26,Scotland,66342.2266720973,60679.034591098665,72526.76861501035
2021-11-26,South East,151944.94604624843,146034.68696063568,158090.15012103965
2021-11-26,South West,88129.61152761006,83421.928478609,93098.42059087215
2021-11-26,Wales,62339.66724723808,57767.877720265824,67265.29489533567
2021-11-26,West Midlands,95253.3566002194,88346.40636811986,102690.6686672432
2021-11-26,Yorkshire and The Humber,88714.80707953678,82303.14194842111,95617.03389819401
2021-11-27,East Midlands,82954.8349885186,77098.91721906443,89247.05597329861
2021-11-27,East of England,105230.85573287445,99725.05236665109,111035.04112186741
2021-11-27,London,122054.2716330972,115199.12366176253,129311.31179494991
2021-11-27,North East,42385.16261365402,37754.98285800363,47572.77463359774
2021-11-27,North West,106282.35500772175,98996.09688733812,114096.31352098816
2021-11-27,Northern Ireland,38518.49032600419,31129.31369111136,47616.13718440142
2021-11-27,Scotland,66101.11664486428,60441.78553970732,72283.15517305842
2021-11-27,South East,154060.8177432929,148100.15934851923,160257.05292661328
2021-11-27,South West,88512.7175604784,83787.91646665214,93499.3783028751
2021-11-27,Wales,62464.28734587239,57877.88261840811,67406.10223951099
2021-11-27,West Midlands,96453.81464031937,89489.65560013695,103950.14903217505
2021-11-27,Yorkshire and The Humber,89522.11520264459,83072.01416783893,96464.00151117585
2021-11-28,East Midlands,83624.48379195857,77749.40272109817,89934.9877194205
2021-11-28,East of England,106093.57853467192,100565.4799889994,111919.9213703894
2021-11-28,London,124715.16834812467,117791.6164507611,132039.52140267962
2021-11-28,North East,41638.87959675839,37047.603590500024,46788.89981800825
2021-11-28,North West,105760.98861659436,98487.51481626401,113563.06887069515
2021-11-28,Northern Ireland,39017.71773143726,31588.965888825995,48147.64498870903
2021-11-28,Scotland,65953.94438630757,60293.97808411579,72138.03180768911
2021-11-28,South East,155925.63607902772,149936.02022769116,162150.15876786772
2021-11-28,South West,88848.36576054791,84115.3865138562,93843.07189204668
2021-11-28,Wales,62546.717212429874,57958.94085384402,67489.60884274855
2021-11-28,West Midlands,97820.15568253244,90814.11823888609,105356.79878703659
2021-11-28,Yorkshire and The Humber,90264.36208701938,83788.74425248372,97231.35083218584
2021-11-29,East Midlands,84262.9146714816,78376.82916086967,90582.49473061622
2021-11-29,East of England,106774.68782071186,101241.42980777087,112604.71716512369
2021-11-29,London,127267.55467089379,120291.0696652644,134642.4146354347
2021-11-29,North East,41204.187875759955,36638.00316779078,46329.307183561345
2021-11-29,North West,104962.54801506668,97725.80114260624,112726.71889610284
2021-11-29,Northern Ireland,39286.307065560526,31841.354633468,48426.049267624105
2021-11-29,Scotland,65685.6185785965,60042.81236864615,71851.58066603853
2021-11-29,South East,157722.81505407416,151712.70097166192,163966.6272145402
2021-11-29,South West,88974.83135220199,84250.21691809232,93959.82519684178
2021-11-29,Wales,62579.15168847247,57996.65089795138,67515.71794660998
2021-11-29,West Midlands,99183.96544517523,92137.17996491329,106759.70485591522
2021-11-29,Yorkshire and The Humber,90570.22744664509,84100.5435055855,97528.53559970556
2021-11-30,East Midlands,84447.33685762566,78569.22512492677,90756.69408919
2021-11-30,East of England,107364.34958658897,101825.17887209443,113199.1909960743
2021-11-30,London,129837.86434084151,122813.60442569098,137257.5570158515
2021-11-30,North East,40905.802949962475,36369.571281218225,45997.80491879712
2021-11-30,North West,104126.85780139873,96928.9776745516,111850.86773308345
2021-11-30,Northern Ireland,39364.26652182199,31912.110705405204,48510.64628789469
2021-11-30,Scotland,65622.22449528477,59992.679827646156,71772.91191025508
2021-11-30,South East,159445.2812334422,153413.7869010957,165709.48218636095
2021-11-30,South West,89268.70486950353,84545.09762921456,94251.65835592417
2021-11-30,Wales,63159.781160622275,58570.05074279069,68101.14735274568
2021-11-30,West Midlands,100037.81942235514,92967.77454489109,107635.47555915071
2021-11-30,Yorkshire and The Humber,90241.68563113982,83789.0405462702,97182.22429714126
2021-12-01,East Midlands,84333.70720415335,78467.43669550425,90630.05671353154
2021-12-01,East of England,107862.69932380092,102316.39196581604,113703.9909798047
2021-12-01,London,131808.73744294656,124744.78881703794,139266.31547886704
2021-12-01,North East,40686.831081029806,36161.9728412299,45767.90168988647
2021-12-01,North West,103617.2574391305,96444.48560973586,111315.1601326573
2021-12-01,Northern Ireland,39283.401238132334,31846.97997846012,48410.44632316801
2021-12-01,Scotland,65597.56896391002,59976.87750440893,71737.90568551213
2021-12-01,South East,161402.7285352254,155341.9769897411,167695.47937591348
2021-12-01,South West,89658.79344181913,84933.39064280254,94642.53393995078
2021-12-01,Wales,63717.00467245976,59111.73555352036,68672.9816981929
2021-12-01,West Midlands,100723.45568849162,93632.63548563757,108341.15699714703
2021-12-01,Yorkshire and The Humber,89799.49940306314,83367.0679954356,96719.27016039113
2021-12-02,East Midlands,84267.41133271236,78445.02309934709,90513.6001115969
2021-12-02,East of England,108371.35594436782,102854.29720770237,114178.74570194905
2021-12-02,London,133920.09026757744,126867.9654751594,141357.8668790768
2021-12-02,North East,40556.63084121069,36063.51669341327,45599.71440405939
2021-12-02,North West,103274.75974133173,96176.40025006622,110888.87606695255
2021-12-02,Northern Ireland,39141.06622542656,31785.61471667554,48153.95872085683
2021-12-02,Scotland,65578.14830305475,59996.69591284367,71671.85295433173
2021-12-02,South East,163631.1729747656,157573.96796698682,169916.76413516962
2021-12-02,South West,89921.95950093957,85222.10539110286,94876.4882421322
2021-12-02,Wales,64416.966768532504,59821.20053362303,69357.77173788656
2021-12-02,West Midlands,101088.48757366445,94037.45029009371,108658.2378531388
2021-12-02,Yorkshire and The Humber,89181.34468893429,82814.23469436402,96029.19801181385
2021-12-03,East Midlands,84031.56358499716,78253.6521071104,90227.8725842329
2021-12-03,East of England,108460.08508795539,102975.67674747735,114231.05738829751
2021-12-03,London,135946.49348313495,128888.99719892757,143384.0817078168
2021-12-03,North East,40470.40864328353,36004.990069244064,45479.94623933006
2021-12-03,North West,103255.3478655165,96189.65124997118,110831.99948287371
2021-12-03,Northern Ireland,38937.6286175797,31636.128927733094,47880.31610474467
2021-12-03,Scotland,65705.52456164524,60145.986260202415,71772.02920380753
2021-12-03,South East,165867.24818506214,159803.05265689504,172157.10504334225
2021-12-03,South West,90195.31208723158,85515.69707237121,95126.53420518577
2021-12-03,Wales,65145.74622452848,60541.89849915587,70091.63922365861
2021-12-03,West Midlands,101591.2796173311,94564.07411000866,109130.78467024195
2021-12-03,Yorkshire and The Humber,88501.27885341785,82192.5855689533,95285.57243737567
2021-12-04,East Midlands,83650.82159421672,77910.05066865591,89806.48862729021
2021-12-04,East of England,108822.38386416528,103355.77127403715,114572.64001123418
2021-12-04,London,137911.43208791898,130845.19879456807,145352.9148063646
2021-12-04,North East,40539.21351020361,36091.17202890485,45525.84818731827
2021-12-04,North West,103496.06181252336,96453.28498621195,111045.0809436846
2021-12-04,Northern Ireland,38722.73875621911,31462.60920646615,47614.70657904759
2021-12-04,Scotland,65693.08160705645,60155.91864340016,71733.05905623564
2021-12-04,South East,168055.01042487088,161982.57261088016,174350.62147472447
2021-12-04,South West,90414.40620564799,85746.59416273324,95331.87386246317
2021-12-04,Wales,65847.62727109369,61235.29014181067,70799.302390512
2021-12-04,West Midlands,102138.59451838628,95124.97049009561,109659.48222657609
2021-12-04,Yorkshire and The Humber,87616.20891630235,81362.14318289897,94342.53074938373
2021-12-05,East Midlands,83489.76496173248,77770.95076125278,89621.06093053338
2021-12-05,East of England,109316.5074255496,103854.86785721187,115059.89043347674
2021-12-05,London,140421.73855799,133314.6688534607,147901.26335941654
2021-12-05,North East,40762.96181402131,36318.88546194698,45741.25476385866
2021-12-05,North West,104002.40437180818,96971.46412293814,111535.15502600298
2021-12-05,Northern Ireland,38182.15696781583,30972.673421593365,47026.79424137754
2021-12-05,Scotland,65542.50889019165,60032.081572018,71551.95142980944
2021-12-05,South East,169973.2298237463,163882.505596082,176285.82020168685
2021-12-05,South West,90882.27358124626,86212.97288075706,95800.0156434183
2021-12-05,Wales,66577.88339398407,61949.62300178209,71543.80253247586
2021-12-05,West Midlands,102541.23870984177,95532.9767166225,110053.78999539495
2021-12-05,Yorkshire and The Humber,86510.9132603597,80314.71275600312,93176.82255454239
2021-12-06,East Midlands,83115.1019596482,77419.77143512928,89221.42563003484
2021-12-06,East of England,109953.76102883519,104482.53636640446,115705.98915342486
2021-12-06,London,142708.76162313783,135557.699506329,150230.56219502838
2021-12-06,North East,40939.439662678844,36495.256327770985,45915.24659269998
2021-12-06,North West,104547.0728671965,97511.23949093337,112082.59414681411
2021-12-06,Northern Ireland,37651.936892467216,30502.42822839115,46434.849291865794
2021-12-06,Scotland,65429.915057361715,59937.09037076872,71419.37039531201
2021-12-06,South East,171545.3197769404,165440.50227631564,177870.89128154155
2021-12-06,South West,91280.70997664807,86605.69936026259,96203.62157151623
2021-12-06,Wales,67289.5338176196,62644.356249810844,72270.98688971778
2021-12-06,West Midlands,102943.0218443218,95933.44393460115,110454.93613819857
2021-12-06,Yorkshire and The Humber,85363.4652276007,79220.68221309852,91974.3771726624
2021-12-07,East Midlands,82775.99654562623,77106.57474322022,88854.36812512501
2021-12-07,East of England,110422.92704608821,104955.58138892706,116169.59081340868
2021-12-07,London,145284.35557594552,138094.18655376844,152842.33064097224
2021-12-07,North East,41046.93555131845,36612.96789771493,46008.36455273043
2021-12-07,North West,105363.75613606804,98319.36155526995,112904.879204049
2021-12-07,Northern Ireland,36985.881146739965,29937.68894156461,45652.17597468232
2021-12-07,Scotland,65407.448194199394,59934.49683951459,71373.46867427959
2021-12-07,South East,172884.13298748003,166774.20923636228,179213.37729610832
2021-12-07,South West,91649.55949629018,86975.05695234615,96570.83936193278
2021-12-07,Wales,67702.41328944314,63050.44945631889,72689.41545100126
2021-12-07,West Midlands,103071.51666093146,96072.81071391338,110570.26503094961
2021-12-07,Yorkshire and The Humber,84178.0963677068,78096.21770813213,90725.5866911437
2021-12-08,East Midlands,82396.23123686934,76755.2509668547,88443.95847079469
2021-12-08,East of England,111355.60974597152,105880.73965988861,117108.07505949786
2021-12-08,London,148056.28024316314,140818.2139340664,155659.73679482305
2021-12-08,North East,41063.238960434355,36636.43622579417,46015.46142050328
2021-12-08,North West,106203.24716715385,99149.62822505766,113750.66546603017
2021-12-08,Northern Ireland,36644.724800553464,29644.54488499154,45257.182955104916
2021-12-08,Scotland,65356.26671218953,59903.58888772759,71298.62699767388
2021-12-08,South East,174110.30452854044,167995.53778920372,180443.11118257666
2021-12-08,South West,91923.63852805707,87257.6142082513,96834.73727389264
2021-12-08,Wales,67829.49132541605,63192.55204500661,72798.54714725543
2021-12-08,West Midlands,103071.1628600161,96093.49394046408,110545.76775923894
2021-12-08,Yorkshire and The Humber,83441.39398249667,77405.37350225225,89940.19426964226
2021-12-09,East Midlands,82167.02626840796,76528.9689949305,88212.63140098598
2021-12-09,East of England,112236.13434044043,106733.09797831903,118017.34624834753
2021-12-09,London,151407.97146555284,144068.4059351912,159114.61994934475
2021-12-09,North East,41132.75808190482,36700.7037052401,46090.541603121994
2021-12-09,North West,106877.24843621382,99790.22100339884,114459.51318780023
2021-12-09,Northern Ireland,36715.0269969283,29698.691928520857,45348.05427115905
2021-12-09,Scotland,65608.89839442779,60138.36351507311,71570.37842442338
2021-12-09,South East,175206.85094875607,169060.89836395724,181571.65612896284
2021-12-09,South West,92273.04548271731,87593.8019265,97197.79118284688
2021-12-09,Wales,67798.12009765916,63151.42922426428,72778.54541240919
2021-12-09,West Midlands,102979.40105614072,95988.3947818026,110469.79793364272
2021-12-09,Yorkshire and The Humber,82887.04455666846,76857.07498797587,89382.21151255684
2021-12-10,East Midlands,82298.84376816904,76650.01108423398,88356.12460932044
2021-12-10,East of England,113312.51187804253,107780.9418009891,119122.3641586211
2021-12-10,London,155166.76177421416,147735.48168278247,162964.8471742169
2021-12-10,North East,41262.144013016325,36821.1398539151,46229.24713499728
2021-12-10,North West,107251.17262995371,100151.19238059294,114846.38291073272
2021-12-10,Northern Ireland,36588.10866924062,29589.415852994844,45201.448841445825
2021-12-10,Scotland,65895.09623637726,60411.30152933972,71869.96175057968
2021-12-10,South East,176589.05591730858,170415.37897539706,182981.77293470077
2021-12-10,South West,92790.09345221736,88093.68963319738,97732.37505176183
2021-12-10,Wales,67883.1248829031,63229.60520145309,72870.93620689113
2021-12-10,West Midlands,102810.24300916288,95818.94214981022,110301.87496635057
2021-12-10,Yorkshire and The Humber,82392.16708001813,76374.51788164348,88876.08740827869
2021-12-11,East Midlands,82930.91493137518,77273.76675423914,88994.35050101079
2021-12-11,East of England,114618.35384221132,109068.20704138922,120445.28541221343
2021-12-11,London,158907.76841941988,151414.45855105866,166764.80599717435
2021-12-11,North East,41263.62908387486,36826.47346917055,46225.89683537403
2021-12-11,North West,107927.82930820336,100815.76223505077,115533.48923878875
2021-12-11,Northern Ireland,36580.53361160912,29596.556326596805,45172.013774299645
2021-12-11,Scotland,66300.3603032466,60820.14090545114,72267.67626995798
2021-12-11,South East,178342.0105240979,172150.36535404777,184751.70685783235
2021-12-11,South West,93355.65884823205,88654.68652959116,98301.40211089571
2021-12-11,Wales,67893.79286915754,63248.490784975394,72872.10734786052
2021-12-11,West Midlands,102402.33133239087,95442.7481195971,109859.71007791226
2021-12-11,Yorkshire and The Humber,81874.01205710092,75886.84196887819,88325.75734468416
2021-12-12,East Midlands,83830.26478448315,78151.78527512772,89913.41995746519
2021-12-12,East of England,116141.61203330784,110568.87807683492,121989.52754663069
2021-12-12,London,163788.74004444887,156205.75683846886,171732.56920372247
2021-12-12,North East,41205.658968253054,36777.46026649949,46157.56314285708
2021-12-12,North West,108607.28161257657,101483.00485045003,116223.54179522485
2021-12-12,Northern Ireland,36652.66202909835,29667.760807759394,45241.56851761364
2021-12-12,Scotland,66891.369974849,61409.77191461248,72855.57570846382
2021-12-12,South East,180228.54051822005,174019.59774461092,186654.35066848906
2021-12-12,South West,93879.26065508803,89177.54507179774,98824.36476884238
2021-12-12,Wales,67702.13545355978,63072.60330234908,72663.36892530252
2021-12-12,West Midlands,102066.74833844068,95132.83843184343,109496.43003183887
2021-12-12,Yorkshire and The Humber,81486.03700399549,75526.3632202162,87908.26284357788
2021-12-13,East Midlands,85008.15441982463,79305.46469745401,91112.93361114913
2021-12-13,East of England,117750.35038796278,112152.8943133547,123621.43666027432
2021-12-13,London,170026.4029140966,162329.5282355018,178080.74799552374
2021-12-13,North East,41371.550522534126,36943.10379224107,46321.37889209401
2021-12-13,North West,109288.03016244266,102162.99819525007,116901.82649174341
2021-12-13,Northern Ireland,36742.27961218331,29761.193121725504,45320.517276152874
2021-12-13,Scotland,67583.59887103016,62094.41959233432,73551.32149011239
2021-12-13,South East,182375.11101018952,176145.38103766402,188820.4731576368
2021-12-13,South West,94266.40465561874,89570.031371666,99204.53208482444
2021-12-13,Wales,67776.28837107687,63156.66472544742,72725.74823873084
2021-12-13,West Midlands,101561.25868373676,94656.813760539,108959.79070452586
2021-12-13,Yorkshire and The Humber,81239.44686398917,75305.36994878546,87633.48111852116
2021-12-14,East Midlands,86593.08044577562,80835.7858614664,92752.29687148904
2021-12-14,East of England,119623.77896897332,113983.65433106682,125537.16865006041
2021-12-14,London,178899.61922049607,171022.43196187017,187131.8049528851
2021-12-14,North East,41779.45836558303,37331.10635115776,46748.3332663809
2021-12-14,North West,110801.1307344977,103621.7790203107,118469.6305028186
2021-12-14,Northern Ireland,37213.889831021246,30168.756348160226,45863.145115843516
2021-12-14,Scotland,68158.54626399429,62647.73448578387,74147.36571388638
2021-12-14,South East,184878.5509954343,178610.45138248536,191361.86997266836
2021-12-14,South West,94704.7676690189,90001.35631471682,99649.47579182027
2021-12-14,Wales,67254.46297578837,62657.84979907104,72180.29612002068
2021-12-14,West Midlands,100715.66894595078,93844.57296833047,108080.40400999322
2021-12-14,Yorkshire and The Humber,81025.75769200687,75102.9790895054,87407.99855494389
2021-12-15,East Midlands,88303.62188499948,82540.1858731856,94461.37064926911
2021-12-15,East of England,122434.64689627971,116789.51412303543,128346.82333912952
2021-12-15,London,191933.63456920662,183894.25674327114,200316.352203467
2021-12-15,North East,42216.40608853234,37787.99609635429,47154.36235059175
2021-12-15,North West,113141.61294868538,105949.5207086847,120813.64271544288
2021-12-15,Northern Ireland,38080.09741676781,30996.52146302561,46741.24941727165
2021-12-15,Scotland,68839.34141982446,63340.44546771798,74808.9148706165
2021-12-15,South East,188059.3603900274,181795.37365145877,194534.43961389016
2021-12-15,South West,95337.87167813418,90659.94382420235,100252.72743083465
2021-12-15,Wales,66684.82544186548,62137.507017079435,71557.1079950403
2021-12-15,West Midlands,100511.42458453974,93707.23610116287,107800.41902136087
2021-12-15,Yorkshire and The Humber,80938.29968722815,75070.47401802265,87257.30938773236
2021-12-16,East Midlands,89789.26473346064,84032.34752116162,95932.49066971199
2021-12-16,East of England,125596.84353614044,119940.02241241053,131514.628212599
2021-12-16,London,209539.34221011915,201298.11752996212,218109.46040664503
2021-12-16,North East,42603.8424800352,38193.20820930683,47514.50574858057
2021-12-16,North West,116413.83747063817,109187.12661598285,124110.52377066137
2021-12-16,Northern Ireland,38673.913047497255,31586.730011381005,47310.26552776032
2021-12-16,Scotland,69912.77584321662,64423.41572927016,75863.20367789682
2021-12-16,South East,192190.2915668351,185926.60136076083,198660.2637952815
2021-12-16,South West,95969.27761422485,91319.5808887475,100851.3337620364
2021-12-16,Wales,66000.16683822554,61511.510615036495,70808.7613054536
2021-12-16,West Midlands,100962.83779659537,94206.85977325552,108194.20722478084
2021-12-16,Yorkshire and The Humber,81604.36632805789,75762.80133526002,87888.94576448266
2021-12-17,East Midlands,91517.55970187127,85746.02368035738,97669.46183216217
2021-12-17,East of England,129421.0016189863,123719.55865833114,135379.27037627573
2021-12-17,London,230893.26586684008,222342.23188269924,239764.02745474767
2021-12-17,North East,42898.80653860189,38497.66260459725,47793.83732935477
2021-12-17,North West,120220.64200312886,112933.38908348072,127969.66610613256
2021-12-17,Northern Ireland,39172.843669828355,32092.893986940246,47774.01282782235
2021-12-17,Scotland,71175.45482848678,65664.4830446465,77142.23623085271
2021-12-17,South East,196852.0301213366,190562.2561970116,203344.6353781896
2021-12-17,South West,96613.9050765278,91974.1860279119,101483.31300320434
2021-12-17,Wales,65676.55395254456,61224.3231912384,70445.06726069159
2021-12-17,West Midlands,101720.89378483871,94991.92425454113,108917.50267659953
2021-12-17,Yorkshire and The Humber,82928.05326487847,77079.09802143343,89213.44842329103
2021-12-18,East Midlands,93616.57087233134,87793.89554831505,99817.17143112945
2021-12-18,East of England,133657.8452043441,127882.56723280635,139687.8743204177
2021-12-18,London,256036.6392475574,247090.95851536628,265296.2058071212
2021-12-18,North East,43216.48800055513,38808.221273608855,48116.21311980879
2021-12-18,North West,124089.73838541006,116709.89520204926,131927.57344479323
2021-12-18,Northern Ireland,39742.01805185997,32630.06754436896,48363.19087802193
2021-12-18,Scotland,72976.23770945217,67411.75843511887,78993.2138422023
2021-12-18,South East,202496.8940301115,196137.7920178348,209057.2935612331
2021-12-18,South West,97535.17475801668,92885.45057106872,102413.27585726108
2021-12-18,Wales,65371.19745211741,60936.7605915293,70120.90944982048
2021-12-18,West Midlands,102761.90850837759,96018.89762022108,109969.40171331336
2021-12-18,Yorkshire and The Humber,84534.18517668424,78644.26321991842,90857.73652531707
2021-12-19,East Midlands,95954.7767272979,90079.8558863562,102204.4719993138
2021-12-19,East of England,138743.28300439104,132885.71538640145,144852.81933335704
2021-12-19,London,284112.60719067673,274745.9121034669,293787.6976053185
2021-12-19,North East,43425.74720620639,39016.56553058539,48323.92526496076
2021-12-19,North West,129087.18293344518,121580.04195051781,137048.9282315995
2021-12-19,Northern Ireland,40302.96637684592,33178.646719076234,48916.24857711633
2021-12-19,Scotland,75426.45963817486,69773.76574756781,81530.08197972547
2021-12-19,South East,209123.2320973735,202682.1102856018,215764.05026874095
2021-12-19,South West,98606.69931406705,93948.18157533955,103491.81878054251
2021-12-19,Wales,65265.09133518921,60839.66420951705,70005.0273604657
2021-12-19,West Midlands,104167.62308957866,97405.682243934,111389.889631213
2021-12-19,Yorkshire and The Humber,86768.6332766417,80818.61362755703,93149.08025922267
2021-12-20,East Midlands,98684.73304908731,92738.62590118384,105003.51207031721
2021-12-20,East of England,144197.03118390637,138239.19810583608,150405.19483710345
2021-12-20,London,314731.86379903415,304916.57564807247,324851.1001561361
2021-12-20,North East,43724.99872749153,39304.77471954799,48633.00760597647
2021-12-20,North West,134463.69556745695,126819.78925840177,142559.08393038897
2021-12-20,Northern Ireland,40971.316220325956,33777.87213108432,49655.196125353425
2021-12-20,Scotland,78292.27622245665,72543.43769913664,84489.44880914614
2021-12-20,South East,216566.50396847754,210028.52266106667,223302.85812499243
2021-12-20,South West,99986.4682300076,95302.50301481322,104896.20157717577
2021-12-20,Wales,65598.65153585364,61164.76038785254,70346.54093974819
2021-12-20,West Midlands,106101.90525156831,99292.94017811042,113368.58556193489
2021-12-20,Yorkshire and The Humber,89605.47460227014,83567.89780859715,96071.41720817127
2021-12-21,East Midlands,102073.70062549037,96037.39865042873,108480.58522811567
2021-12-21,East of England,149909.72961703362,143853.7293349996,156214.02976122682
2021-12-21,London,348231.2106578331,337954.0194906352,358807.76263365586
2021-12-21,North East,44203.11394279255,39776.242612800124,49113.346357271635
2021-12-21,North West,141014.92742159183,133205.84374568972,149272.18475270018
2021-12-21,Northern Ireland,41543.95092873425,34317.14269489561,50250.90684376072
2021-12-21,Scotland,81350.44477084938,75501.85321827605,87644.60891294442
2021-12-21,South East,224626.80244500155,217990.11605193283,231460.2396243575
2021-12-21,South West,101753.07548724869,97042.38818697687,106687.94335540297
2021-12-21,Wales,66106.87711132412,61665.82215726965,70860.33102596771
2021-12-21,West Midlands,108452.94987458135,101588.05379689293,115772.40258826148
2021-12-21,Yorkshire and The Humber,92721.94781517878,86598.00402516431,99270.91633145898
2021-12-22,East Midlands,105803.33071069692,99644.87886945324,112333.22887502487
2021-12-22,East of England,156450.78407272478,150254.791378282,162895.32388679782
2021-12-22,London,383109.0530753207,372323.6018770887,394192.4150279458
2021-12-22,North East,44879.66541006164,40406.87140198734,49838.05921610353
2021-12-22,North West,148449.27968301106,140427.17668779273,156919.51528004475
2021-12-22,Northern Ireland,42354.930837118656,35059.00087854937,51126.792718068755
2021-12-22,Scotland,84533.38283579034,78560.46101970761,90952.64242760863
2021-12-22,South East,233385.63801676792,226607.7408098313,240360.73376480935
2021-12-22,South West,103818.00596501539,99048.94725767653,108812.08923897764
2021-12-22,Wales,66702.4304077145,62234.51915821811,71483.57403961274
2021-12-22,West Midlands,111373.4387632968,104400.32570903201,118802.66858478553
2021-12-22,Yorkshire and The Humber,96324.24849304989,90069.12048916412,103005.40768605034
2021-12-23,East Midlands,109930.4535239318,103641.76324106853,116591.17332205769
2021-12-23,East of England,163322.81638434838,156977.85437455832,169916.94885047263
2021-12-23,London,418813.0814729677,407497.8813624091,430426.464144217
2021-12-23,North East,45546.942228689535,41028.82243731596,50552.902981368985
2021-12-23,North West,157583.49439227855,149301.287976764,166314.3510309084
2021-12-23,Northern Ireland,43535.54818630138,36120.159718724324,52429.695494095875
2021-12-23,Scotland,87763.37085796394,81660.74718998419,94313.94432747865
2021-12-23,South East,242604.8255658222,235681.30410921955,249725.96642297605
2021-12-23,South West,106232.27322220565,101392.9320972497,111297.85598640601
2021-12-23,Wales,67482.03747210899,62986.35694125093,72290.98369292346
2021-12-23,West Midlands,115120.1105780321,108013.15687602862,122684.68855123565
2021-12-23,Yorkshire and The Humber,100660.14600557467,94253.95375964057,107492.98275443932
2021-12-24,East Midlands,114457.45199650618,108036.75647530677,121249.79203052913
2021-12-24,East of England,170664.97637317187,164183.41120285506,177394.81589286096
2021-12-24,London,454318.1129381813,442548.3041227232,466383.5887401434
2021-12-24,North East,46338.924732749,41781.35762714334,51383.785732160635
2021-12-24,North West,168235.7504333433,159678.13830663543,177240.49484896212
2021-12-24,Northern Ireland,44894.669552844054,37353.80425016825,53912.99370718648
2021-12-24,Scotland,91233.5409068652,85010.03656148812,97904.2483555826
2021-12-24,South East,252392.2953025575,245329.33721870344,259652.589036156
2021-12-24,South West,109235.52899484744,104326.829325372,114370.3224959749
2021-12-24,Wales,68424.15968014498,63907.24425637907,73252.64720114873
2021-12-24,West Midlands,119549.44029319941,112299.32663380993,127257.24273130253
2021-12-24,Yorkshire and The Humber,105402.53050370826,98847.01608840584,112383.64480575216
2021-12-25,East Midlands,119069.91161635958,112495.67882441716,126017.92843222366
2021-12-25,East of England,178515.4439168837,171860.4031033539,185420.17810248485
2021-12-25,London,488352.0088688516,476099.16776287014,500901.33286844834
2021-12-25,North East,47500.28462621685,42864.907498401626,52626.74987005356
2021-12-25,North West,180050.37632777094,171172.17813350642,189376.70880884005
2021-12-25,Northern Ireland,46095.82678904583,38430.21159504913,55244.28565419662
2021-12-25,Scotland,94626.07759442349,88258.59461313038,101444.15194310407
2021-12-25,South East,262435.7301392104,255207.08030053682,269862.83769674966
2021-12-25,South West,112592.17364014866,107592.62359509744,117818.99435591204
2021-12-25,Wales,69724.28049155974,65153.720879352106,74607.60768984983
2021-12-25,West Midlands,124114.58182152259,116708.09192606341,131980.27819815188
2021-12-25,Yorkshire and The Humber,110577.89002472894,103846.76592780933,117735.67138622748
2021-12-26,East Midlands,123802.70808850914,117066.42594641646,130915.68685099512
2021-12-26,East of England,186671.1486318951,179822.1673905044,193772.5025534149
2021-12-26,London,520132.4975311899,507415.7795683695,533147.5593634434
2021-12-26,North East,48767.052175227625,44047.45103244241,53981.812623829755
2021-12-26,North West,192990.60285821988,183757.51016200113,202674.28053252154
2021-12-26,Northern Ireland,47079.55211751967,39296.72197605221,56356.25593698741
2021-12-26,Scotland,98152.97987559673,91635.55743509444,105124.73995272024
2021-12-26,South East,272135.27705847984,264732.008774292,279738.9774126382
2021-12-26,South West,116125.12594623948,111016.91265397123,121463.11719321039
2021-12-26,Wales,71245.6884825414,66605.81649533723,76200.68604137171
2021-12-26,West Midlands,129509.98448141977,121900.62622682563,137582.9282618705
2021-12-26,Yorkshire and The Humber,116169.65453497937,109231.81686472002,123537.92145046905
2021-12-27,East Midlands,128463.87145053313,121570.36010688834,135736.83758663267
2021-12-27,East of England,194935.07875690892,187913.75371869086,202209.83258939692
2021-12-27,London,548824.5330167678,535707.3741724797,562241.1636786191
2021-12-27,North East,50200.1425317772,45406.61218998301,55488.87661047691
2021-12-27,North West,206941.1283889015,197369.0341417229,216963.1351663692
2021-12-27,Northern Ireland,47762.12119662935,39935.66969826843,57074.449706238316
2021-12-27,Scotland,101816.2195254113,95161.76478926808,108926.42684330471
2021-12-27,South East,281607.5246798586,274048.5674165686,289368.0930923411
2021-12-27,South West,120010.16648635645,114794.48553394456,125457.33405088006
2021-12-27,Wales,73114.91622567686,68406.25790039694,78139.35962636805
2021-12-27,West Midlands,135505.96963189048,127706.95128730462,143769.30308339524
2021-12-27,Yorkshire and The Humber,122109.19531080978,114979.85095310859,129669.81631264742
2021-12-28,East Midlands,133233.34712329233,126212.73205714558,140632.63842633204
2021-12-28,East of England,203017.84688148464,195847.49037038384,210441.422131814
2021-12-28,London,572750.033435215,559322.6538902835,586476.964156779
2021-12-28,North East,51921.88932273717,47039.73427584725,57299.532978022355
2021-12-28,North West,221440.90895720487,211545.08743551915,231784.36007694303
2021-12-28,Northern Ireland,48919.891310527004,41013.32045842989,58302.01789459465
2021-12-28,Scotland,105950.89711136559,99152.49640158023,113205.45093882357
2021-12-28,South East,290621.01087767427,282928.7167269104,298515.31298857776
2021-12-28,South West,123560.17966952217,118259.54283580501,129092.73722809786
2021-12-28,Wales,75631.97527716316,70846.82416914027,80731.7376539298
2021-12-28,West Midlands,142218.44558500932,134224.24854996282,150676.21190997728
2021-12-28,Yorkshire and The Humber,128795.48239400158,121466.93723626295,136554.81717104203
2021-12-29,East Midlands,138515.06082766986,131356.93293379995,146050.9585762117
2021-12-29,East of England,210766.7242325885,203451.21653731324,218335.59358048058
2021-12-29,London,590203.7269426046,576538.5436899909,604169.1611952955
2021-12-29,North East,54213.75244479594,49218.59909725501,59704.153253047625
2021-12-29,North West,237040.14824762108,226810.43906104699,247714.92557912777
2021-12-29,Northern Ireland,50467.23965172126,42431.7272130004,59974.447769304985
2021-12-29,Scotland,110251.557368174,103310.34609638428,117648.74950224778
2021-12-29,South East,298586.3973005258,290780.92685224063,306594.0470808667
2021-12-29,South West,127448.28225437057,122058.20617830622,133070.5292343913
2021-12-29,Wales,78418.79417380183,73544.6072943702,83607.12123009382
2021-12-29,West Midlands,149245.0031931884,141048.85381547117,157904.24409481738
2021-12-29,Yorkshire and The Humber,136400.2595136491,128856.59995858865,144373.52636634247
2021-12-30,East Midlands,143966.58354193115,136664.25884408507,151646.2975885357
2021-12-30,East of England,218208.27814824003,210750.8122348869,225919.56500319223
2021-12-30,London,602086.7359886148,588248.8341681192,616225.8890332787
2021-12-30,North East,57145.685713610386,52009.6910978948,62776.53586321727
2021-12-30,North West,253364.60860322585,242794.1165785246,264377.89686324593
2021-12-30,Northern Ireland,52585.36415385889,44392.87968754544,62238.09251145307
2021-12-30,Scotland,114659.12816524705,107571.09874184776,122203.3876889404
2021-12-30,South East,306121.54237010283,298196.3704589079,314249.7683586046
2021-12-30,South West,131647.5296064292,126160.92025039275,137366.6833932574
2021-12-30,Wales,81695.87993311873,76711.73910549835,86994.56134194073
2021-12-30,West Midlands,156330.9432556175,147925.17082894017,165200.52869172598
2021-12-30,Yorkshire and The Humber,144898.2085815739,137117.7438156064,153107.3952137118
2021-12-31,East Midlands,149654.23120196676,142192.73431885662,157493.91844291092
2021-12-31,East of England,225121.18229524707,217521.00218119688,232976.45756661097
2021-12-31,London,609113.4381373065,595109.5994566444,623421.9319068419
2021-12-31,North East,60774.36982596814,55473.914535746204,66568.2053421221
2021-12-31,North West,270556.5142528369,259627.46522644302,281927.01861640834
2021-12-31,Northern Ireland,55162.71232609399,46735.79400676825,65054.7705834609
2021-12-31,Scotland,119356.81158335479,112113.68536158615,127056.60925026558
2021-12-31,South East,312679.9431407102,304641.83902845497,320922.3424214416
2021-12-31,South West,135544.97119926236,129964.14409187755,141359.1757541749
2021-12-31,Wales,85135.07492396783,80039.0565835486,90545.85305390423
2021-12-31,West Midlands,163596.5019947683,154973.8185746472,172684.39858856398
2021-12-31,Yorkshire and The Humber,153914.78807437216,145879.2164303731,162379.39381868177
2022-01-01,East Midlands,155309.64354518347,147739.25084722572,163254.23017336414
2022-01-01,East of England,231464.78165912695,223791.89103264944,239390.08986951824
2022-01-01,London,611745.2347514302,597751.9233249176,626041.2868605949
2022-01-01,North East,64951.51399281895,59494.1784333709,70895.66380732374
2022-01-01,North West,287759.4997292679,276534.5085840878,299420.5152845309
2022-01-01,Northern Ireland,57861.91332172538,49288.226865154,67871.29391007042
2022-01-01,Scotland,123949.87389413881,116593.22730140733,131759.09537548295
2022-01-01,South East,317994.0151120914,309915.11968459265,326275.63911116624
2022-01-01,South West,139239.0889572183,133606.36167980667,145102.90476082367
2022-01-01,Wales,88868.45805156491,83680.155468301,94368.4092491127
2022-01-01,West Midlands,171529.542912343,162727.55871952287,180792.49202848237
2022-01-01,Yorkshire and The Humber,163612.70295579406,155358.7473236588,172290.8609905313
2022-01-02,East Midlands,161010.71315253843,153334.0059594135,169057.65801153923
2022-01-02,East of England,236991.52437824538,229252.67128123232,244980.78021611524
2022-01-02,London,610071.8067202026,596125.2415832228,624319.9867248749
2022-01-02,North East,69676.27976608013,64043.8646874084,75789.44056275726
2022-01-02,North West,304454.6944234185,292948.80538857385,316391.88290943485
2022-01-02,Northern Ireland,60658.373870124,51926.842585168924,70800.8348910013
2022-01-02,Scotland,128641.16492120996,121174.5383985408,136555.94391812806
2022-01-02,South East,322254.88590902084,314149.7176257233,330561.2464519711
2022-01-02,South West,142821.54477042265,137135.01924133723,148737.37085219027
2022-01-02,Wales,92607.28638866876,87327.46066441054,98195.95692753357
2022-01-02,West Midlands,179476.74326145242,170501.82603219163,188908.3684563651
2022-01-02,Yorkshire and The Humber,173149.1270051242,164689.224075831,182028.5893370979
2022-01-03,East Midlands,166538.38888289413,158738.57582813213,174706.90942598428
2022-01-03,East of England,241537.79999415332,233737.00523747524,249587.92922798946
2022-01-03,London,604318.8417571321,590438.956168512,618500.5888203458
2022-01-03,North East,74846.22041917716,69014.19092697185,81155.49576619956
2022-01-03,North West,320658.87188145623,308878.2265722545,332867.2267077541
2022-01-03,Northern Ireland,63891.27833777004,54920.85209931028,74266.81586017404
2022-01-03,Scotland,133564.19961507045,125966.07011653778,141608.30272628946
2022-01-03,South East,325559.8158565768,317420.18719867535,333900.1777229177
2022-01-03,South West,146110.78951595383,140365.633938654,152084.46160735868
2022-01-03,Wales,96479.63907147263,91097.29862626261,102169.22050812432
2022-01-03,West Midlands,186968.62035715114,177815.28724635032,196576.8043011238
2022-01-03,Yorkshire and The Humber,182963.10385442007,174277.2924563781,192065.99580391188
2022-01-04,East Midlands,171489.1354127978,163572.6892000479,179773.7360719332
2022-01-04,East of England,245168.14479852797,237296.96898563008,253289.19564942532
2022-01-04,London,594965.8406277549,581169.4520182182,609065.6277119734
2022-01-04,North East,80211.05641998652,74182.7248548212,86712.68035252535
2022-01-04,North West,336110.53850568953,324053.13435496506,348593.9343508661
2022-01-04,Northern Ireland,67224.6268555625,58008.497626258264,77841.953933108
2022-01-04,Scotland,138674.31268364802,130932.89687034524,146860.6503727194
2022-01-04,South East,327840.91842181043,319668.0202942928,336214.71343392774
2022-01-04,South West,149192.61538682593,143384.30617152507,155229.43432863423
2022-01-04,Wales,100370.63440393234,94877.57703983245,106170.51676719014
2022-01-04,West Midlands,194037.38902472553,184708.14977058803,203820.87439785336
2022-01-04,Yorkshire and The Humber,193188.00617743627,184268.9880944427,202522.06565999807
2022-01-05,East Midlands,175904.18284536185,167889.71561325117,184285.88567915707
2022-01-05,East of England,247618.27512929373,239706.12425607533,255780.25685528747
2022-01-05,London,582964.0533233869,569316.1714509419,596915.5330448439
2022-01-05,North East,85881.22508065986,79640.63764072064,92593.09997115037
2022-01-05,North West,350665.69680534,338361.0776681814,363394.18769520015
2022-01-05,Northern Ireland,70326.95529887325,60855.78378628736,81205.86665955842
2022-01-05,Scotland,143773.88138847874,135894.36190927238,152097.04238373833
2022-01-05,South East,329222.943949495,321037.4145173939,337609.0974906527
2022-01-05,South West,151891.36095797957,146032.8246928584,157978.03648512522
2022-01-05,Wales,103949.21716616485,98356.96218084391,109847.82811853477
2022-01-05,West Midlands,200522.4656249339,191045.7842746548,210451.7458364563
2022-01-05,Yorkshire and The Humber,202911.11609847768,193776.1297393475,212459.27905508823
2022-01-06,East Midlands,179679.44940870875,171575.46583038216,188150.51728315538
2022-01-06,East of England,249214.2714901342,241276.65969408752,257401.6130560456
2022-01-06,London,568515.9017592611,555011.504265119,582325.8266968714
2022-01-06,North East,91918.40900443155,85463.49019891252,98841.95471993963
2022-01-06,North West,363725.38604475686,351194.6982668643,376678.6928829937
2022-01-06,Northern Ireland,72997.92333940708,63330.393901722186,84072.42036641395
2022-01-06,Scotland,148487.83823257836,140482.88803436083,156935.27896475728
2022-01-06,South East,329404.1063057498,321212.69704081543,337796.3137228975
2022-01-06,South West,154320.5911186348,148415.55827851064,160453.56677189455
2022-01-06,Wales,107363.54546378636,101677.29990740198,113355.80442311903
2022-01-06,West Midlands,206523.1023167928,196902.75856076786,216595.46826974905
2022-01-06,Yorkshire and The Humber,211967.3854898979,202631.11069378996,221715.59491585655
2022-01-07,East Midlands,182685.64800009108,174494.082565152,191245.73212457992
2022-01-07,East of England,249736.2049484742,241773.97433214897,257949.1746300492
2022-01-07,London,553107.5311630458,539734.2007608775,566789.6301242483
2022-01-07,North East,97864.74729925701,91190.74165486608,105007.04052698486
2022-01-07,North West,374998.43930643325,362248.826372183,388171.42633586377
2022-01-07,Northern Ireland,75032.26837621376,65199.85490180391,86276.43624757692
2022-01-07,Scotland,152615.26936288626,144482.47965167856,161191.77003296616
2022-01-07,South East,328440.804224066,320239.0237978257,336844.5274947699
2022-01-07,South West,156281.71936807962,150330.30218214213,162461.63495689415
2022-01-07,Wales,110500.29076775804,104717.67135808282,116589.84003620711
2022-01-07,West Midlands,212259.17887956247,202488.15481205596,222483.12415362737
2022-01-07,Yorkshire and The Humber,220296.23948591665,210764.47815054774,230240.06521623887
2022-01-08,East Midlands,185188.67075369586,176930.8475030636,193815.6159683138
2022-01-08,East of England,249446.28227268765,241465.45702840155,257679.35362385184
2022-01-08,London,536753.6875725699,523536.2301717701,550282.7950368158
2022-01-08,North East,103667.36407820854,96794.13253956739,111007.30816394083
2022-01-08,North West,384453.29491546203,371519.12957979995,397811.64039704815
2022-01-08,Northern Ireland,76696.14931099338,66722.74019863484,88087.37882182085
2022-01-08,Scotland,156276.75634315787,148027.85908379414,164970.85026666746
2022-01-08,South East,326708.1442406866,318502.8383557902,335116.71188150276
2022-01-08,South West,157755.9718028386,151764.95877364042,163976.27648810518
2022-01-08,Wales,112807.67744368411,106952.39337486017,118970.81477218683
2022-01-08,West Midlands,217336.9928367659,207427.68157173364,227700.58912052322
2022-01-08,Yorkshire and The Humber,228047.71298847964,218338.10420252162,238169.39038135012
2022-01-09,East Midlands,186716.56275653094,178416.4018135865,195386.39768011554
2022-01-09,East of England,248237.02498068515,240262.78134840814,256464.41633584106
2022-01-09,London,520136.52280202816,507110.28772103024,533475.9777054224
2022-01-09,North East,109245.3745194188,102191.50815188847,116763.69227236671
2022-01-09,North West,392014.62452053657,378950.4451411024,405502.5344371186
2022-01-09,Northern Ireland,78075.70631645876,67966.291449023,89613.89374384384
2022-01-09,Scotland,159467.56708210456,151127.77903385556,168252.7854208745
2022-01-09,South East,324359.5514856467,316171.70433947846,332751.3482944828
2022-01-09,South West,158685.13172959737,152668.88704575898,164931.19114409786
2022-01-09,Wales,114545.2409551288,108639.05534891905,120759.59400116798
2022-01-09,West Midlands,221603.27138427395,211589.97257778162,232070.93321730566
2022-01-09,Yorkshire and The Humber,234753.16972912755,224890.56159624102,245027.95317820052
2022-01-10,East Midlands,187725.59829435122,179384.77694422958,196437.61670237934
2022-01-10,East of England,246347.09194078983,238377.2257525025,254571.91741835143
2022-01-10,London,503256.63162114733,490396.2066392163,516433.48900245427
2022-01-10,North East,114374.71140745268,107147.14075580571,122066.27064300183
2022-01-10,North West,397267.09212360287,384079.38553134294,410880.4385678759
2022-01-10,Northern Ireland,79260.68556285354,69026.60607180606,90935.3408555585
2022-01-10,Scotland,161798.4990004941,153376.69485586928,170667.65744266237
2022-01-10,South East,321357.65322484355,313185.77870217455,329734.69586166315
2022-01-10,South West,159071.93455652674,153028.49679101672,165346.70537585643
2022-01-10,Wales,115653.83137633582,109704.37755818645,121912.81914375244
2022-01-10,West Midlands,224972.7032658914,214864.77600712242,235536.26144800012
2022-01-10,Yorkshire and The Humber,240222.4144373983,230221.21177767348,250637.15481037172
2022-01-11,East Midlands,187834.56315226876,179456.80587429102,196586.64904136144
2022-01-11,East of England,243364.18096603244,235414.32755189372,251571.0500147308
2022-01-11,London,486295.40459565294,473598.06879350025,499312.87641707325
2022-01-11,North East,119171.86767792147,111780.47436077734,127027.40319830997
2022-01-11,North West,400677.48909289273,387387.26260403875,414396.0602371318
2022-01-11,Northern Ireland,79934.20495680648,69645.91096116335,91664.78853762816
2022-01-11,Scotland,163002.43432633945,154529.76789851172,171924.38139580682
2022-01-11,South East,317553.1044840407,309400.3490410849,325912.66516658576
2022-01-11,South West,159017.57923365987,152954.69001881938,165313.40697513236
2022-01-11,Wales,116005.27492573649,110019.61772080019,122303.30313881654
2022-01-11,West Midlands,227272.53161071092,217080.08476265703,237923.3224372604
2022-01-11,Yorkshire and The Humber,244153.89659667815,234035.20737009178,254688.64148536223
2022-01-12,East Midlands,186807.62711162036,178424.88073912179,195567.40696728797
2022-01-12,East of England,239326.71292841944,231414.5964394705,247498.00539888095
2022-01-12,London,469533.1021084468,456991.58503421996,482399.02960063005
2022-01-12,North East,123625.19539874846,116080.72482602965,131634.37928721428
2022-01-12,North West,401564.3359732465,388213.6594508375,415346.275379113
2022-01-12,Northern Ireland,80013.3547452962,69682.57715755528,91797.4779561257
2022-01-12,Scotland,163285.0818145196,154773.51021713106,172249.32573775272
2022-01-12,South East,312654.38455435063,304537.36889678583,320979.7964133113
2022-01-12,South West,158574.81596052725,152495.86908449006,164888.66121603793
2022-01-12,Wales,115673.10915913197,109680.15485059081,121980.20250403846
2022-01-12,West Midlands,228644.6457923681,218395.20971974538,239354.64765729976
2022-01-12,Yorkshire and The Humber,246758.87672847626,236559.59202138483,257376.1225212534
2022-01-13,East Midlands,185141.41659889882,176761.1103550962,193902.2340745555
2022-01-13,East of England,234361.62498500678,226497.4811188498,242487.61109089403
2022-01-13,London,453206.4507626969,440818.36710913194,465923.3888264417
2022-01-13,North East,127756.54575389026,120061.16159411483,135918.5102123563
2022-01-13,North West,399840.30217523105,386450.6202381221,413665.8707745366
2022-01-13,Northern Ireland,79254.1241257173,68905.172263179,91078.65024870714
2022-01-13,Scotland,162741.19977907388,154201.83098504378,171737.9395225478
2022-01-13,South East,307059.63270691613,298981.89264494134,315347.7377689564
2022-01-13,South West,157553.18403250535,151465.5729421424,163878.0133399996
2022-01-13,Wales,114477.3330932025,108492.22081820822,120779.33094191237
2022-01-13,West Midlands,228953.5616329158,218651.84339532355,239719.97778806736
2022-01-13,Yorkshire and The Humber,247889.34165663808,237623.31824095413,258576.81129931143
2022-01-14,East Midlands,182946.38013493462,174595.14551846308,191680.37978726777
2022-01-14,East of England,228972.8816141126,221171.7790948179,237038.11325654044
2022-01-14,London,437338.289329276,425122.32780530944,449886.5412115933
2022-01-14,North East,131059.62693586122,123243.67104481,139343.75954889035
2022-01-14,North West,395743.5632057517,382373.00454403326,409553.69689287076
2022-01-14,Northern Ireland,77884.99568226149,67602.79236632468,89653.15859209443
2022-01-14,Scotland,161751.08733200145,153210.82558044954,170751.86735373855
2022-01-14,South East,301059.3011815287,293036.0851108877,309294.4203514183
2022-01-14,South West,155955.03663627463,149877.45265870576,162271.6390976724
2022-01-14,Wales,112680.64352111827,106727.4658875271,118952.72802598051
2022-01-14,West Midlands,228220.5918107083,217913.154641687,238994.88548663404
2022-01-14,Yorkshire and The Humber,247815.90073717505,237514.73085691666,258541.60497819792
2022-01-15,East Midlands,179866.2018568782,171549.39031153475,188569.65376043657
2022-01-15,East of England,222978.20341262425,215245.66473176234,230977.68899817605
2022-01-15,London,422519.34185225563,410441.3120946507,434934.48165720684
2022-01-15,North East,133571.99773855243,125646.84378084938,141968.74573479587
2022-01-15,North West,390128.8354229062,376788.3717379563,403913.79511787934
2022-01-15,Northern Ireland,76317.70071352604,66132.25774035782,87995.1993514224
2022-01-15,Scotland,160210.86225662462,151682.92250800668,169202.76422208006
2022-01-15,South East,294676.36363068933,286704.75029376615,302861.95111711265
2022-01-15,South West,154008.95611007238,147944.93741482098,160314.12877293685
2022-01-15,Wales,110277.20101375198,104362.9353252617,116513.63203254736
2022-01-15,West Midlands,226782.07194668066,216453.72997511632,237582.45556420748
2022-01-15,Yorkshire and The Humber,246535.2150970896,236215.70532463628,257283.22998517123
2022-01-16,East Midlands,176023.41182966778,167771.4022952037,184664.9901876613
2022-01-16,East of England,216825.4640538144,209180.5105919019,224739.2223751421
2022-01-16,London,408734.0750852588,396811.59900840535,420996.9366861966
2022-01-16,North East,135225.60296868507,127227.10284951601,143698.13536870258
2022-01-16,North West,382773.6492964183,369515.7768332887,396479.7164151911
2022-01-16,Northern Ireland,74852.84236483427,64747.76141175158,86459.33408906752
2022-01-16,Scotland,158079.19318299546,149585.40530251694,167039.89385718876
2022-01-16,South East,288398.773704664,280490.26642515743,296522.71364659985
2022-01-16,South West,151866.79499737275,145828.37832095058,158147.90775891184
2022-01-16,Wales,107506.99597783171,101652.84154600393,113685.54433295991
2022-01-16,West Midlands,224712.81153345777,214399.72160537474,235501.2497924102
2022-01-16,Yorkshire and The Humber,244649.3219199812,234345.3676341773,255384.07368889882
2022-01-17,East Midlands,171932.94053333852,163754.25117679342,180504.07838227157
2022-01-17,East of England,210775.4682936591,203221.41879631332,218599.96527862296
2022-01-17,London,395428.2531979514,383668.9654809221,407530.61601870955
2022-01-17,North East,136466.15712845253,128415.66981847724,144992.13983476875
2022-01-17,North West,374278.7179170249,361125.46995316586,387883.997353564
2022-01-17,Northern Ireland,73043.4018887381,63035.012489110646,84566.36539165364
2022-01-17,Scotland,155360.97449239544,146915.23502975292,164277.01340277577
2022-01-17,South East,282317.4758215546,274477.1827213629,290374.3020523825
2022-01-17,South West,149757.36984764793,143752.1870168487,156006.1539335758
2022-01-17,Wales,104571.67832406441,98780.05385179682,110690.38774162748
2022-01-17,West Midlands,222362.58127652243,212092.78261795474,233109.0924943539
2022-01-17,Yorkshire and The Humber,241687.36009950782,231432.5524549806,252374.51134402372
2022-01-18,East Midlands,167779.43215694372,159680.32178673692,176273.60163308392
2022-01-18,East of England,204531.40197813357,197074.2764308741,212260.61218827832
2022-01-18,London,382741.4269180457,371136.72734582366,394692.0978212915
2022-01-18,North East,136867.9907322365,128786.75485096808,145426.88833388357
2022-01-18,North West,364393.2085618066,351376.51163825335,377865.6234360571
2022-01-18,Northern Ireland,71272.84168712706,61375.49378351704,82693.11572987231
2022-01-18,Scotland,152266.7531731168,143881.1404730938,161126.07219372666
2022-01-18,South East,276523.518427635,268749.2890645018,284515.3398790883
2022-01-18,South West,147405.66234684337,141435.5801814889,153620.564502999
2022-01-18,Wales,101521.17177945467,95807.08016746248,107563.89531024486
2022-01-18,West Midlands,219936.5809119847,209698.73122379318,230653.81672901876
2022-01-18,Yorkshire and The Humber,237870.20071041238,227673.86126802527,248501.38000496817
2022-01-19,East Midlands,163828.4211272635,155824.3463945075,172228.2602331203
2022-01-19,East of England,198612.9745693029,191258.8252768066,206240.08838410064
2022-01-19,London,371962.0195856311,360507.9001730044,383763.61681222223
2022-01-19,North East,136386.44721573644,128323.47243797316,144926.75064587087
2022-01-19,North West,353542.10360571695,340706.31623060984,366835.72292909824
2022-01-19,Northern Ireland,69507.57812669636,59731.3714794204,80812.2898495459
2022-01-19,Scotland,148549.16043448664,140264.34642342143,157308.65022556306
2022-01-19,South East,271503.18068857613,263798.7901300832,279425.4164619468
2022-01-19,South West,145259.09813165962,139334.4270520221,151428.62005180406
2022-01-19,Wales,98136.26554842551,92517.08392765906,104084.96110232202
2022-01-19,West Midlands,217325.58355606534,207141.23252367612,227990.42644286595
2022-01-19,Yorkshire and The Humber,233735.57640165827,223620.58098324083,244286.64496532452
2022-01-20,East Midlands,159881.6820024737,151985.44025019096,168173.19874900478
2022-01-20,East of England,193192.11642650914,185940.3007094962,200717.21614847364
2022-01-20,London,362845.73572224576,351532.7786145208,374506.7267250083
2022-01-20,North East,135195.83368016095,127163.51050190558,143706.44479368458
2022-01-20,North West,342270.1406756049,329637.4427605437,355362.03444027726
2022-01-20,Northern Ireland,68351.645371716,58689.42069313737,79534.61346991794
2022-01-20,Scotland,145146.9767318982,136959.9414909058,153809.06861942788
2022-01-20,South East,267516.5459420912,259871.32782194714,275379.62467847596
2022-01-20,South West,143332.2292967085,137451.13910130045,149457.98144935118
2022-01-20,Wales,94816.06456472001,89292.24632687762,100670.2063393056
2022-01-20,West Midlands,214488.0795150756,204376.56521249036,225079.91243345695
2022-01-20,Yorkshire and The Humber,229402.15144753247,219385.95374235738,239854.6049847515
2022-01-21,East Midlands,156354.47254140925,148526.2508424261,164580.56924210791
2022-01-21,East of England,188594.21841974097,181411.62291400772,196051.82838410916
2022-01-21,London,355468.8499587113,344232.6606121353,367055.9817385373
2022-01-21,North East,133493.86819918128,125494.48312410006,141974.3070287506
2022-01-21,North West,331245.6506786641,318781.9449797117,344172.39842015115
2022-01-21,Northern Ireland,67376.02565311876,57771.791343107536,78507.6119827435
2022-01-21,Scotland,141892.75845483117,133781.68202866238,150481.51506637907
2022-01-21,South East,264670.99919837154,257050.64563300792,272510.2498002672
2022-01-21,South West,141769.23900663064,135906.30691926694,147878.16452207507
2022-01-21,Wales,91581.09085623917,86134.97546835018,97360.46066426902
2022-01-21,West Midlands,212093.14362373296,202010.84684738074,222658.80386100482
2022-01-21,Yorkshire and The Humber,225154.73640672234,215215.022363097,235532.79251449206
2022-01-22,East Midlands,153303.65370386222,145516.55503853312,161492.889500636
2022-01-22,East of England,185059.70425207223,177921.51452370273,192475.0241089219
2022-01-22,London,349227.27475141,338042.30837708875,360766.6442034369
2022-01-22,North East,131695.5946462056,123730.4342045271,140144.8952274878
2022-01-22,North West,320098.7603694998,307798.62095314375,332866.8017791046
2022-01-22,Northern Ireland,67391.73642000367,57721.31464017763,78611.89690053299
2022-01-22,Scotland,138997.114370463,130931.80563724415,147545.29327703084
2022-01-22,South East,262724.9246638925,255104.25661539062,270566.2300448386
2022-01-22,South West,140664.7039501865,134813.61492443926,146762.83326108355
2022-01-22,Wales,88669.05597051323,83296.9422636322,94376.82917723543
2022-01-22,West Midlands,209876.53071577573,199814.2840375578,220425.72086794037
2022-01-22,Yorkshire and The Humber,221313.1236231528,211416.25286677107,231652.73377898286
2022-01-23,East Midlands,151018.33777098975,143263.22870196463,159178.777461636
2022-01-23,East of England,182498.76116673986,175387.30708311408,189889.37675622478
2022-01-23,London,345077.6954200673,333916.3750619198,356596.47280521964
2022-01-23,North East,129677.36906303912,121743.50752833243,138099.85643115343
2022-01-23,North West,309370.7331122664,297229.1040119492,321985.3095950159
2022-01-23,Northern Ireland,67422.60865900143,57727.890628574445,78674.62824660858
2022-01-23,Scotland,136342.59827720266,128325.25717751074,144847.03874671602
2022-01-23,South East,262056.61942883232,254422.50156873197,269912.7650217759
2022-01-23,South West,140084.06648237605,134225.7034938397,146191.196935963
2022-01-23,Wales,86001.09976686139,80692.49818920305,91648.37423632474
2022-01-23,West Midlands,208312.90880646522,198260.7429492417,218854.9980491444
2022-01-23,Yorkshire and The Humber,218111.2705757828,208248.86228138153,228420.3289035029
2022-01-24,East Midlands,149586.95090403876,141851.02097589104,157730.3611583633
2022-01-24,East of England,180831.51949890313,173724.12767641665,188220.50752837973
2022-01-24,London,342804.78424592165,331639.4835656019,354330.3570084979
2022-01-24,North East,127756.1653815222,119861.03468538048,136143.18824742845
2022-01-24,North West,299622.4048137086,287618.33146048494,312104.96253901866
2022-01-24,Northern Ireland,67864.79505551084,58126.333724912365,79163.41486183582
2022-01-24,Scotland,134208.18634136108,126238.69222800252,142667.1525245137
2022-01-24,South East,262550.62913555116,254884.75905166115,270439.957495487
2022-01-24,South West,140133.41576077102,134256.22255852635,146260.91792122985
2022-01-24,Wales,83662.71399962182,78413.82873500063,89252.60282630079
2022-01-24,West Midlands,207439.96263903184,197373.88575464673,217999.60812202914
2022-01-24,Yorkshire and The Humber,215187.5246974426,205360.4638336003,225464.55415177048
2022-01-25,East Midlands,148694.41822906522,140961.06582712894,156837.63512569456
2022-01-25,East of England,180393.62329747563,173274.97212165757,187795.51738180904
2022-01-25,London,342883.3316522591,331689.10639643023,354439.63891860587
2022-01-25,North East,125798.69227938674,117942.62661708727,134150.1523175665
2022-01-25,North West,290880.14008634136,278999.97138364427,303244.11626916233
2022-01-25,Northern Ireland,68448.820178593,58646.40188512818,79817.32599188409
2022-01-25,Scotland,132336.92279934345,124409.00279558498,140756.53335179258
2022-01-25,South East,264240.15657580394,256530.20340643454,272174.64847675257
2022-01-25,South West,140759.10300692575,134855.99962704335,146913.57211492312
2022-01-25,Wales,81897.26107090425,76694.24368654299,87443.07751457901
2022-01-25,West Midlands,207170.12209223927,197077.6337891328,217759.5412875472
2022-01-25,Yorkshire and The Humber,212875.1739435979,203083.51749393242,223118.7919162696
2022-01-26,East Midlands,148481.20768658796,140724.70460306603,156650.74345961938
2022-01-26,East of England,180899.4436323516,173742.2187198219,188342.19160742784
2022-01-26,London,344527.3261741471,333239.13092917704,356181.9142796219
2022-01-26,North East,123792.94787999315,115952.6875273196,132135.525231616
2022-01-26,North West,283387.7198033637,271607.10802572494,295657.5939474362
2022-01-26,Northern Ireland,69347.1616865032,59426.72534118161,80849.5832518543
2022-01-26,Scotland,131071.93598283484,123142.49538353014,139498.44001836592
2022-01-26,South East,267441.6677120745,259652.64019115936,275457.0175931822
2022-01-26,South West,142134.52783104248,136175.6850263854,148346.9525491073
2022-01-26,Wales,80776.58409828824,75585.60941009043,86313.9139650195
2022-01-26,West Midlands,207437.87580292526,197292.39282828022,218084.9446201507
2022-01-26,Yorkshire and The Humber,211260.04035813044,201465.59345894973,221510.49076752746
2022-01-27,East Midlands,148762.91598013794,140954.63120850225,156989.0514186228
2022-01-27,East of England,182559.76651928175,175334.63990645346,190073.1278995045
2022-01-27,London,347774.55211700377,336379.5320947364,359539.28869649966
2022-01-27,North East,121738.6483113242,113923.17396830405,130062.62434976337
2022-01-27,North West,277589.3461616093,265867.5222703168,289806.4708743324
2022-01-27,Northern Ireland,70542.3766576735,60485.198801901235,82195.70897804137
2022-01-27,Scotland,130355.79432957208,122422.24522558774,138789.92057321416
2022-01-27,South East,272182.04907787807,264289.9509136917,280302.28801852185
2022-01-27,South West,144206.60554286707,138177.0063646156,150491.9766767607
2022-01-27,Wales,80149.24878437257,74953.58872698607,85694.89095598203
2022-01-27,West Midlands,208484.62430330442,198278.22645519118,219196.018512691
2022-01-27,Yorkshire and The Humber,210158.08088470457,200343.16667786258,220433.57519300922
2022-01-28,East Midlands,149909.00418209864,142057.1027148735,158180.04296892023
2022-01-28,East of England,185142.18656904256,177853.5538565221,192719.85222136858
2022-01-28,London,352425.13090110914,340932.16347432905,364288.9509330373
2022-01-28,North East,119900.88831676777,112127.68259900445,128185.58583196712
2022-01-28,North West,272668.0727411859,261036.39695237813,284796.8740745699
2022-01-28,Northern Ireland,71981.14472340964,61801.62792212056,83759.54434360852
2022-01-28,Scotland,130252.99558657486,122306.9192243797,138701.71362792634
2022-01-28,South East,278367.28499751736,270380.2514083513,286582.54359204945
2022-01-28,South West,147110.3222458584,141014.91432930902,153461.70637197368
2022-01-28,Wales,79773.4488288298,74577.26301687192,85321.4998167342
2022-01-28,West Midlands,210021.9124922141,199754.66678810155,220796.2617807377
2022-01-28,Yorkshire and The Humber,209755.8361860902,199930.06969974667,220044.19315701857
2022-01-29,East Midlands,151593.62377635963,143693.2969373211,159913.27387189417
2022-01-29,East of England,188448.1779178376,181083.2472526452,196102.78546711593
2022-01-29,London,358660.6444513885,347049.4365766109,370643.4007060016
2022-01-29,North East,118192.32468002736,110445.30025778527,126455.53098684331
2022-01-29,North West,269003.9602154565,257423.14238919682,281084.77109548217
2022-01-29,Northern Ireland,73834.1413722321,63514.43345824732,85750.83580766403
2022-01-29,Scotland,130771.61779101494,122794.09753983727,139253.70003186644
2022-01-29,South East,285863.7167071752,277764.41260431014,294191.25645297265
2022-01-29,South West,150744.560033762,144568.80318173635,157176.43965542252
2022-01-29,Wales,79761.89610361567,74558.58189648633,85318.13043257926
2022-01-29,West Midlands,211811.97834266943,201479.19167019738,222653.78678804878
2022-01-29,Yorkshire and The Humber,209844.06734104038,200002.51139257135,220149.52356192452
2022-01-30,East Midlands,153952.9713038187,145983.990871277,162341.66351693604
2022-01-30,East of England,192154.7032457228,184711.93346996786,199887.2969605819
2022-01-30,London,366092.76135324,354357.7185031877,378199.13286825095
2022-01-30,North East,116569.4862908358,108865.7184254155,124791.4701262575
2022-01-30,North West,266601.79051104386,255062.25835608115,278642.54205700575
2022-01-30,Northern Ireland,75659.30563002123,65171.24367869936,87753.000634545
2022-01-30,Scotland,131594.18106297104,123569.3471002976,140126.28814044187
2022-01-30,South East,294450.69890095975,286227.1946419573,302902.2927541599
2022-01-30,South West,155029.60232701182,148763.8475179026,161551.34415442444
2022-01-30,Wales,80070.7409317016,74854.44150905355,85640.28267732177
2022-01-30,West Midlands,214435.45783171273,204038.09406916,225341.5001778149
2022-01-30,Yorkshire and The Humber,210362.84363130693,200503.96546484466,220686.0405861223
2022-01-31,East Midlands,156508.31563376132,148451.26391582942,164987.01785633853
2022-01-31,East of England,196518.58336474217,188986.27138750878,204340.7890566995
2022-01-31,London,374519.69772657845,362636.0353728706,386775.05069724395
2022-01-31,North East,115297.55865155194,107619.91513406005,123496.16175073429
2022-01-31,North West,264635.85463709093,253129.8927152056,276644.0835354259
2022-01-31,Northern Ireland,77796.42182192313,67127.89751636772,90075.60517170167
2022-01-31,Scotland,132907.16713432388,124825.4085690271,141498.10420350992
2022-01-31,South East,303518.75502869394,295162.767283338,312102.8541422817
2022-01-31,South West,159863.82207539736,153488.7390691872,166495.49535088448
2022-01-31,Wales,80531.1250702042,75292.918647893,86123.41309631478
2022-01-31,West Midlands,217380.38118511604,206903.82324292205,228365.94786181123
2022-01-31,Yorkshire and The Humber,211274.35051697044,201377.40585360487,221637.085150083
2022-02-01,East Midlands,159369.55701542823,151222.28769918994,167939.78149903708
2022-02-01,East of England,201387.8549558039,193743.60319584265,209323.08818819013
2022-02-01,London,383334.434420774,371288.96134786087,395752.4575227808
2022-02-01,North East,114213.87845703903,106541.29258154937,122412.25342618485
2022-02-01,North West,263778.7352964303,252263.31628685765,275799.0417415711
2022-02-01,Northern Ireland,79783.84969109498,68968.91908714731,92207.6689197122
2022-02-01,Scotland,134429.18017073412,126284.25751953175,143085.13474500302
2022-02-01,South East,313144.93369297084,304643.9538983701,321874.38741014677
2022-02-01,South West,165206.08105812638,158717.5270241088,171951.40682544856
2022-02-01,Wales,81166.4635051724,75893.31990769539,86795.50576285755
2022-02-01,West Midlands,220769.76878055872,210201.87218571128,231847.121527322
2022-02-01,Yorkshire and The Humber,212168.051065852,202221.29267086723,222583.24485202934
2022-02-02,East Midlands,162348.89299147396,154153.23980054728,170964.10621016636
2022-02-02,East of England,206792.1008160904,199076.40129577726,214796.02030744957
2022-02-02,London,392516.7454958348,380386.152686922,405015.69375174417
2022-02-02,North East,113202.4830791678,105592.93389749649,121334.10595498259
2022-02-02,North West,263632.9970682699,252163.10502397915,275604.0061664917
2022-02-02,Northern Ireland,82416.74800232104,71479.9968746889,94938.37134466345
2022-02-02,Scotland,136100.01577891462,127945.08254810805,144760.41792680052
2022-02-02,South East,323123.483207184,314520.32445982395,331953.01164516166
2022-02-02,South West,170643.85815312213,164073.73956293715,177468.3713767739
2022-02-02,Wales,82100.29818359057,76818.8597109212,87734.33879423013
2022-02-02,West Midlands,224391.85678019878,213773.1722068418,235515.95590673562
2022-02-02,Yorkshire and The Humber,213257.32162950817,203319.66044435077,223659.93145282342
2022-02-03,East Midlands,165564.79921248183,157304.5766875344,174242.36082514233
2022-02-03,East of England,212112.61905111233,204323.6752415345,220187.45842896163
2022-02-03,London,402372.2172788995,390132.3261942303,414977.28972019284
2022-02-03,North East,111842.76717251947,104287.81541613446,119919.08759805554
2022-02-03,North West,263873.35364400194,252417.8138436435,275828.2353364006
2022-02-03,Northern Ireland,85386.26206001925,74284.71457959476,98056.12459310329
2022-02-03,Scotland,138056.75016178135,129855.10553832004,146761.9482160058
2022-02-03,South East,333518.77839759795,324804.9572496215,342457.1845889622
2022-02-03,South West,176388.33248044777,169728.52078300985,183300.5301883101
2022-02-03,Wales,83304.08915239076,78002.38009872157,88955.57176988614
2022-02-03,West Midlands,228232.8342326704,217548.05847934133,239420.07761404794
2022-02-03,Yorkshire and The Humber,214263.99909286472,204324.6121083544,224666.11159191045
2022-02-04,East Midlands,168632.19224297084,160314.0856746195,177365.25915037963
2022-02-04,East of England,217586.37105769242,209711.59875300433,225745.5789879777
2022-02-04,London,411975.7805129526,399612.3038475065,424702.55012511613
2022-02-04,North East,110404.62535680574,102900.1600287912,118430.78765160753
2022-02-04,North West,264186.65769509994,252730.28314687728,276141.805193153
2022-02-04,Northern Ireland,88480.7121568156,77183.32264392999,101338.06441887798
2022-02-04,Scotland,140256.18883380608,132009.8112443602,149003.09307662715
2022-02-04,South East,343656.9563813715,334820.62976174115,352717.0333829806
2022-02-04,South West,182086.84163834277,175330.12539595237,189094.7513334622
2022-02-04,Wales,84620.06788682118,79283.71275285032,90304.89162177083
2022-02-04,West Midlands,232416.8460463562,221644.74037034225,243689.81354183002
2022-02-04,Yorkshire and The Humber,215350.80620223552,205399.1510558266,225763.7976266896
2022-02-05,East Midlands,171552.9666017059,163176.61499885583,180342.43972339938
2022-02-05,East of England,223006.9137049914,215052.09913873192,231244.48421548394
2022-02-05,London,421173.36033133196,408708.9429357306,433998.3696486924
2022-02-05,North East,109014.9513734665,101568.34397797102,116982.30367497863
2022-02-05,North West,264646.32426268305,253189.0300764577,276601.53211279097
2022-02-05,Northern Ireland,90928.4767716245,79546.16947982938,103844.84306284421
2022-02-05,Scotland,142681.825889482,134377.259198954,151484.8157230753
2022-02-05,South East,353410.37534548825,344465.58590814087,362577.7481888285
2022-02-05,South West,187762.07022981046,180913.82934698553,194860.10277014965
2022-02-05,Wales,86036.303101806,80659.62631054108,91760.52289678776
2022-02-05,West Midlands,236909.75879042974,226043.43258751195,248275.38547623504
2022-02-05,Yorkshire and The Humber,216704.84855360567,206730.05631756774,227140.00883066497
2022-02-06,East Midlands,174357.0799630608,165924.50400200445,183201.1315206997
2022-02-06,East of England,228279.19394578782,220240.98349678458,236599.04228021295
2022-02-06,London,429326.85600407544,416766.6184717317,442245.7830336375
2022-02-06,North East,107766.54357304286,100373.91721211604,115678.79148390991
2022-02-06,North West,265287.38764877175,253833.21331351867,277237.8925599803
2022-02-06,Northern Ireland,93406.38505892712,81899.94614141564,106433.0018686768
2022-02-06,Scotland,145419.69294716974,137056.75971118998,154277.91923814366
2022-02-06,South East,362430.8165247497,353382.06336167065,371701.35642156797
2022-02-06,South West,193201.52360476519,186263.714163553,200388.06146144916
2022-02-06,Wales,87401.986814559,81992.09896548113,93157.83685825148
2022-02-06,West Midlands,240924.66149881753,229979.99786837012,252366.78512182558
2022-02-06,Yorkshire and The Humber,217721.4283667101,207736.2718163341,228165.57739285644
2022-02-07,East Midlands,176479.83530089716,168010.91664021407,185358.42178476093
2022-02-07,East of England,233101.2392838252,224987.8240099102,241495.28149834793
2022-02-07,London,436993.9652229065,424356.31783048995,449987.8790009722
2022-02-07,North East,106349.2063617805,99023.74310880176,114192.18006423074
2022-02-07,North West,265545.2549245251,254096.07011296705,277489.80560155807
2022-02-07,Northern Ireland,95798.2239576506,84159.35837717676,108948.3101654578
2022-02-07,Scotland,147917.5927129494,139488.61013593726,156840.69515625996
2022-02-07,South East,370734.571300121,361604.208045304,380085.3734125318
2022-02-07,South West,198362.00139672376,191342.36862963968,205629.24376783954
2022-02-07,Wales,88740.84837256078,83299.03896639719,94527.05687621185
2022-02-07,West Midlands,244490.54470512422,233488.30583519232,255987.58886903865
2022-02-07,Yorkshire and The Humber,218563.61023786507,208575.57289023965,229008.9763344817
2022-02-08,East Midlands,178542.13878913666,170019.15294193904,187474.9345740538
2022-02-08,East of England,237421.42609980766,229243.4873429706,245878.95515291518
2022-02-08,London,442805.19602244115,430096.29617967544,455869.30661529396
2022-02-08,North East,105210.78228301984,97930.37572740235,113008.32286772325
2022-02-08,North West,265690.97740466666,254245.055960596,277631.6813343751
2022-02-08,Northern Ireland,98284.65409013644,86489.33025074216,111587.77436910341
2022-02-08,Scotland,150254.76121882195,141766.89166501767,159235.38806952143
2022-02-08,South East,378147.0716780908,368932.4691396054,387581.5321265503
2022-02-08,South West,202965.1136461711,195870.4582911107,210306.6187452433
2022-02-08,Wales,89532.54799783039,84066.90943275821,95342.33648606557
2022-02-08,West Midlands,247611.83864965616,236544.82356841417,259172.72671888367
2022-02-08,Yorkshire and The Humber,219097.1989026654,209099.3922450378,229552.02966868647
2022-02-09,East Midlands,180453.68092083366,171863.1928535773,189455.83662231115
2022-02-09,East of England,240885.0055530622,232612.75762598083,249439.0014251701
2022-02-09,London,447562.98677258624,434729.1698003955,460754.94023013214
2022-02-09,North East,103922.20935606978,96664.98555557115,111700.2984183727
2022-02-09,North West,265601.8315442298,254109.36482861592,277593.3826468099
2022-02-09,Northern Ireland,101044.87857377737,89102.52997071025,114484.76011497437
2022-02-09,Scotland,152658.79583597006,144081.70432342816,161730.7247229384
2022-02-09,South East,384402.3045894239,375082.9916441085,393942.63560531766
2022-02-09,South West,206877.63292312986,199694.88543578383,214308.35152187422
2022-02-09,Wales,90200.14881023904,84695.87210781117,96050.78031438572
2022-02-09,West Midlands,249680.82643570268,238528.15257152522,261330.6686609059
2022-02-09,Yorkshire and The Humber,218812.0234397801,208780.58723926978,229304.2902194113
2022-02-10,East Midlands,181746.69550696464,173096.21635439937,190811.50601558504
2022-02-10,East of England,243618.44421860966,235275.65378620973,252244.41854343345
2022-02-10,London,451115.4481880034,438183.67309799226,464407.8068635784
2022-02-10,North East,102483.07364369636,95254.33877511283,110236.5751789871
2022-02-10,North West,264682.7395952487,253176.4318354876,276691.24851997854
2022-02-10,Northern Ireland,103574.82309464515,91423.03494952449,117235.1370403443
2022-02-10,Scotland,155358.90087221304,146688.34812711595,164525.8666894638
2022-02-10,South East,389155.436551462,379751.11591627286,398781.92319935537
2022-02-10,South West,210184.4665810588,202926.82208168105,217691.07730996265
2022-02-10,Wales,90978.64239088999,85433.92501151926,96871.6859637276
2022-02-10,West Midlands,251190.89027056147,239950.67614427165,262932.95770684327
2022-02-10,Yorkshire and The Humber,218125.42088644343,208069.4987752445,228646.0727647728
2022-02-11,East Midlands,182598.64537297015,173904.52203555466,191709.257936371
2022-02-11,East of England,245927.00502215137,237529.16796524308,254608.92913805734
2022-02-11,London,453215.8128394339,440237.56190092495,466555.4466365454
2022-02-11,North East,101116.9645944786,93929.91461043053,108830.377483788
2022-02-11,North West,263050.8309882823,251559.6869481647,275046.2010260227
2022-02-11,Northern Ireland,105817.09062930729,93480.78906553779,119671.49257378626
2022-02-11,Scotland,158452.10441445393,149680.20494314784,167721.61083643232
2022-02-11,South East,392892.3365593329,383428.67911289976,402578.7075182626
2022-02-11,South West,213315.62999642742,205993.28772819904,220887.46220743118
2022-02-11,Wales,91512.06269892718,85943.36472394632,97429.95513887862
2022-02-11,West Midlands,252250.47684776422,240968.16284465182,264036.1671703679
2022-02-11,Yorkshire and The Humber,217137.7471003151,207088.54218033334,227653.35621443574
2022-02-12,East Midlands,183082.24338111805,174360.47706832673,192222.00495051828
2022-02-12,East of England,247641.9130339544,239192.35030947794,256376.98030415515
2022-02-12,London,454036.5443861341,441005.77273480745,467430.9530823403
2022-02-12,North East,99750.77671476327,92587.7036100786,107444.60084984431
2022-02-12,North West,261526.01257003486,250050.72260284435,273507.2931554715
2022-02-12,Northern Ireland,107612.13965155269,95121.45785583358,121630.3954136972
2022-02-12,Scotland,161942.75608350386,153060.90166918695,171323.13717145805
2022-02-12,South East,395541.9025547389,386017.60991088056,405290.18197032425
2022-02-12,South West,215597.07911296506,208227.80973061954,223216.2161791148
2022-02-12,Wales,91911.45280940867,86318.43653632393,97855.13701379884
2022-02-12,West Midlands,252945.4634477053,241633.951487048,264761.494890211
2022-02-12,Yorkshire and The Humber,215396.55150617508,205357.01168918153,225905.6950438137
2022-02-13,East Midlands,182812.51112264328,174083.46332401218,191960.94467527038
2022-02-13,East of England,249093.3345417806,240610.05497163176,257862.62754336887
2022-02-13,London,453425.0184437778,440373.291183107,466842.1059072181
2022-02-13,North East,98317.63214336852,91189.48210657043,105979.76330363177
2022-02-13,North West,259798.31454476868,248349.9285736206,271753.9078448408
2022-02-13,Northern Ireland,109575.01389930162,96928.40925377552,123756.27790581355
2022-02-13,Scotland,165558.5634255545,156564.2227320847,175052.31890501257
2022-02-13,South East,397067.48332394485,387514.11598896695,406845.2925092217
2022-02-13,South West,216992.28910052072,209590.4022149533,224644.54866434546
2022-02-13,Wales,92248.86749455414,86633.06152010999,98216.8762186251
2022-02-13,West Midlands,252655.4071875661,241331.17617673604,264485.9547769971
2022-02-13,Yorkshire and The Humber,213177.10270788567,203177.88604977116,223647.3759942905
