date,covid_in_pop,covid_in_pop_lo,covid_in_pop_up
2020-07-05,1247.6232950935178,884.1002041960721,1760.0245592567742
2020-07-06,1425.4621541965328,1043.1946555833354,1947.1939573886298
2020-07-07,1711.7315442334245,1291.6758964465005,2267.709684216343
2020-07-08,1723.0003964306652,1303.9033869570874,2276.1508100918277
2020-07-09,1654.1168470658858,1248.1545724621014,2191.52069161648
2020-07-10,1748.8168676447274,1334.2067016818708,2291.6665225310103
2020-07-11,1842.94255523499,1413.13646726931,2402.83202007916
2020-07-12,2008.8010552141855,1554.7199716273697,2594.7940495542944
2020-07-13,1985.3770049034392,1533.1748735385772,2570.2366720581067
2020-07-14,1944.1184200553425,1494.371750179333,2528.492675736526
2020-07-15,1972.1417474068162,1519.4889568124577,2558.898660325187
2020-07-16,1750.040612592282,1328.0709687962612,2305.421399078996
2020-07-17,1849.345267561205,1418.0749187414112,2411.096156971421
2020-07-18,1773.3465772035377,1349.409874974588,2329.8002526794107
2020-07-19,1761.343227850283,1332.9377482651357,2326.7485965855735
2020-07-20,1990.5575182156356,1537.1970104349466,2576.8826617777618
2020-07-21,1876.3806393546465,1438.826835545496,2446.2823079593204
2020-07-22,1823.7590372422057,1391.4542083260221,2389.6571467696995
2020-07-23,1911.3196175140379,1469.1860794709805,2485.7618695814845
2020-07-24,2004.4490321396709,1554.780051064938,2583.4111941284386
2020-07-25,1951.1743182427895,1506.799479637276,2525.854256773866
2020-07-26,1860.3411840398626,1423.0060723122508,2431.346608999273
2020-07-27,1624.0461169460993,1221.8720687747923,2157.9502517831575
2020-07-28,1734.4307884355187,1316.251996292618,2284.7763549053484
2020-07-29,1843.1554243856287,1409.8647064790573,2408.8733440918663
2020-07-30,1769.1931915340278,1346.2887638716895,2324.226252605072
2020-07-31,1579.1534283542471,1184.475139752119,2104.6945048186217
2020-08-01,1438.5858712081106,1060.911820637972,1950.0853142455846
2020-08-02,1289.486707659109,931.8140658977412,1783.8636870974624
2020-08-03,1397.221516407186,1022.5449287007043,1908.555702895918
2020-08-04,1371.5992229757917,999.7293843851694,1881.1694111268923
2020-08-05,1326.6571106529022,958.6841269751415,1835.2488263719679
2020-08-06,1165.406860806678,825.8394256333434,1644.041482416559
2020-08-07,1292.8673558656303,934.2675951281334,1788.5016275204339
2020-08-08,1239.5400122851072,887.4006246086542,1730.8074117052442
2020-08-09,934.9792162525258,633.5316523318683,1379.3559674824642
2020-08-10,1045.7448934446293,723.8032931134449,1510.3116274958766
2020-08-11,1089.945850259578,759.2087538069427,1564.1484946338144
2020-08-12,874.3670250324714,582.8568652817848,1311.1315053374735
2020-08-13,944.9233818879387,640.3000416539367,1393.882630480164
2020-08-14,1035.5095190639322,711.9732907640403,1505.4196539261827
2020-08-15,1071.157557094599,736.4894857669032,1557.217421208906
2020-08-16,989.9524223451393,665.5261985586989,1471.856647146408
2020-08-17,811.3164168184848,519.5929578932545,1266.225926688611
2020-08-18,912.333880041829,596.9716022063656,1393.6070825816885
2020-08-19,1208.8732003846392,831.2308267503564,1757.1874510314842
2020-08-20,1067.7497215893825,717.8598624040649,1587.3687294678841
2020-08-21,1083.1886217601732,734.0329734831945,1597.6449509570236
2020-08-22,1073.0720377329262,727.170020253542,1582.7583764177505
2020-08-23,1049.4507543492377,711.1523429380734,1547.9679637761215
2020-08-24,1220.7940466780724,850.3974823934657,1751.7313668407076
2020-08-25,1258.9957341810186,882.3014008266258,1795.7346308324697
2020-08-26,1161.8505816934933,804.1963152466589,1677.8596457612095
2020-08-27,1304.7892420549863,919.6383741397703,1850.4731174389221
2020-08-28,1425.2295243896708,1020.4023043793826,1989.846111000955
2020-08-29,1422.5535942831302,1018.4833118531466,1986.12204109214
2020-08-30,1463.6588354436965,1047.9242345641776,2043.4682716228383
2020-08-31,1776.7018310838919,1300.4295713176818,2426.3374572475304
2020-09-01,1705.7361186549936,1238.1837359288797,2348.813748683339
2020-09-02,1939.9092600112974,1430.840451383292,2628.920202052774
2020-09-03,2211.0,1653.8125653088916,2955.7606685893297
2020-09-04,2371.0,1789.3298066445911,3139.590874561071
2020-09-05,2527.0,1928.0148725307706,3309.311047741267
2020-09-06,2693.0,2070.4701727199126,3501.1301657527815
2020-09-07,2693.0,2065.40155084552,3509.4793804808864
2020-09-08,3234.0,2529.4035505439024,4131.911731437546
2020-09-09,3583.0,2828.994214064007,4536.854889542859
2020-09-10,4193.0,3362.7943403294494,5225.930139062705
2020-09-11,4362.0,3498.6724927830783,5436.923138332775
2020-09-12,5108.0,4145.436461740519,6291.682930530294
2020-09-13,5962.0,4887.69895712965,7269.608275179704
2020-09-14,6743.0,5586.8128298846905,8135.71435864735
2020-09-15,7493.0,6219.005145423046,9023.194861890384
2020-09-16,7951.0,6621.434333569855,9542.639000163272
2020-09-17,9100.0,7614.90626632929,10869.158387338828
2020-09-18,10091.0,8481.584847954555,11999.417831163351
2020-09-19,11537.0,9762.173113695886,13627.067937118607
2020-09-20,12883.0,10990.382636843273,15092.925896823195
2020-09-21,13546.0,11615.1884318445,15788.279778919557
2020-09-22,14329.0,12339.752303193089,16630.80024588483
2020-09-23,14635.0,12636.13691828702,16941.327469131622
2020-09-24,14592.0,12629.70278770574,16849.57522510287
2020-09-25,14399.0,12515.908445125995,16558.375306154805
2020-09-26,14647.0,12802.336596553105,16749.952147105163
2020-09-27,14837.0,13005.806993556638,16918.388628159188
2020-09-28,15841.0,14023.860936370686,17885.93772070768
2020-09-29,15612.0,13869.41167915815,17566.567381334175
2020-09-30,15274.0,13618.37781055795,17125.34242031192
2020-10-01,15340.0,13744.485180726508,17113.65714305367
2020-10-02,15902.0,14318.402089272422,17655.504836364125
2020-10-03,16250.0,14706.436264587355,17950.785169871222
2020-10-04,16843.0,15297.505377822823,18537.671709894537
2020-10-05,17392.0,15876.29970458085,19046.038999171735
2020-10-06,18022.0,16512.53297435307,19662.615013670205
2020-10-07,18327.0,16820.225348230084,19963.392288287894
2020-10-08,19304.0,17771.427457349357,20963.07060151825
2020-10-09,19651.0,18120.298826022154,21305.713370268364
2020-10-10,20472.0,18929.328953607128,22134.10037821174
2020-10-11,21642.0,20048.512359017324,23354.319805261217
2020-10-12,22973.0,21333.99138593442,24730.32991521173
2020-10-13,23872.0,22192.60191137305,25671.288621304455
2020-10-14,25065.0,23336.71735351266,26913.89152762008
2020-10-15,25885.0,24126.28594647283,27763.622267743744
2020-10-16,26016.0,24271.434945066634,27878.37779688304
2020-10-17,27350.0,25555.739236046942,29260.97044980391
2020-10-18,28213.0,26384.758985349446,30157.750787714376
2020-10-19,29893.0,28023.399576529173,31876.557660495993
2020-10-20,30285.0,28431.113958931903,32250.114353325906
2020-10-21,32322.0,30408.184697514276,34345.80808847381
2020-10-22,33523.0,31580.22818829472,35574.1214849103
2020-10-23,34382.0,32430.11403461914,36440.43967791344
2020-10-24,34179.0,32249.25631099413,36212.67695725884
2020-10-25,34268.0,32340.44834030781,36299.4256940245
2020-10-26,34553.0,32663.25849695183,36540.56589823715
2020-10-27,34162.0,32298.112180704527,36121.81401674927
2020-10-28,33632.0,31805.676045096174,35552.60879196036
2020-10-29,33706.0,31887.465199527716,35617.070658219374
2020-10-30,33636.0,31835.581584679334,35528.490097210655
2020-10-31,33739.0,31935.92170504094,35633.82539032567
2020-11-01,33497.0,31701.567286861406,35383.408860029245
2020-11-02,32423.0,30682.704422813666,34253.171118622166
2020-11-03,30927.0,29229.054565984265,32714.935355297188
2020-11-04,30071.0,28402.33074484581,31829.414248134643
2020-11-05,29837.0,28186.23874039182,31575.171141167582
2020-11-06,29335.0,27698.92402370332,31059.366658837862
2020-11-07,29635.0,27997.306031141183,31359.959326066833
2020-11-08,29547.0,27910.220302053993,31271.59568835156
2020-11-09,30063.0,28426.794733346054,31784.32699337492
2020-11-10,31072.0,29423.85530168931,32803.0726368352
2020-11-11,30719.0,29088.66474166403,32431.232742875185
2020-11-12,29701.0,28101.49573718992,31381.59805297119
2020-11-13,30144.0,28542.285634300333,31825.657682435034
2020-11-14,29864.0,28268.44828773882,31541.270561153917
2020-11-15,29160.0,27569.86678610751,30833.42482351068
2020-11-16,29240.0,27650.546779929602,30910.557577741703
2020-11-17,29364.0,27760.756723022107,31049.62482651157
2020-11-18,28448.0,26860.00762764744,30121.122271688564
2020-11-19,28114.0,26527.242877076922,29787.18778479703
2020-11-20,26978.0,25415.95640884055,28626.69066759791
2020-11-21,26072.0,24523.401963397537,27710.391271459375
2020-11-22,24338.0,22828.229372957972,25940.02454555069
2020-11-23,22435.0,20979.880182925313,23983.199278879543
2020-11-24,20285.0,18892.10384810944,21772.9281548706
2020-11-25,19288.0,17921.82971175876,20750.280582668493
2020-11-26,18516.0,17178.019767750662,19952.29882970454
2020-11-27,17420.0,16118.401012742674,18819.852845866822
2020-11-28,16297.0,15039.02107003034,17654.318081543654
2020-11-29,15845.0,14599.978175817834,17190.757255302982
2020-11-30,15701.0,14463.38068044506,17037.647330059146
2020-12-01,14967.0,13765.244441393637,16267.185998571576
2020-12-02,14360.0,13184.608008066562,15633.82982954019
2020-12-03,14168.0,12999.541457988043,15435.985194551298
2020-12-04,14000.0,12845.706610565656,15253.281489565792
2020-12-05,14206.0,13042.800893916936,15466.812957992854
2020-12-06,14333.0,13162.516155705367,15602.805984011407
2020-12-07,14638.0,13459.146556602667,15913.820291635819
2020-12-08,14802.0,13614.779137241352,16086.37211807962
2020-12-09,15533.0,14316.453288329029,16846.670330634668
2020-12-10,15897.0,14670.432597238721,17219.87897990412
2020-12-11,17259.0,15984.195709752083,18629.495137057635
2020-12-12,18453.0,17134.443607400415,19865.35428183722
2020-12-13,19878.0,18504.268687664047,21346.337476340654
2020-12-14,20822.0,19425.240606279032,22312.389003859957
2020-12-15,23020.0,21551.726614858806,24579.93964182015
2020-12-16,25430.0,23899.04080031362,27050.475378596882
2020-12-17,28145.0,26555.711362765585,29820.624510138703
2020-12-18,29904.0,28285.339453857327,31605.853648117176
2020-12-19,32220.0,30557.43847679275,33963.900871092264
2020-12-20,33896.0,32209.174407557828,35662.30695930768
2020-12-21,36312.0,34589.754596432744,38110.7263948117
2020-12-22,38866.0,37104.64832594481,40701.28521045524
2020-12-23,40141.0,38366.47864036195,41987.923772309856
2020-12-24,41776.0,39996.14649292148,43625.804696157
2020-12-25,42620.0,40824.220831338906,44485.027967446746
2020-12-26,45205.0,43355.77949923753,47122.74718377994
2020-12-27,47767.0,45870.90632950249,49730.93567169862
2020-12-28,49769.0,47817.085685942366,51788.43774872778
2020-12-29,52805.0,50817.603193523784,54858.30560838808
2020-12-30,54929.0,52910.21793816616,57013.39280238475
2020-12-31,55681.0,53646.29108685861,57780.97941732988
2021-01-01,56352.0,54290.93591523774,58479.41120603701
2021-01-02,57057.0,54989.67202976806,59188.46574738021
2021-01-03,57157.0,55082.04803110661,59297.41042635969
2021-01-04,56111.0,54075.80026409671,58210.3086352525
2021-01-05,54738.0,52744.35031997788,56794.47663285119
2021-01-06,52726.0,50782.57463363937,54732.34173943858
2021-01-07,50366.0,48488.93822582212,52304.75221956268
2021-01-08,49118.0,47290.08943888019,51005.88457148528
2021-01-09,46777.0,45001.51847215409,48613.385115287616
2021-01-10,43316.0,41632.322443434685,45060.05192988138
2021-01-11,40457.0,38840.22456958657,42133.444733411605
2021-01-12,37470.0,35910.21424389116,39090.98670728209
2021-01-13,34994.0,33484.0060740863,36565.18497747587
2021-01-14,33723.0,32240.579693957923,35265.95290649793
2021-01-15,32038.0,30609.007161556525,33527.83833595142
2021-01-16,30513.0,29111.09080310754,31975.883745558192
2021-01-17,28372.0,27016.393840785095,29789.28435506205
2021-01-18,27484.0,26148.368841769632,28882.68238758368
2021-01-19,26707.0,25386.852882051604,28090.034642201514
2021-01-20,25696.0,24396.110022797537,27059.66532298381
2021-01-21,25064.0,23775.813203404527,26417.09029505795
2021-01-22,24592.0,23304.674691469092,25944.50069426174
2021-01-23,24314.0,23013.997876356032,25681.24946871443
2021-01-24,23925.0,22614.09837929552,25306.027410242794
2021-01-25,22940.0,21652.331749416597,24299.135728371617
2021-01-26,21790.0,20523.560053321587,23128.143627161317
2021-01-27,20792.0,19548.867931579334,22107.696297367933
2021-01-28,19653.0,18437.44169382495,20944.458995282537
2021-01-29,18538.0,17350.190923916423,19801.939834166038
2021-01-30,17650.0,16485.46170211578,18891.93740704777
2021-01-31,16757.0,15613.232750773044,17979.628629725423
2021-02-01,15757.0,14644.129987940825,16949.959201469628
2021-02-02,14870.0,13784.099717823148,16036.855059894497
2021-02-03,14100.0,13045.93491354688,15235.151809035278
2021-02-04,13662.0,12624.959367488009,14779.873871750586
2021-02-05,12662.0,11662.70998160025,13743.313232537646
2021-02-06,11839.0,10865.411843329632,12896.351444640452
2021-02-07,11676.0,10690.196457417185,12750.51248734848
2021-02-08,11255.0,10275.155970003205,12325.933173068424
2021-02-09,10756.0,9806.915816948382,11795.041326115075
2021-02-10,10511.0,9575.938447989563,11535.208666472217
2021-02-11,10241.0,9312.859994974115,11258.889723946586
2021-02-12,10324.0,9382.001067343805,11358.282066116524
2021-02-13,10423.0,9461.083185942482,11478.71769372168
2021-02-14,10855.0,9846.898698996034,11964.04220423103
2021-02-15,10738.0,9716.709827082643,11864.195117647378
2021-02-16,10851.0,9805.05723236484,12004.58888141909
2021-02-17,10986.0,9913.149292677514,12171.307603362004
2021-02-18,11284.0,10180.974591018083,12503.402187045784
2021-02-19,8138.0,7355.9792187686335,8999.783436272399
2021-02-20,8160.0,7365.801240843244,9037.279718418466
2021-02-21,7982.0,7195.553373700977,8852.224181256264
2021-02-22,8110.0,7310.839198300969,8993.60844312212
2021-02-23,7961.0,7148.965299575691,8861.508976876668
2021-02-24,7856.0,7036.562204816935,8767.70834258019
2021-02-25,7589.0,6778.283668458893,8493.638649178929
2021-02-26,7198.0,6406.88679104185,8084.266972415737
2021-02-27,6741.0,5969.786198966481,7608.657591701981
2021-02-28,6595.0,5830.443836449274,7456.601627010605
2021-03-01,6074.0,5338.274285002491,6909.419169443897
2021-03-02,5900.0,5172.820743260855,6727.1992510306
2021-03-03,5487.0,4783.583202932445,6290.396273267055
2021-03-04,4924.0,4251.872975344979,5699.302392475204
2021-03-05,4555.0,3904.9707536270894,5310.844372665675
2021-03-06,4401.0,3761.789642959959,5146.88975259581
2021-03-07,4225.0,3589.755367450705,4970.557873290261
2021-03-08,3885.0,3276.1529159651836,4604.200954137146
2021-03-09,3900.0,3284.9883110525207,4628.537857894943
2021-03-10,3569.0,2975.405720778758,4279.749544771748
2021-03-11,3398.0,2815.678119305835,4098.053289551343
2021-03-12,3177.0,2610.1424910496676,3864.1361600579253
2021-03-13,3340.0,2759.959546739059,4038.8420313074125
2021-03-14,3226.0,2653.4723941282873,3920.340453293671
2021-03-15,3028.0,2480.303184460321,3694.9527848856096
2021-03-16,2967.0,2422.3543109476113,3632.1667982195295
2021-03-17,3035.0,2483.524750873642,3707.59677825848
2021-03-18,3310.0,2730.5518065753745,4010.8430959920074
2021-03-19,3435.0,2838.793999016157,4154.1696792347775
2021-03-20,3379.0,2784.2519436335197,4097.605966665108
2021-03-21,3245.0,2660.380514361345,3954.8988467438485
2021-03-22,3076.0,2508.3963555281753,3769.848111762972
2021-03-23,3220.0,2634.7675888434187,3933.711211849526
2021-03-24,3189.0,2606.2441266318365,3899.6635696528265
2021-03-25,3035.0,2466.4112341851696,3732.809537168964
2021-03-26,3079.0,2502.0377445200156,3786.692853163122
2021-03-27,2839.0,2283.3260680292187,3526.796701188283
2021-03-28,2780.0,2226.623351351817,3468.3375596984447
2021-03-29,2589.0,2058.149135245971,3255.126923067481
2021-03-30,2441.0,1927.4304399939708,3089.330111010311
2021-03-31,2295.0,1795.57046915164,2931.454604759176
2021-04-01,1845.0,1400.3707515685207,2428.130541695487
2021-04-02,1658.0,1236.3994020082855,2223.064293955357
2021-04-03,1529.0,1123.5059212075487,2078.6320826030596
2021-04-04,1562.0,1147.9416358206586,2123.713272671525
2021-04-05,1569.0,1148.7237933783242,2141.7193715629705
2021-04-06,1291.0,920.2530932224154,1811.2663585275002
2021-04-07,1377.0,990.9746808660049,1912.686875460659
2021-04-08,1368.0,979.4430278116639,1908.592457921757
2021-04-09,1327.0,945.6849677709893,1861.3349397002428
2021-04-10,1271.0,895.7583826474711,1801.1701932657693
2021-04-11,1154.0,798.6454197098492,1665.150529607221
2021-04-12,1092.0,750.731176012375,1586.3815090572866
2021-04-13,966.0,649.7210735920812,1436.1444573189967
2021-04-14,1021.0,691.7096582486965,1504.7977446646303
2021-04-15,896.0,591.769496871558,1354.4557664322772
2021-04-16,859.0,561.9575886683117,1311.202409350144
2021-04-17,870.0,569.3121385636668,1328.27911787612
2021-04-18,790.0,506.21184728196187,1232.8528198296983
2021-04-19,781.0,499.9749992259528,1217.6464368054003
2021-04-20,668.0,411.4355476902278,1083.9686224188613
2021-04-21,631.0,382.674489753414,1040.111335616286
2021-04-22,716.0,447.1263099426288,1144.7322950864132
2021-04-23,737.0,460.7331525434469,1179.4330019452316
2021-04-24,757.0,472.87973192396163,1210.3917450164192
2021-04-25,695.0,421.3966378711304,1144.8979645420268
2021-04-26,667.0,397.7191250140399,1118.393602102999
2021-04-27,650.0,379.99704119576415,1110.249825074013
2021-04-28,677.0,395.9960633360646,1157.0145220011946
2021-04-29,676.0,395.48977927715083,1155.6158813086047
2021-04-30,698.0,416.24243263728374,1170.7676282170182
2021-05-01,756.0,458.6805510509823,1246.4917650833318
2021-05-02,778.0,471.9347129073987,1282.5129380541655
2021-05-03,862.0,530.7069805802433,1397.8571285004987
2021-05-04,900.0,562.2393392065076,1439.4564488204285
2021-05-05,1043.0,675.6284386493834,1608.9659802594197
2021-05-06,1120.0,732.9862160594148,1709.8745479503239
2021-05-07,2148.0,1419.5580461089687,3248.395464317581
2021-05-08,2182.0,1454.626755609617,3269.3789186586923
2021-05-09,2224.0,1495.7570619898197,3305.5584086598265
2021-05-10,2221.0,1516.8954267329502,3250.7411651652633
2021-05-11,2069.0,1412.837955966397,3027.968973301827
2021-05-12,1872.0,1268.4897125798793,2759.7605858441216
2021-05-13,1732.0,1155.0579347871633,2596.7458048060867
2021-05-14,2085.0,1443.4372867783673,3009.666508269799
2021-05-15,2132.0,1475.770152149693,3077.107089112903
2021-05-16,2063.0,1418.8323267231551,2998.3425463029857
2021-05-17,2132.0,1485.5570209798025,3058.7109437163845
2021-05-18,2024.0,1400.894698663456,2921.2919398374133
2021-05-19,1818.0,1232.2935923981836,2681.3585581869747
2021-05-20,1819.0,1222.9345272907508,2703.6199376198574
2021-05-21,1851.0,1244.4344659884623,2751.1645497205964
2021-05-22,1919.0,1290.471657451263,2852.8810162463656
2021-05-23,2150.0,1457.3794505342098,3171.047232116782
2021-05-24,2373.0,1620.4064503500636,3473.3843008528524
2021-05-25,2670.0,1848.328353980586,3854.4131980360626
2021-05-26,3171.0,2247.5423299955696,4470.938037010632
2021-05-27,2906.0,2024.6347730583063,4168.928630703541
2021-05-28,3574.0,2558.9746627343925,4987.521321004029
2021-05-29,4406.0,3250.26605308714,5968.988132182929
2021-05-30,4554.0,3359.5373894165564,6169.33426994679
2021-05-31,5119.0,3816.6892410826927,6862.1135720279235
2021-06-01,6271.0,4810.589462623028,8168.609001928741
2021-06-02,6923.0,5372.759561365215,8915.49912302632
2021-06-03,8121.0,6434.9675786551115,10241.85118882313
2021-06-04,8419.0,6651.361013844701,10651.207824466977
2021-06-05,9150.0,7276.154468829202,11498.87722113593
2021-06-06,9864.0,7890.0372649090705,12324.554382547652
2021-06-07,10449.0,8408.275095459194,12976.921807254259
2021-06-08,11071.0,8937.677801044814,13704.556389930169
2021-06-09,11284.0,9122.31002452024,13948.49072221841
2021-06-10,11585.0,9390.415791856725,14282.588545017685
2021-06-11,11910.0,9683.085561769238,14640.279793084914
2021-06-12,12348.0,10096.325605716085,15092.657845920387
2021-06-13,12922.0,10624.857739379053,15707.107963325976
2021-06-14,13058.0,10778.281975766542,15811.72904639489
2021-06-15,13221.0,10948.34272607297,15955.476650625624
2021-06-16,13700.0,11384.722018130371,16475.595761806715
2021-06-17,14512.0,12122.071082002754,17363.326273567636
2021-06-18,15048.0,12644.899698011683,17897.23030356848
2021-06-19,14953.0,12583.143772627398,17758.162466702215
2021-06-20,15458.0,13076.258336465718,18263.1286206306
2021-06-21,16180.0,13751.227077626885,19027.25784051722
2021-06-22,16757.0,14314.19971748655,19607.669667141792
2021-06-23,17036.0,14611.30754663814,19854.15291874648
2021-06-24,17880.0,15420.065529073734,20722.423100618733
2021-06-25,19020.0,16484.893850696295,21935.315907411266
2021-06-26,19779.0,17218.103823561036,22709.991851113038
2021-06-27,21435.0,18796.743009682654,24433.241223530105
2021-06-28,22182.0,19563.9356508135,25140.520472677366
2021-06-29,23345.0,20706.294159761805,26310.469890322034
2021-06-30,23743.0,21161.475863071384,26630.19866924207
2021-07-01,24640.0,22069.521544337993,27497.94371643382
2021-07-02,24986.0,22490.462693451303,27747.62142564334
2021-07-03,25508.0,23051.358599872477,28214.896143881753
2021-07-04,25420.0,23033.404264712008,28042.01037171004
2021-07-05,25274.0,22957.565680798736,27813.87107773858
2021-07-06,25519.0,23234.704698380832,28017.333772356997
2021-07-07,25537.0,23303.774149015888,27973.85989912561
2021-07-08,25883.0,23693.907595047534,28263.088485804903
2021-07-09,25519.0,23421.224165892123,27793.427148583196
2021-07-10,26391.0,24275.155548322724,28680.156685363017
2021-07-11,26548.0,24463.69913417688,28799.16464913806
2021-07-12,25970.0,23963.764328806865,28134.03518934294
2021-07-13,26599.0,24582.71571040582,28768.86746240392
2021-07-14,27665.0,25611.58668905747,29871.82690698508
2021-07-15,28659.0,26578.029591080838,30890.727074925653
2021-07-16,30242.0,28099.83911293925,32535.306378087527
2021-07-17,5468.772550869212,4661.637039146787,6383.33249099934
2021-07-18,5617.791917432937,4767.531129006912,6521.271145312106
2021-07-19,5689.576411301015,4859.382052239876,6603.921521429251
2021-07-20,5731.750122937165,4907.8387219170345,6636.557409427811
2021-07-21,5939.245739050208,5099.199548754963,6855.445758163436
2021-07-22,5834.2656758818775,5001.812187398114,6744.7161192493595
2021-07-23,5708.262067710216,4896.893917099085,6590.575910601952
2021-07-24,5821.2456918459375,5000.413822490941,6711.153532282269
2021-07-25,5867.948819668649,5041.930117230341,6766.351678918579
2021-07-26,5883.405103235385,5052.395151736732,6787.82185561635
2021-07-27,5556.231788488188,4746.826176341346,6437.357875119427
2021-07-28,5184.342269436122,4404.186856109141,6041.340223007243
2021-07-29,5007.432296203315,4232.761654124371,5866.865403152302
2021-07-30,4753.350030123744,3987.6556163029795,5601.592767780182
2021-07-31,4648.808501807078,3884.8379337925294,5499.193327461018
2021-08-01,4567.541000852176,3810.530138107843,5413.569293835097
2021-08-02,4803.63766494413,4011.720531157787,5688.188020012346
2021-08-03,4443.897092054343,3685.428056968762,5265.224459369374
2021-08-04,4700.191715964201,3931.517198159865,5557.616412143403
2021-08-05,4837.002904342604,4053.168242085424,5708.589228196803
2021-08-06,5109.791785174577,4290.029242348832,6020.052888135264
2021-08-07,5321.313230536919,4483.7273369311515,6247.556113207039
2021-08-08,5306.615773317694,4476.899151189788,6224.108983289859
2021-08-09,5265.792941649051,4448.610736776256,6171.888573403886
2021-08-10,5257.6530225513625,4445.9377081364455,6157.197393010476
2021-08-11,4824.448002069078,4066.260389027328,5665.8706445646985
2021-08-12,4727.037685993669,3984.7461016159773,5551.86081183104
2021-08-13,4878.664735291715,4126.609565056532,5707.781667249615
2021-08-14,4786.421940136882,4050.3133687235418,5598.015113671967
2021-08-15,4770.1057400448135,4036.4111967444924,5579.949860535848
2021-08-16,4720.634562719947,3988.877287860707,5527.183860208454
2021-08-17,4932.998543483624,4162.342526095128,5783.489103889557
2021-08-18,5211.4400089701785,4421.289792383389,6075.294326288455
2021-08-19,5080.168870897469,4306.624482096182,5928.775227456407
2021-08-20,5193.956223189906,4410.959310926296,6048.7303506065555
2021-08-21,5053.580918136511,4294.380873472441,5882.431879519856
2021-08-22,4781.546365158835,4050.473354887431,5584.19940279051
2021-08-23,4979.688528731467,4231.445693969765,5794.344744182913
2021-08-24,4996.431903846074,4247.763857657397,5811.040064102527
2021-08-25,5154.873269435035,4396.842095728245,5978.284581300872
2021-08-26,5175.113057292668,4427.783578195881,5987.6700105534765
2021-08-27,5080.446472893228,4336.896979856957,5887.05504880737
2021-08-28,5492.664397281677,4717.842083303245,6333.356967631845
2021-08-29,5549.0733152502635,4763.588259104034,6401.177843634998
2021-08-30,5345.063617227946,4585.290095604407,6168.937377339681
2021-08-31,5323.962817357849,4576.786474570197,6133.580741435953
2021-09-01,5394.262041381944,4633.909729156197,6216.1497767785595
2021-09-02,5130.348160304103,4395.970717165964,5926.993222217035
2021-09-03,5162.256274843831,4426.947804175523,5963.59831772139
2021-09-04,5208.301496613714,4469.5908250168895,6014.578958237212
2021-09-05,5066.265555916675,4348.939420216974,5850.009810580252
2021-09-06,4996.51119424512,4288.934303023345,5770.052087728135
2021-09-07,4790.766605237934,4107.586897916815,5539.420247945442
2021-09-08,4593.0483359708915,3921.353807349185,5334.157300225685
2021-09-09,4686.8952507655185,4006.423176395562,5437.495193653685
2021-09-10,4886.4332746336995,4185.833845332126,5657.065929047399
2021-09-11,4836.754038471301,4135.692524333615,5608.978254173492
2021-09-12,4889.466590148332,4187.086745690187,5664.235044934224
2021-09-13,4769.452243013567,4078.4550403013695,5528.375946113935
2021-09-14,4909.265343043823,4201.175402413222,5688.081510859978
2021-09-15,4822.398092456571,4121.205793652236,5592.6835533243675
2021-09-16,4849.9941811063045,4141.128177873127,5628.1771837319675
2021-09-17,4983.990818180329,4257.310290313823,5781.026008690053
2021-09-18,5148.956990031637,4403.633335285564,5967.366311312654
2021-09-19,4979.998604482668,4232.840594776367,5803.112457666955
2021-09-20,5352.481074756486,4568.789101056826,6212.596997702655
2021-09-21,5513.956792591426,4702.6510275601395,6407.644614822943
2021-09-22,5599.610110637243,4778.562030657325,6509.192475143467
2021-09-23,5686.821206440005,4857.943426380174,6607.346339526588
2021-09-24,5779.8205175475705,4939.553025054914,6712.817266585378
2021-09-25,5934.786985465849,5080.452439774825,6879.639282016989
2021-09-26,6128.720731556208,5248.510128594863,7100.379334359906
2021-09-27,6162.686841862859,5281.446083185652,7134.415459498405
2021-09-28,6126.127386264218,5249.844037881262,7091.900064807193
2021-09-29,6308.845376229981,5421.024027880895,7287.267850015141
2021-09-30,6392.456916865943,5496.0984957374485,7380.225840239991
2021-10-01,6348.323289484137,5451.347659485223,7336.654689997638
2021-10-02,6285.642067869495,5391.461188816998,7274.229776327423
2021-10-03,6830.226210251313,5858.839366091214,7904.51396047828
2021-10-04,6740.387526051864,5784.104988600112,7799.092857171171
2021-10-05,6570.63046483284,5628.978284188697,7614.552315306102
2021-10-06,6777.771484827386,5819.251030257664,7838.202245209201
2021-10-07,6789.024803933041,5841.8481958226685,7832.508881687535
2021-10-08,6525.9694437900625,5601.033079522799,7548.479249014427
2021-10-09,6334.884634735449,5418.806517666341,7349.943852883822
2021-10-10,6485.3357397850705,5562.661839958827,7503.741614055635
2021-10-11,6475.554813247752,5551.124197956764,7494.989853512085
2021-10-12,6527.009167671488,5604.999501796811,7543.151069877878
2021-10-13,6440.788682820143,5523.150783936914,7451.630411773352
2021-10-14,6745.0327769771775,5818.965706629246,7766.963907600675
2021-10-15,6963.041909892387,6016.6920884259325,8006.014240349566
2021-10-16,7373.625324726687,6397.58902896158,8443.553784485746
2021-10-17,7429.388977760124,6454.4103863033,8498.322131998217
2021-10-18,7879.423579722781,6867.881532761698,8986.825852910988
2021-10-19,8019.669868802264,6994.4732126020335,9140.354427929411
2021-10-20,8164.396223091015,7127.874992287121,9293.29272843927
2021-10-21,8298.526171750098,7253.029114449825,9433.072444257832
2021-10-22,8665.019682088829,7599.741677725121,9814.84886704912
2021-10-23,8768.316252288574,7695.969030791949,9925.253935484665
2021-10-24,8776.036194946031,7703.594103932195,9931.245458192547
2021-10-25,8645.581543324592,7586.010187405451,9786.488964535185
2021-10-26,8674.002136210418,7617.230168703694,9813.678139969494
2021-10-27,8744.241850816348,7688.096812527648,9885.538807145927
2021-10-28,8805.490836076146,7758.5443848826135,9932.16996482201
2021-10-29,8518.02493314021,7494.709557903496,9622.171255046911
2021-10-30,8522.290595116148,7502.9058447270045,9620.102568006707
2021-10-31,8468.020752970484,7455.988635627329,9555.081757584718
2021-11-01,8139.739415481308,7151.988660335112,9206.97158959448
2021-11-02,7438.506247826706,6498.103631656297,8457.058208058701
2021-11-03,7084.29625321315,6172.43986344597,8078.368535483879
2021-11-04,6946.947932797652,6044.758285446242,7933.850788870722
2021-11-05,6768.235170935694,5881.958137109138,7739.256099935254
2021-11-06,6531.3808001112975,5667.323395239562,7479.0452092906435
2021-11-07,6164.437382766343,5328.963699339967,7083.277717936844
2021-11-08,5900.8889487426595,5085.6111255531405,6800.134660928639
2021-11-09,5603.166674557644,4799.952399290097,6492.490224600754
2021-11-10,5570.750043820041,4761.827936217262,6466.871247276606
2021-11-11,5530.230845570133,4717.593208801798,6431.16745633511
2021-11-12,5101.993650058564,4320.500858578965,5972.347108518541
2021-11-13,4975.989001365294,4202.217933077293,5837.570240046352
2021-11-14,5124.3160164751425,4332.390182751329,6005.476006029919
2021-11-15,5706.487959989826,4855.3939728393825,6652.830628193708
2021-11-16,5696.4458313300975,4835.603814611574,6655.372881214074
2021-11-17,6005.197434746008,5108.146522592821,7002.269135003548
2021-11-18,6216.448426161613,5293.840092379091,7241.487048310113
2021-11-19,6419.3700159798755,5481.67809564861,7458.430185556214
2021-11-20,6417.434023204135,5477.581096522901,7460.895213429849
2021-11-21,6654.89297821893,5682.413199764109,7733.711762683996
2021-11-22,6973.992387480263,5972.909583964892,8080.571003995115
2021-11-23,6990.481446091889,5984.91182386099,8102.476735479392
2021-11-24,6750.408955776011,5751.617015762059,7860.341971023409
2021-11-25,6915.948884109593,5898.2035343085145,8046.296730957794
2021-11-26,6729.807445274985,5730.013936406867,7840.253355363037
2021-11-27,6780.725000181471,5779.778175155332,7892.735444218835
2021-11-28,6389.395664472448,5417.6201024708835,7467.065167180576
2021-11-29,5899.790275546057,4964.020742810637,6940.4534454865225
2021-11-30,5868.528255116221,4936.500462787818,6904.266885335998
2021-12-01,5822.758699660913,4889.691767029935,6859.7448164966845
2021-12-02,5784.292533534125,4854.551953450764,6815.517621203628
2021-12-03,5663.918010910576,4738.193845213623,6692.254045046601
2021-12-04,5581.480210826051,4653.7514160458195,6613.2989137124705
2021-12-05,5462.729192976401,4547.624342477403,6480.821144495275
2021-12-06,5410.085253765455,4491.810210668211,6432.990373194418
2021-12-07,5840.319722569082,4880.390148514437,6906.403085901192
2021-12-08,5899.4531205250805,4931.776897563894,6974.5935748759985
2021-12-09,5843.834360521832,4878.011041413552,6917.616436387082
2021-12-10,5752.633517858193,4789.755664632813,6824.561729741759
2021-12-11,5742.730550553848,4780.490177450093,6813.900610576303
2021-12-12,5764.557111041159,4798.306579419393,6841.75872552563
2021-12-15,6232.499134735781,5247.215971385565,7324.890128689658
2021-12-16,6720.679999710355,5710.459941162021,7838.798321816283
2021-12-17,7155.507774859161,6117.759995223757,8303.45742902365
2021-12-18,7720.491353687293,6656.0101368792675,8899.405551649696
2021-12-19,8206.840735257687,7111.773156902015,9410.886406633816
2021-12-20,8474.603339004296,7372.048738281755,9687.543380254474
2021-12-21,8857.569784406585,7739.5189673580735,10079.960043540956
2021-12-22,9750.053447564342,8592.177401313482,11012.222625573379
2021-12-23,10446.488068805611,9263.00622772243,11731.382258035745
2021-12-24,10902.542512017133,9717.178952476845,12170.317808026755
2021-12-25,11694.567713538974,10472.747228608747,12997.158685248163
2021-12-26,12304.984000911687,11075.417941612175,13608.766992333238
2021-12-27,13311.212743875483,12053.778685841324,14642.96630536346
2021-12-28,14303.88076400782,13037.495080811186,15641.168317876787
2021-12-29,15476.63483072401,14201.41981351305,16813.640440847976
2021-12-30,16287.587148819212,15010.083734708283,17613.38271779156
2021-12-31,17357.99099038004,16078.393778832151,18675.79026653137
2022-01-01,17837.635495479666,16557.19518571775,19150.310659511477
2022-01-02,18704.146994036597,17420.160899424456,20017.275448340748
2022-01-03,19599.244539034837,18302.70462562616,20921.03114454458
2022-01-04,19698.705742324848,18420.08483750627,20988.71867223959
2022-01-05,19603.510735743646,18337.345578198456,20880.989493249017
2022-01-06,19724.514713356835,18466.177077493892,20994.163941018203
2022-01-07,19932.50601331173,18679.36155649335,21197.205069830183
2022-01-08,19572.742524982543,18330.468269760757,20826.831189810568
2022-01-09,19242.249831221754,18009.489073644712,20486.60263535796
2022-01-10,18543.02848711613,17321.82567030007,19776.96905188465
2022-01-11,17897.479706602102,16678.02448749643,19133.359515805067
2022-01-12,17029.083505138067,15824.107955423318,18259.59307357799
2022-01-13,16367.804048833472,15166.12739827416,17595.088185941615
2022-01-14,15765.510801795568,14572.130868094688,16985.006142240487
2022-01-15,15720.13426733785,14516.551420367288,16951.850419336417
2022-01-16,15031.14082616867,13832.272654060882,16265.742505553653
2022-01-17,14217.771012237175,13035.896279625102,15443.904335204632
2022-01-18,14039.452096164012,12845.981580090627,15279.915743817672
2022-01-19,13660.625726745948,12481.308234976204,14887.463533119902
2022-01-20,13664.545339339842,12481.496191621021,14895.231884980089
2022-01-21,14007.868649807373,12812.282476555512,15239.15060639592
2022-01-22,14456.482775665776,13232.036700183546,15711.454227607666
2022-01-23,14413.032360472122,13190.89727932886,15667.46571414733
2022-01-24,14600.027316247248,13369.640005730162,15859.254876106048
2022-01-25,14957.966528946,13714.005621562583,16232.0123564388
2022-01-26,15156.479628647,13901.816861027783,16440.699760894135
2022-01-27,15513.875709267993,14242.250421213565,16812.00668357174
2022-01-28,15748.739119091335,14467.395055643168,17055.63003738318
2022-01-29,16019.35666057421,14724.844558151612,17338.326422050483
2022-01-30,16197.45827760606,14884.841947017581,17535.392637230914
2022-01-31,16072.776927545388,14754.653935664268,17413.92516866696
2022-02-01,16095.384786047012,14775.23720709532,17440.289303469763
2022-02-02,16066.309399003265,14747.914456614622,17414.572582791203
2022-02-03,16234.783763933818,14911.30811402631,17590.61303135497
2022-02-04,16548.766991272507,15204.853908377496,17923.64755904726
2022-02-05,16256.262883115882,14924.999151338065,17624.649883461523
2022-02-06,16215.694559390922,14878.080181458436,17592.363887485448
2022-02-07,15938.663334942517,14606.813215597107,17309.691735497974
2022-02-08,15280.150730021282,13968.33929696507,16638.14632446879
2022-02-09,14958.729939916411,13660.622981873696,16305.114632983685
2022-02-10,14637.095600654942,13348.620422599317,15975.246309532815
2022-02-11,13932.240609898796,12672.169191450614,15242.078224409934
2022-02-12,13448.439881265957,12205.077846421276,14744.992452399505
2022-02-13,12940.819748733542,11718.207292136014,14212.526907806774
2022-02-14,12381.121097967649,11178.404245829097,13632.13700114039
2022-02-15,11830.101352413269,10656.776763442116,13054.28504993633
2022-02-16,11598.691144231863,10447.319995489795,12801.06445882186
2022-02-17,11183.70610870123,10055.2518449013,12361.177645687061
2022-02-18,10851.388987442286,9742.646971427062,12010.41258257906
2022-02-19,10696.32789037033,9602.087224092304,11839.22508538819
2022-02-20,10160.428007723449,9095.215031087644,11278.325183208257
2022-02-21,9895.787446450617,8841.070418298787,10995.337156923062
2022-02-22,9956.130010506911,8912.210105665663,11046.635255043726
2022-02-23,9515.969153796575,8526.23531889367,10585.159656888427
2022-02-24,9679.483498492476,8654.425788102659,10743.194380259934
2022-02-25,9947.726826995891,8922.516747216958,11018.558375052236
2022-02-26,10273.659863921215,9232.434260274866,11359.350958430075
2022-02-27,10399.641634283898,9354.06310062244,11490.200572846123
2022-02-28,10462.652215947492,9418.25816098526,11550.38806169282
2022-03-01,10333.434614431111,9294.549682562872,11415.968477106133
