date,region,covid_in_pop,covid_in_pop_lolim,covid_in_pop_uplim,covid_in_100k,covid_in_100k_lolim,covid_in_100k_uplim
2021-02-05,England,12661.881434057195,11662.70998160025,13743.313232537646,22.619720904932358,20.83475873256821,24.551636441082557
2021-02-06,England,11838.8577871208,10865.411843329632,12896.351444640452,21.149436627764267,19.410431592906722,23.038588055725945
2021-02-07,England,11676.44301987213,10690.196457417185,12750.51248734848,20.859292013384685,19.097419411563024,22.778055169820245
2021-02-08,England,11255.339725156724,10275.155970003205,12325.933173068424,20.10701526460788,18.355973518356365,22.01956871257144
2021-02-09,England,10756.45404094541,9806.915816948382,11795.041326115075,19.21578476311437,17.51948949078566,21.071161047302304
2021-02-10,England,10511.291394943633,9575.938447989563,11535.208666472217,18.777815835845875,17.106861742815195,20.60698498676053
2021-02-11,England,10241.01012140135,9312.859994974115,11258.889723946586,18.294973929199056,16.636887259615186,20.113357132698948
2021-02-12,England,10324.242211672672,9382.001067343805,11358.282066116524,18.443663258038253,16.760403797675913,20.290915819508665
2021-02-13,England,10422.504676765475,9461.083185942482,11478.71769372168,18.619203484615596,16.901679441472528,20.506067122071926
2021-02-14,England,10855.37973382328,9846.898698996034,11964.04220423103,19.392509807877918,17.590916603541597,21.37307136889078
2021-02-15,England,10738.326704883411,9716.709827082643,11864.195117647378,19.18340132273801,17.35834169254235,21.194700307413456
2021-02-16,England,10850.710714661176,9805.05723236484,12004.58888141909,19.384168874431605,17.516169236621465,21.44550566914804
2021-02-17,England,10985.898345609077,9913.149292677514,12171.307603362004,19.625673780141394,17.709269468134877,21.743339050357278
2021-02-18,England,11284.198542707752,10180.974591018083,12503.402187045784,20.158569877723654,18.187723916732782,22.336606870474576
2021-02-19,England,8137.760813032021,7355.9792187686335,8999.783436272399,14.537640345199291,13.141032616486372,16.07759404425925
2021-02-20,England,8160.168776509986,7365.801240843244,9037.279718418466,14.577670879568073,13.158579092435215,16.144578989706243
2021-02-21,England,7982.317528267342,7195.553373700977,8852.224181256264,14.259949882195459,12.854441096871616,15.813987945687911
2021-02-22,England,8110.029043082398,7310.839198300969,8993.60844312212,14.488099137620688,13.060392573382261,16.06656277514047
2021-02-23,England,7960.705658534966,7148.965299575691,8861.508976876668,14.221341523388274,12.771214189425002,15.830574697560975
2021-02-24,England,7856.010856517805,7036.562204816935,8767.70834258019,14.03431029788212,12.5704125435136,15.663005274364119
2021-02-25,England,7589.051305002038,6778.283668458893,8493.638649178929,13.55740245605457,12.109012834585718,15.173395574137247
2021-02-26,England,7198.244383113142,6406.88679104185,8084.266972415737,12.859248429981845,11.445533733483046,14.442076684208226
2021-02-27,England,6740.910530780241,5969.786198966481,7608.657591701981,12.042247879627373,10.664678735620578,13.592427956446787
2021-02-28,England,6594.90044374235,5830.443836449274,7456.601627010605,11.781409280300537,10.415751641587352,13.320788745389423
2021-03-01,England,6074.489217329285,5338.274285002491,6909.419169443897,10.851724639154344,9.536519123923128,12.343278843824347
2021-03-02,England,5900.260373775914,5172.820743260855,6727.1992510306,10.540474858836067,9.240945914173908,12.017753469155947
2021-03-03,England,5486.666079872274,4783.583202932445,6290.396273267055,9.801612506926078,8.545595497744536,11.23743014209658
2021-03-04,England,4923.775808105384,4251.872975344979,5699.302392475204,8.796041501244284,7.595725842672845,10.18147501554152
2021-03-05,England,4555.042888965259,3904.9707536270894,5310.844372665675,8.1373214079589,6.976005031241642,9.4875171675601
2021-03-06,England,4401.230765902338,3761.789642959959,5146.88975259581,7.862544921257621,6.720220235039285,9.194621694926832
2021-03-07,England,4225.181156161233,3589.755367450705,4970.557873290261,7.548042447158077,6.412890923959591,8.879614962530374
2021-03-08,England,3884.8334289666805,3276.1529159651836,4604.200954137146,6.94003086216079,5.8526582314763775,8.225139456185422
2021-03-09,England,3900.37246774628,3284.9883110525207,4628.537857894943,6.967790458722803,5.868442155216401,8.268615931112038
2021-03-10,England,3569.4728790707863,2975.405720778758,4279.749544771748,6.3766574282661885,5.315390712941546,7.645525726166024
2021-03-11,England,3397.8551638030244,2815.678119305835,4098.053289551343,6.070072278032709,5.0300465652374164,7.320935845589329
2021-03-12,England,3176.7626366019426,2610.1424910496676,3864.1361600579253,5.675103229751851,4.662869019673817,6.903056384975186
2021-03-13,England,3339.679851332407,2759.959546739059,4038.8420313074125,5.966145437578877,4.930508548928742,7.21515834775989
2021-03-14,England,3226.2365256518806,2653.4723941282873,3920.340453293671,5.763485479121296,4.740275392461347,7.003462113244922
2021-03-15,England,3028.180540002296,2480.303184460321,3694.9527848856096,5.409669883684197,4.430918586964712,6.600820042921081
2021-03-16,England,2967.066485677305,2422.3543109476113,3632.1667982195295,5.300493150400159,4.32739626664926,6.488656498938781
2021-03-17,England,3035.3325152787666,2483.524750873642,3707.59677825848,5.422446475023744,4.436673729557503,6.623407807836401
2021-03-18,England,3310.3074806926775,2730.5518065753745,4010.8430959920074,5.913673391489434,4.877973317224699,7.165139864664145
2021-03-19,England,3435.061024023247,2838.793999016157,4154.1696792347775,6.136538401459335,5.07134175112607,7.421184539232716
2021-03-20,England,3378.6600826471863,2784.2519436335197,4097.605966665108,6.035781372628657,4.973905514910951,7.320136729052521
2021-03-21,England,3244.6238176112133,2660.380514361345,3954.8988467438485,5.796333315715224,4.752616350830235,7.065198689980136
2021-03-22,England,3075.976440821929,2508.3963555281753,3769.848111762972,5.4950545038585705,4.481105416797137,6.734616224781771
2021-03-23,England,3220.287142800979,2634.7675888434187,3933.711211849526,5.752857249790225,4.706860336624005,7.02734820224329
2021-03-24,England,3188.9113889074847,2606.2441266318365,3899.6635696528265,5.696806275063535,4.655904816480453,6.966524053164713
2021-03-25,England,3035.088523308134,2466.4112341851696,3732.809537168964,5.4220105974405035,4.4061014190196754,6.668448947478138
2021-03-26,England,3078.9177769097823,2502.0377445200156,3786.692853163122,5.500309031137266,4.4697461249654555,6.7647083837686885
2021-03-27,England,2838.552106027406,2283.3260680292187,3526.796701188283,5.070909623252901,4.079030329162394,6.300418897837763
2021-03-28,England,2779.7627560641217,2226.623351351817,3468.3375596984447,4.965885840233178,3.9777341961608297,6.195985013211
2021-03-29,England,2589.0839355272337,2058.149135245971,3255.126923067481,4.625249124790167,3.676764725878056,5.815096507843752
2021-03-30,England,2440.8814751328146,1927.4304399939708,3089.330111010311,4.360493976907543,3.443243316042068,5.518910065474024
2021-03-31,England,2294.9358925968463,1795.57046915164,2931.454604759176,4.099770611153078,3.2076830831872947,5.236874579063589
2021-04-01,England,1844.5355986696998,1400.3707515685207,2428.130541695487,3.2951564629958656,2.5016815809623716,4.337715169734864
2021-04-02,England,1658.3955707695761,1236.3994020082855,2223.064293955357,2.9626280388224933,2.208756222059436,3.971376145391532
2021-04-03,England,1528.6630978739365,1123.5059212075487,2078.6320826030596,2.730868458345536,2.0070785297671647,3.7133563299726537
2021-04-04,England,1561.8777420352699,1147.9416358206586,2123.713272671525,2.790204504477289,2.050731524587857,3.793891275961651
2021-04-05,England,1569.0346799112583,1148.7237933783242,2141.7193715629705,2.8029899612146547,2.0521288039535044,3.826058133125201
2021-04-06,England,1291.4710384701045,920.2530932224154,1811.2663585275002,2.307138524328798,1.6439790752267207,3.2357228842931316
2021-04-07,England,1377.186210002314,990.9746808660049,1912.686875460659,2.4602637346282696,1.7703191126676747,3.4169047883418826
2021-04-08,England,1367.6849964749965,979.4430278116639,1908.592457921757,2.443290364646457,1.749718479576916,3.4095903475551355
2021-04-09,England,1327.1648932830344,945.6849677709893,1861.3349397002428,2.3709035373005665,1.6894116523183598,3.3251675168409576
2021-04-10,England,1270.61488424759,895.758382647471,1801.17019326577,2.26988020769391,1.60022068752282,3.21768666735177
2021-04-11,England,1153.5778517658534,798.6454197098492,1665.150529607221,2.060800299303858,1.4267339802478953,2.9746953831920946
2021-04-12,England,1091.6612921578128,750.731176012375,1586.3815090572866,1.9501899366163344,1.341137947347712,2.8339790710015547
2021-04-13,England,966.2839026418314,649.7210735920812,1436.1444573189967,1.7262104614166713,1.1606892251554397,2.5655892430286444
2021-04-14,England,1020.577782814353,691.7096582486965,1504.7977446646303,1.823203346932482,1.2356994099429173,2.6882343812770095
2021-04-15,England,895.5833882158562,591.769496871558,1354.4557664322772,1.5999080700635824,1.0571620757151388,2.4196571081741154
2021-04-16,England,858.6922420929396,561.9575886683117,1311.202409350144,1.5340041652205827,1.0039048211189063,2.3423874803944993
2021-04-17,England,869.9138658522387,569.3121385636668,1328.27911787612,1.554050948856762,1.0170433003315509,2.3728940352729464
2021-04-18,England,790.2800586699187,506.21184728196187,1232.8528198296983,1.411789745224239,0.9043182692810307,2.2024204575473565
2021-04-19,England,780.5401655270499,499.9749992259528,1217.6464368054003,1.3943899878751478,0.8931764999406593,2.175255131306191
2021-04-20,England,668.0756309745849,411.4355476902278,1083.9686224188613,1.193478583315838,0.7350058763059255,1.9364474258042472
2021-04-21,England,631.1427947210443,382.674489753414,1040.111335616286,1.1275002014589666,0.6836259051026367,1.8580989124108507
2021-04-22,England,715.7290100348494,447.1263099426288,1144.7322950864132,1.278608596587076,0.7987653645966732,2.0449982224656145
2021-04-23,England,737.4861055289161,460.7331525434469,1179.4330019452316,1.31747639284159,0.8230732041251649,2.106989033897406
2021-04-24,England,756.9051112715323,472.87973192396163,1210.3917450164192,1.352167326605018,0.8447723676316117,2.1622950428412437
2021-04-25,England,694.9318477784216,421.3966378711304,1144.8979645420268,1.2414556656972267,0.7528007894058725,2.0452941813930434
2021-04-26,England,667.2745743041583,397.7191250140399,1118.393602102999,1.1920475417752538,0.7105022782928426,1.9979456665411017
2021-04-27,England,649.8594056384397,379.99704119576415,1110.249825074013,1.1609363473779255,0.6788427976768749,1.9833972785730873
2021-04-28,England,677.2234071498295,395.9960633360646,1157.0145220011946,1.2098205578527548,0.7074241279831303,2.066939712468525
2021-04-29,England,676.369602232154,395.48977927715083,1155.6158813086047,1.2082952846107282,0.7065196807119338,2.0644411215381466
2021-04-30,England,698.3968917073141,416.24243263728374,1170.7676282170182,1.247645766828964,0.7435930990256131,2.0915088435094358
2021-05-01,England,756.4657737705015,458.6805510509823,1246.4917650833318,1.351382475498321,0.8194063499431541,2.2267856466135747
2021-05-02,England,778.3251796472006,471.9347129073987,1282.5129380541655,1.3904330433506322,0.8430841456627176,2.291135394596286
2021-05-03,England,861.686325108731,530.7069805802433,1397.8571285004987,1.5393529218438466,0.9480774121557956,2.4971911383251557
2021-05-04,England,899.9961111382316,562.2393392065076,1439.4564488204285,1.6077911450595663,1.004408152205364,2.5715059248260577
2021-05-05,England,1043.0393015001578,675.6284386493834,1608.9659802594197,1.8633295545912616,1.2069712386168938,2.8743249262394395
2021-05-06,England,1119.9547509087085,732.9862160594148,1709.8745479503239,2.000734568842875,1.3094375998365169,3.0545922624936965
2021-05-07,England,1190.5150870330551,786.7030762175322,1800.2234683013298,2.126786539744921,1.4053996723763607,3.2159953978053877
2021-05-08,England,1266.5997087943933,844.5427289618007,1898.1709110781726,2.26270732832297,1.5087268760883241,3.390972855184255
2021-05-09,England,1312.4735785005778,882.5513909111835,1950.4003995274093,2.3446583507667675,1.576627158502316,3.484277823950699
2021-05-10,England,1341.777462056841,916.2581248273688,1963.5618591774085,2.3970080486316063,1.6368422945997185,3.5077900125251196
2021-05-11,England,1284.7516681541724,877.296211732875,1880.2055099838756,2.2951347568006595,1.5672390839939716,3.3588787022880564
2021-05-12,England,1189.1380552414284,805.9359119174419,1753.4160051660917,2.1243265518698147,1.4397580240958947,3.1323765645458077
2021-05-13,England,1107.5540656879768,738.4357254776244,1660.1157522079563,1.9785814599084952,1.3191728341104019,2.9657010437502875
2021-05-14,England,1358.5934824978638,940.5671973252927,1961.1476151383217,2.4270488992815316,1.6802690505857452,3.5034771047913873
2021-05-15,England,1368.9886042010503,947.7614107855189,1976.163667267305,2.445619184663168,1.6931210980044742,3.5303024158654535
2021-05-16,England,1314.5149736603264,903.9687338753615,1910.3088252619132,2.348305185481709,1.6148880064574915,3.4126565388164316
2021-05-17,England,1364.2164136121983,950.4451049209628,1956.9338657266803,2.4370939414134063,1.6979153627947496,3.495949484496486
2021-05-18,England,1305.4233475036472,903.7239479275106,1884.5395642066837,2.332063519714493,1.614450710479743,3.366621240189499
2021-05-19,England,1152.180181378932,780.8559439141179,1699.0713745825808,2.0583034417685933,1.394954107751051,3.0352930163478056
2021-05-20,England,1105.7463597045803,743.4564460932107,1643.606935248241,1.975352097429028,1.3281420619188964,2.9362089944016847
2021-05-21,England,1098.6259664605188,738.6678854094836,1633.028460636101,1.9626319255688789,1.3195875744387893,2.917311159623125
2021-05-22,England,1099.7007277191587,739.3954641801124,1634.6017915839257,1.9645519245703287,1.3208873519492397,2.920121824619179
2021-05-23,England,1151.7996437553995,780.6040637902688,1698.4817200173218,2.057623633251751,1.3945041384370411,3.0342396324754386
2021-05-24,England,1201.4220016463528,820.3523697773295,1758.4471116715451,2.146271113642694,1.4655121945899625,3.141364346147541
2021-05-25,England,1300.8503436485032,900.5516270012128,1877.9661466269877,2.3238941120763594,1.608783542109273,3.354878208806788
2021-05-26,England,1486.2092969461294,1053.4336215717128,2095.5496078065494,2.655027191521033,1.881898407904223,3.743578513026415
2021-05-27,England,1337.2482903108007,931.6364048708771,1918.3339797157894,2.3889169445283587,1.6643147049515021,3.4269930143955976
2021-05-28,England,1571.1705436933617,1125.091083418458,2192.8375643332884,2.806805558674933,2.0099103306323483,3.917377836255498
2021-05-29,England,1904.0041883275992,1404.590543756906,2579.4763103463897,3.401393668554708,2.5092199963294073,4.608085656526646
2021-05-30,England,1932.278908818837,1425.4754962571224,2617.6922030195797,3.4519048259611034,2.5465297594264626,4.67635614467664
2021-05-31,England,2134.1929839569525,1591.1541522041425,2860.7727308527988,3.8126126757532384,2.8425051227200893,5.110605487923666
2021-06-01,England,2585.2629615520455,1983.3320290944337,3367.791825212325,4.618423175159073,3.543108280832653,6.016365857550599
2021-06-02,England,2853.5259536680283,2214.48320628715,3674.6894883553773,5.097659538442664,3.9560465271885454,6.564620832360248
2021-06-03,England,3357.829854449883,2660.77036562104,4234.86424744608,5.998569371342519,4.753312797620916,7.565340731263873
2021-06-04,England,3520.6529338535183,2803.3942271767696,4418.661751814838,6.289443411837444,5.00810210042523,7.893684372254061
2021-06-05,England,3613.192169684986,2881.6114865402715,4527.624820919772,6.454759419428014,5.147832723079166,8.088340610739206
2021-06-06,England,3720.5469752065624,2976.2192719245472,4648.046985229415,6.646542587778473,5.316844075141743,8.303467861901533
2021-06-07,England,3908.095801981319,3152.515012817521,4841.716772091881,6.981587749888568,5.631786248348427,8.649447766180497
2021-06-08,England,4013.5107637190886,3250.089528761841,4953.109356222063,7.169905499200207,5.806097493449636,8.848444193135395
2021-06-09,England,4084.7157003665925,3311.947821288016,5034.525103862296,7.297109011759386,5.9166037653559735,8.99388873062214
2021-06-10,England,4438.638961402736,3620.320716156378,5438.314934282624,7.929372504992545,6.4674941565585495,9.715235973993943
2021-06-11,England,4288.364948919166,3485.62038677809,5272.464253520949,7.660916648779913,6.226859786997642,9.41895329829051
2021-06-12,England,4391.405446250046,3577.7693630107865,5386.452795548677,7.8449925543764385,6.391478618323322,9.622587254306886
2021-06-13,England,4782.510652601355,3922.2280991486305,5827.497295917768,8.543679448437638,7.006834283694385,10.410487816870239
2021-06-14,England,5308.683925665719,4403.83648550087,6395.225967907919,9.48365765359897,7.867199889034904,11.424702345495014
2021-06-15,England,5460.181530296977,4548.523047321367,6550.391729038227,9.75429938661248,8.125674086895497,11.701897028532283
2021-06-16,England,5365.030104452147,4472.717780189727,6431.379434950414,9.584316852221717,7.990252349251559,11.489288429206658
2021-06-17,England,5467.505879904918,4572.401062150766,6533.887227246127,9.76738391475347,8.168330783218057,11.672412687981746
2021-06-18,England,5784.068967913102,4865.486524982703,6871.952927801625,10.332905613629004,8.69191105879382,12.276347564004787
2021-06-19,England,6041.169731585269,5095.614941153905,7157.892312165211,10.792201299581889,9.103022201572761,12.78716178254861
2021-06-20,England,6196.147954203404,5233.19495938353,7331.90959194739,11.069060955883492,9.348800969179848,13.098033616391646
2021-06-21,England,6598.94100040296,5607.538150088588,7761.138128832143,11.788627501734654,10.017543489042245,13.864825641678728
2021-06-22,England,7274.707425030461,6235.030089879885,8482.97817276786,12.995845244343082,11.13852164873314,15.154351247874377
2021-06-23,England,7404.223953964328,6361.1831845974375,8613.592945178234,13.227219053386952,11.36388687653643,15.387687005547575
2021-06-24,England,7830.815081225508,6766.685776544619,9057.505407173368,13.989299498494743,12.088293869592032,16.180711016145487
2021-06-25,England,8163.457836797147,7088.014133371727,9397.259682234853,14.583546596073758,12.662328446374572,16.787662433134543
2021-06-26,England,8794.064000971828,7677.104901015894,10068.410493772342,15.710088138011935,13.714705126821315,17.986634649164237
2021-06-27,England,9101.859472484184,7961.592940066408,10400.231883320768,16.259946995692037,14.222926600670023,18.579414423715267
2021-06-28,England,9795.49882138344,8630.104131252061,11112.954764474174,17.499093686686813,15.417183287181894,19.852652744434835
2021-06-29,England,11479.072591822924,10229.089491189125,12875.835021325207,20.506701127060964,18.27367841085009,23.001936648762836
2021-06-30,England,12079.607075168102,10807.171649073964,13495.788265655707,21.579521345588557,19.306388844885973,24.109447363809064
2021-07-01,England,12789.241194895872,11483.423306056093,14237.298851438118,22.84724177216628,20.51447342711005,25.434113258510667
2021-07-02,England,13730.931996393663,12379.401150439759,15223.456785871122,24.52951807680205,22.115086170367064,27.195827531482774
2021-07-03,England,14549.324221504887,13165.287526697703,16072.079881963055,25.991528585997827,23.51902685536899,28.711843748112944
2021-07-04,England,15280.030428020322,13868.835878006343,16827.82362036051,27.296893080284118,24.775875407664074,30.06193634906088
2021-07-05,England,16013.914717739395,14577.445827678608,17584.730074356463,28.607935036917,26.041766213506882,31.414106074365634
2021-07-06,England,16581.692672289497,15127.95996490709,18167.840125698567,29.622237605992744,27.025227968632304,32.45579855007798
2021-07-07,England,17164.46128604549,15687.453732129412,18773.147103240364,30.663320123149994,28.02473131483944,33.537144554233095
2021-07-08,England,17736.108216729146,16246.570505119109,19354.742121232845,31.68453439494422,29.023561182593216,34.57613051024624
2021-07-09,England,18792.974409641913,17267.6923151304,20445.236174945123,33.57256489357487,30.847736402736135,36.52423524270038
2021-07-10,England,20328.873278931907,18741.459586755507,22042.488978210855,36.31635964023037,33.480536633617916,39.37763525380086
2021-07-11,England,20879.790552338593,19277.051783823903,22607.32277674202,37.30054157488717,34.437341203273775,40.38667825795366
2021-07-12,England,20800.48359116655,19214.17300605035,22509.51285292015,37.158864262801096,34.32501189332974,40.21194647025642
2021-07-13,England,21294.229957165306,19681.66917013995,23030.44680265405,38.040913668719256,35.1601668275238,41.14256492646709
2021-07-14,England,23089.94109985594,21387.692556356335,24918.30006369941,41.248848057070575,38.20787921169648,44.51510589494064
2021-07-15,England,24508.897124859246,22748.509889632896,26395.510729509882,43.78373115711413,40.63890089213302,47.15405755093598
2021-07-16,England,25970.86710749999,24167.09969748645,27898.726909681598,46.3954562116368,43.173129766360226,49.83946655846351
2021-07-17,England,27339.405101636643,25486.508367752496,29315.790524488537,48.84027040740896,45.530177258582945,52.37096897683647
2021-07-18,England,54923.985373586765,47977.047219450506,62366.362317348605,98.11853211604695,85.70822776998602,111.41390928522442
2021-07-19,England,56580.47788723201,49606.47556594116,64177.517682091864,101.07776045307614,88.61910753332575,114.64943388552359
2021-07-20,England,56119.479287029004,49235.16054312446,63576.566408923165,100.25421304201687,87.9557746607456,113.57586909601471
2021-07-21,England,56455.823919452225,49572.829626451865,63898.96279547955,100.85507332908465,88.55900100296564,114.15181164630975
2021-07-22,England,56795.5652435621,49870.30426064986,64292.159095580086,101.46200160994556,89.09042228004036,114.85423415874963
2021-07-23,England,56084.918462972106,49268.88686691031,63450.55663056872,100.19247212314295,88.01602479301529,113.35075989462835
2021-07-24,England,54457.766434267236,47759.5439101234,61704.03397320035,97.28565887024037,85.31967065242803,110.23069789834769
2021-07-25,England,53457.20609284414,46807.0738647386,60665.711394123035,95.49821552784269,83.61813785028355,108.37579449632678
2021-07-26,England,52613.507264507156,45962.55353553097,59836.253205894674,93.99099623154844,82.10945099006412,106.89401528225426
2021-07-27,England,51242.71618144352,44624.12413826684,58444.9458230221,91.54215702235564,79.71842406608428,104.40852488673531
2021-07-28,England,47510.63000710628,41170.40011289718,54418.37789209762,84.87500032085627,73.54854528911261,97.21529351139782
2021-07-29,England,44607.93598847304,38381.59114182507,51400.09516385789,79.68950487013305,68.56649890751025,91.82330549756884
2021-07-30,England,42570.05627019288,36434.37022216205,49299.25830486394,76.04895028862099,65.08790104096003,88.07028161523961
2021-07-31,England,41899.55574628477,35755.56196749265,48640.323495109275,74.85113977393567,63.875249244420026,86.89313258183411
2021-08-01,England,40388.1890203684,34352.32360003127,47027.89374653144,72.15117028651999,61.3684448330555,84.01261983326745
2021-08-02,England,39940.45175486918,33837.73928599998,46659.48729636932,71.35131348505847,60.4491696348108,83.35448295798211
2021-08-03,England,37794.437092483386,31931.804439555504,44249.886528834235,67.5175820626102,57.044326956881434,79.0498701610757
2021-08-04,England,37930.63187021974,32083.93332840752,44396.66364846233,67.76088617797014,57.31609644274587,79.31207901988616
2021-08-05,England,38494.47178102627,32587.92022196233,45026.51228688072,68.76815365902559,58.21643996051807,80.43726728575119
2021-08-06,England,40491.87468228882,34345.24524982802,47283.16004460845,72.3363987414457,61.3557997686629,84.46863835223786
2021-08-07,England,41186.08729540642,34979.86083113808,48035.12562307762,73.5765695359034,62.48950390306936,85.81198148838018
2021-08-08,England,40757.807613494886,34644.07131827071,47511.08482639287,72.81147258530055,61.88963530507149,84.87581282927995
2021-08-09,England,40050.33376669029,34068.68963947997,46658.94536337549,71.5476113617058,60.861749121186435,83.35351482594477
2021-08-10,England,39059.42986564346,33200.759069477215,45530.396793454296,69.77741869310286,59.311241215977724,81.33742789508666
2021-08-11,England,37535.155893701056,31940.048494580078,43710.983147923005,67.05439115509013,57.059054485705005,78.08715035245794
2021-08-12,England,37338.70401260776,31830.04541446156,43409.855085034666,66.70344119992573,56.86254032752698,77.54920243574026
2021-08-13,England,38253.16777679003,32690.233226821834,44371.825958896814,68.33707797272315,58.3992162427728,79.26770791999698
2021-08-14,England,38429.075874382695,32909.167647057715,44490.52704606403,68.65132764353125,58.79032995742963,79.4797605661079
2021-08-15,England,38961.243879678565,33391.72666760218,45066.61170190637,69.60201509207656,59.65239381592653,80.50890257795125
2021-08-16,England,40039.329372797976,34360.60265542556,46261.718007120086,71.52795264669821,61.383234888020894,82.64389106417634
2021-08-17,England,42830.23178609507,36791.147962378505,49446.998959119446,76.51373884209575,65.72526389661606,88.3342117730898
2021-08-18,England,42558.47438485866,36567.80936665328,49117.9009687738,76.02825991845938,65.32628237645935,87.74629719414189
2021-08-19,England,43226.63453446042,37223.981825755785,49805.96961771559,77.22188948942801,66.49849662974398,88.9754921509541
2021-08-20,England,44584.674983851786,38450.75281605037,51289.11515412456,79.64795042696113,68.69005224959781,91.62504611097859
2021-08-21,England,44274.181242639264,38239.52527835817,50856.41414633347,79.09327126608504,68.31270643610895,90.8520507166929
2021-08-22,England,44288.09969701082,38325.42756783827,50817.3088756478,79.11813578206964,68.46616592183027,90.78219140601871
2021-08-23,England,45390.21362503627,39342.74391691427,51998.07746493581,81.08699874980528,70.28354290549315,92.89156638967368
2021-08-24,England,45666.2920057464,39614.94120605911,52270.08068473533,81.58019685405789,70.76980766350728,93.3774844539954
2021-08-25,England,46096.1664212184,40011.95418426892,52734.23759054093,82.34814270418991,71.47904845126156,94.2066739958576
2021-08-26,England,45870.969937731184,39868.017093801966,52403.28154156458,81.94584217470053,71.22191314074811,93.61544010232988
2021-08-27,England,45741.60453573083,39730.852881191066,52283.95655277082,81.71473834520711,70.9768771858972,93.4022728919468
2021-08-28,England,46451.929866305654,40384.96847398105,53054.19079862416,82.98369358009731,72.14541696614475,94.77825194872126
2021-08-29,England,46503.081392097236,40405.97957082171,53150.66569897236,83.07507283074763,72.18295207883061,94.95059879398056
2021-08-30,England,44351.73804588248,38482.66355308342,50768.80981409717,79.23182202197202,68.74705894084802,90.69555062975338
2021-08-31,England,41808.34925559472,36199.58342522248,47944.91534845286,74.68820463867384,64.66846796961161,85.65082603566198
2021-09-01,England,42074.47754681223,36402.6232276252,48284.166778449006,75.16362748192171,65.03118686623537,86.25687914894354
2021-09-02,England,41839.72264119899,36206.209299404734,48003.288756828915,74.74425138258843,64.68030471168936,85.75510676302568
2021-09-03,England,42177.533929898906,36543.13247522538,48337.639851083084,75.34773176650475,65.28219853316897,86.3524057091322
2021-09-04,England,41602.042836437795,36029.38624365084,47693.88382589554,74.31965011962158,64.36442052089664,85.20237269891584
2021-09-05,England,40442.21726394377,35031.187393602784,46371.006362317334,72.24768862757564,62.5811958466409,82.83912840750445
2021-09-06,England,39561.016110329336,34227.34744645095,45410.47758375589,70.67347359012871,61.1451821427135,81.12319914332924
2021-09-07,England,38191.197189412545,33022.223522722285,43859.85834913667,68.2263710925416,58.99229775877999,78.35310731301365
2021-09-08,England,37463.301225529256,32337.330422321385,43072.98915533147,66.92602693463621,57.76877573628558,76.94741088114779
2021-09-09,England,37583.03058124417,32435.34497183689,43236.14639715564,67.13991652320195,57.94387307598267,77.23888188353409
2021-09-10,England,37877.55673401665,32657.64381305411,43584.76130333714,67.66607050826437,58.3409971346789,77.86166230698007
2021-09-11,England,37987.99258656228,32707.981847015013,43762.51696500203,67.86335778942318,58.43092312909202,78.17921254444451
2021-09-12,England,37842.528994421904,32585.661700436278,43592.28505296831,67.60349547171153,58.21240524207254,77.87510305176211
2021-09-13,England,36818.94743822916,31645.193301132324,42477.18329401448,65.7749260568819,56.53231268845372,75.88303807314918
2021-09-14,England,37029.143608951264,31769.41947751949,42788.114975703786,66.150429392763,56.75423558779525,76.43849958942873
2021-09-15,England,35167.90045357002,30043.841655798296,40796.31735797637,62.82542584331426,53.67159033239992,72.88026802275806
2021-09-16,England,34914.624132389865,29784.497668640426,40553.212998966825,62.37296230329774,53.20828725706827,72.44597610648901
2021-09-17,England,35432.127399107834,30172.60328375917,41216.01492836583,63.2974520421659,53.90161555439462,73.63003352610207
2021-09-18,England,35915.96139573788,30571.41957857669,41790.275120300015,64.16179357190512,54.61407786326186,74.65591623839988
2021-09-19,England,36688.4001575934,31202.374231224025,42722.20617407777,65.54171086937143,55.74124195975729,76.3207573166296
2021-09-20,England,37968.13541783459,32313.918941984037,44191.13736585722,67.82788410275806,57.72695247692558,78.94491816978915
2021-09-21,England,40055.12081848498,34126.66749279317,46582.55069666934,71.5561631536427,60.965323212244044,83.21704015995473
2021-09-22,England,40693.81433873463,34691.895174745405,47310.239467946696,72.69715229076861,61.97506986641129,84.51701418021949
2021-09-23,England,42914.06485811206,36705.91638700353,49728.55532548003,76.66350179016182,65.57300260295996,88.83719598276289
2021-09-24,England,45157.110065253626,38739.07874378984,52218.25999744254,80.67057268455659,69.2051298902382,93.28490978491725
2021-09-25,England,47274.770745315305,40678.45710664829,54521.5640528171,84.45365135290545,72.66971748137837,97.39962963623691
2021-09-26,England,50086.834619973815,43247.4368284711,57586.152119475846,89.47724127853287,77.25905158790087,102.87433946648017
2021-09-27,England,51577.10893939564,44645.14686245418,59168.976601266644,92.13953039825556,79.75597995035436,105.7019641134225
2021-09-28,England,52560.577428453405,45594.61701790557,60175.31753868794,93.89644013217924,81.45215362215218,107.4997341571737
2021-09-29,England,53450.333656572315,46406.318592884,61149.45882972928,95.48593831681244,82.90221167077055,109.2399813897894
2021-09-30,England,55012.09362118453,47850.689295847376,62832.37575552287,98.2759324187163,85.4824966271922,112.24641541508734
2021-10-01,England,56560.96096018307,49267.131332614284,64517.21660306122,101.04289458854653,88.0128886322463,115.25628641561964
2021-10-02,England,56861.99180756835,49546.2696054402,64843.04671282987,101.58066883537495,88.5115530572838,115.83836311439259
2021-10-03,England,62956.03787040475,54938.87882661825,71707.147832313,112.46733065108202,98.14513841090424,128.1006838756913
2021-10-04,England,61014.59536326308,53212.716877744744,69535.32868509367,108.99905558522987,95.06144964604105,124.22085422936769
2021-10-05,England,60090.913189373605,52363.338414274804,68541.56451907006,107.34895065516451,93.54408400915602,122.44555186235016
2021-10-06,England,60502.299565857225,52740.016856983864,68984.11612225999,108.08386868994579,94.21699832203734,123.2361447771804
2021-10-07,England,60042.810890172674,52408.698279017255,68370.91085864196,107.26301867195356,93.6251167913775,122.14068894048565
2021-10-08,England,60351.98655698763,52712.59867528715,68684.46146911144,107.81534316893864,94.1680173217863,122.70082902198364
2021-10-09,England,60445.968249752324,52773.011949423024,68817.78156274272,107.98323604264637,94.27594215168014,122.93899767998795
2021-10-10,England,60439.23416177547,52795.42400804801,68782.36423522093,107.97120598286585,94.31598000179291,122.87572666707302
2021-10-11,England,61608.48537686756,53862.211666240684,70061.87525868298,110.06000584178709,96.22173462592323,125.1614993143866
2021-10-12,England,62683.398360874286,54906.922960083044,71152.98396806253,111.98027589185415,98.08805109840132,127.11070209373992
2021-10-13,England,63807.460489705525,55958.943741066214,72345.88625382159,113.98834805446162,99.96742554808,129.2417532263266
2021-10-14,England,65873.91779409628,57954.983479573944,74479.66886780638,117.67995484534124,103.53323541885936,133.05363279979278
2021-10-15,England,67839.93602005873,59770.41529633453,76607.63738477898,121.19213301545626,106.7763996540421,136.85512582427606
2021-10-16,England,70362.64230298199,62113.831273886506,79274.18045177638,125.69880229221629,110.96277714086712,141.6187512199639
2021-10-17,England,71682.71198984365,63408.08286357037,80607.72636814968,128.05703065246277,113.27488295957038,144.00105408698826
2021-10-18,England,73613.95020575344,65144.73541180997,82727.0715280039,131.50707634056408,116.37731257515335,147.78714198133372
2021-10-19,England,75396.8410603883,66822.29900861287,84641.0221159394,134.69210802371686,119.37418318696392,151.206304319127
2021-10-20,England,76756.28532452225,68133.06896911877,86031.10096898429,137.12067679532228,121.71579812243976,153.6896000169646
2021-10-21,England,79092.16514758013,70330.08364793968,88516.41430072974,141.29359137679313,125.64063813281136,158.12946894309272
2021-10-22,England,80236.94764312883,71462.40548151058,89648.11009673383,143.3386792794893,127.6634657815558,160.15117821183094
2021-10-23,England,80738.30738037151,71958.35104733263,90146.94028709481,144.2343295340317,128.5494439311189,161.04230957676148
2021-10-24,England,81002.74749773866,72223.67199643249,90413.8501054309,144.7067365520617,129.02342450423723,161.5191285731319
2021-10-25,England,80124.67791036742,71426.14023862229,89427.27830526243,143.13811587709446,127.59868001674236,159.75667495289315
2021-10-26,England,80276.79532200923,71586.48129449508,89576.22157094954,143.40986485958481,127.88512006535072,160.02275350670504
2021-10-27,England,79201.7858527552,70646.26739760433,88375.24572497766,141.48942244418825,126.20548216561457,157.8772794244427
2021-10-28,England,77654.35230621253,69268.93954566393,86634.52833387004,138.7250216618861,123.74496539583313,154.76758820151673
2021-10-29,England,76364.09650430876,68106.1547499076,85215.15419268383,136.420054087594,121.66771742210295,152.23195816102742
2021-10-30,England,75778.10861081383,67592.23942115155,84566.9784419084,135.37322051285582,120.74963732746859,151.07402956595703
2021-10-31,England,74040.95477265787,65989.39246619554,82694.8293559915,132.2698953717493,117.88624368701748,147.72954320060848
2021-11-01,England,71873.65546628245,63966.588558992386,80381.0049856854,128.39814016041046,114.27262117249352,143.59602941342524
2021-11-02,England,69499.0008700981,61737.06516991237,77854.55967267328,124.15595668309341,110.28970622619164,139.08268057506092
2021-11-03,England,66759.61747794719,59170.434481852615,74957.63013507385,119.26220624760185,105.70456853300573,133.9074830372368
2021-11-04,England,64891.39440838848,57414.05445709839,72973.28520719019,115.9247334840432,102.56689691841629,130.36256527113636
2021-11-05,England,62856.49149735494,55511.938501604825,70801.85586736817,112.2894967969892,99.16887646891527,126.48343199324587
2021-11-06,England,60554.962113705486,53410.24035550133,68288.82764439142,108.17794729435178,95.41431394683978,121.99405201239584
2021-11-07,England,58037.761790888304,51082.375771567786,65577.36742117423,103.68111409776373,91.25571812778375,117.15018470772895
2021-11-08,England,55543.044886421005,48750.12266923837,62913.31727043397,99.22444623132128,87.08928247372236,112.39101276315493
2021-11-09,England,54957.58292165661,48156.270645204095,62353.68459197568,98.17855219792715,86.02840008334127,111.3912612600365
2021-11-10,England,55018.448865327315,48160.12843055991,62475.71080730883,98.28728569583716,86.03529179438074,111.60925405583828
2021-11-11,England,53635.39363549648,46874.32681775696,61023.915580849694,95.81653729578235,83.73828137202085,109.01570561640258
2021-11-12,England,53894.188426303146,47097.1480609788,61323.260619217646,96.2788592635076,84.1363386717687,109.55046826265098
2021-11-13,England,54036.799428592145,47213.3761695496,61492.923293264255,96.53362559397358,84.34397348424675,109.85356084450035
2021-11-14,England,55048.57060346711,48110.433608570114,62632.07756235622,98.34109644374551,85.9465148610566,111.88859424524084
2021-11-15,England,56663.19670816923,49490.85992086825,64505.470447961576,101.22553285585285,88.41256685156273,115.2353025869964
2021-11-16,England,58010.63121393577,50686.944857090384,66020.49514415322,103.63264688680049,90.54930360564151,117.94180682733456
2021-11-17,England,59623.62039993088,52129.213567278115,67813.27402324713,106.51415903804737,93.12583347320243,121.14450289588932
2021-11-18,England,61797.157120840995,54095.56979920821,70209.05437466105,110.39705703070813,96.63861547148414,125.42442631649106
2021-11-19,England,63390.28127231173,55593.41227254255,71875.55407180019,113.24308144349779,99.31442466167648,128.40153190966538
2021-11-20,England,64443.54079712622,56573.12163154928,73012.69991335699,115.12466883758631,101.06461892657269,130.43297737045086
2021-11-21,England,67034.94906893044,58907.53915619107,75879.72218988683,119.75407025507866,105.23492119626158,135.55474731128254
2021-11-22,England,67541.04518177273,59327.872150699775,76479.84020932678,120.65818177145826,105.98582184814636,136.62682354106306
2021-11-23,England,68092.24447320122,59826.74303881593,77084.20057318611,121.64286751504555,106.87702591726921,137.70647847447063
2021-11-24,England,67762.1530221678,59453.33091364914,76826.32602702412,121.05317817587697,106.20994669229151,137.24580047072774
2021-11-25,England,68707.7447084484,60261.553791128856,77898.35888681286,122.74242318619278,107.65379024846314,139.16092534499123
2021-11-26,England,68189.44784146096,59803.885392083714,77326.34411464093,121.81651572621428,106.8361920497023,138.13905394559356
2021-11-27,England,68149.40256252793,59797.330860355505,77269.39354814423,121.74497714502138,106.82448275680404,138.03731504318458
2021-11-28,England,67754.51253849722,59419.83543119634,76847.98021726763,121.03952889246621,106.15010894474949,137.28448443268724
2021-11-29,England,67102.46456362892,58804.09488086397,76162.45984222811,119.87468279238534,105.0501239645628,136.05984182022914
2021-11-30,England,67066.1219025086,58763.49807916668,76120.1820943549,119.80975872436551,104.97760011976074,135.98431506203278
2021-12-01,England,68210.38855270839,59819.76995716371,77351.16635806767,121.85392509909731,106.86456890907169,138.1833974518467
2021-12-02,England,68762.47221636442,60346.14037958117,77942.61295814885,122.84019072266277,107.8048993101817,139.23998269106895
2021-12-03,England,69794.0664585552,61266.63266194418,79084.62649703918,124.68307433889431,109.44930568301277,141.28012401239516
2021-12-04,England,71303.68053242782,62625.044706788605,80749.31881340584,127.37991281451849,111.87603045439093,144.25400082406057
2021-12-05,England,70153.56421609146,61572.935821807936,79510.91008810676,125.32529634861451,109.99649861200213,142.0416550618303
2021-12-06,England,69617.60384349192,61060.31811442648,78943.03535113536,124.36783405460692,109.08073664311279,141.02717959654086
2021-12-07,England,70506.29796498228,61890.63014408928,79900.71475797302,125.95543484700546,110.5640411956624,142.73801862246972
2021-12-08,England,70875.57963945899,62196.86331281258,80339.62160145772,126.61513526005005,111.11110908951605,143.52210038429897
2021-12-09,England,71738.50904572045,62979.57425882768,81290.41605868061,128.15670887467826,112.50937705153282,145.22063984483214
2021-12-10,England,73015.27870099875,64134.33660284999,82699.76479330311,130.43758422584065,114.57229337793696,147.7383600747131
2021-12-11,England,74736.11256608651,65749.63216902218,84537.80908746188,133.51175467631919,117.45792574434921,151.02192019658776
2021-12-12,England,76241.99828894557,67169.37239956352,86127.78546360086,136.20193266789116,119.9942097823572,153.86232129029594
2021-12-15,England,93079.84368078203,83439.37988018901,103509.73494619668,166.2817723336858,149.05963976995952,184.91417153289984
2021-12-16,England,99898.79877112547,90098.88744256,110466.09356799372,178.46344231773438,160.95646594145924,197.34130500110905
2021-12-17,England,107640.75223579326,97541.43023181552,118495.7283551719,192.2939956633635,174.252139384046,211.68578443731465
2021-12-18,England,115523.22179267295,105197.85766330027,126603.11826021661,206.37557290343037,187.92990540412788,226.16916890704388
2021-12-19,England,121788.26057925262,111289.22220618409,133012.7950597525,217.56770335805888,198.81177683909698,237.61968682978718
2021-12-20,England,128625.90504830473,117912.335596861,140022.59410899883,229.78276083925618,210.64358692190768,250.1422885394452
2021-12-21,England,135351.11497359784,124512.02803518595,146854.94770304437,241.7969604927169,222.43355682415068,262.34789417759566
2021-12-22,England,144471.8794632344,133443.63656486545,156125.26928371945,258.09068021120044,238.38936032978557,278.9087890134787
2021-12-23,England,152608.3153293827,141394.1421640515,164404.14508144793,272.6259536152085,252.59248003543786,293.69852313999814
2021-12-24,England,159344.0179800194,147979.02857077212,171266.96678635248,284.6588979173252,264.3559998161609,305.95855830094274
2021-12-25,England,165083.00739777874,153575.92585966163,177126.75177536102,294.91127151457835,274.35453402038536,316.42672621931916
2021-12-26,England,169607.49357716873,158084.6129839758,181636.98367880887,302.9940051232464,282.4090435283747,324.48399538613546
2021-12-27,England,171550.3790002376,160083.28821712712,183517.7257237364,306.4648578751819,285.97956155833214,327.8438325771556
2021-12-28,England,172513.89624519972,161261.79248765105,184195.89103112367,308.18612586222145,288.08489146711014,329.0553357854583
2021-12-29,England,175173.75893171108,164110.10291422432,186613.38150684556,312.9378171434635,293.17323376720475,333.37404309099963
2021-12-30,England,177974.49416526512,167047.47629630912,189226.82925974086,317.94116910513975,298.4206819005937,338.04281677032884
2021-12-31,England,179778.22740602176,168987.40360363034,190829.557417632,321.1634345090096,301.8862501493561,340.9059981866753
2022-01-01,England,180658.03703622878,169959.28201423466,191587.24927385876,322.73516367014577,303.62245487658316,342.25957098776706
2022-01-02,England,180273.0387191814,169762.8059659014,190977.1337120764,322.04738638160967,303.27146174803846,341.16963472520246
2022-01-03,England,179675.85017473198,169285.7095692598,190237.60938074745,320.9805434899415,302.41915655208595,339.84851715952436
2022-01-04,England,178136.22741870672,167929.91129434115,188468.7868350816,318.2300962344095,299.9971011299304,336.6886176989515
2022-01-05,England,174954.8543127754,164897.7433685735,185145.86490479886,312.5467566671107,294.5803080115498,330.75240932081084
2022-01-06,England,172926.55251400726,162996.91363963037,182976.0600140771,308.923312486398,291.18458533159776,326.87617802754744
2022-01-07,England,170607.6986242459,160791.2968769326,180541.07018830508,304.78081375278674,287.24437819450736,322.5262091424206
2022-01-08,England,167299.92216632757,157572.90585098474,177141.28685335754,298.8716618875063,281.49490824811636,316.45269229784606
2022-01-09,England,163789.11443822287,154144.6330845827,173561.3298884662,292.5998063679146,275.37049667738285,310.05730565493354
2022-01-10,England,159062.8249381384,149460.37158910098,168799.73294290484,284.15656276588004,267.00233368159604,301.5509873379198
2022-01-11,England,153116.80638894177,143508.31903522107,162888.47159976687,273.5343435657685,256.36933508013044,290.9908598818019
2022-01-12,England,146594.42798079946,137035.44815159903,156354.1629440675,261.88249071934183,244.80592457090103,279.3176943361944
2022-01-13,England,140310.4973229538,130812.63359625658,150024.077794355,250.65661102628968,233.6892252700852,268.00936230539344
2022-01-14,England,135689.90176834562,126237.87976659944,145365.4003078939,242.40218356192517,225.51669140341343,259.68690366615823
2022-01-15,England,132820.4926480426,123376.4687607472,142503.76360401558,237.27614966235456,220.40494567401592,254.57475474025426
2022-01-16,England,130303.56607468115,120785.52832738133,140096.95889157645,232.77980550338063,215.77638002291098,250.27513693451363
2022-01-17,England,126167.13482576449,116663.19386549972,136020.35231287425,225.39030964684304,208.412067263376,242.99251440091217
2022-01-18,England,125017.04525568086,115429.15921467404,134985.2809029251,223.33574096157696,206.20753553291672,241.14341902502673
2022-01-19,England,124513.75621194507,114923.65046789902,134492.3186205125,222.4366441122578,205.30447331213986,240.26277033921303
2022-01-20,England,126495.15533251947,116810.50595356595,136538.53231895348,225.9762993635004,208.6752318124468,243.91821309561817
2022-01-21,England,128077.81909154412,118359.38411252918,138141.76400829945,228.80363688849076,211.44221331151988,246.7822940418673
2022-01-22,England,131583.94938588786,121691.7046465817,141795.70466212853,235.06713644244056,217.3952117532286,253.30984827804025
2022-01-23,England,135189.67934116337,125163.90948407874,145538.7985361362,241.5085650462111,223.59810543518063,259.9966696001292
2022-01-24,England,139529.2679974275,129336.23791840045,150024.0770540395,249.2609898938233,231.05172954306568,268.00936098286246
2022-01-25,England,143970.58324870994,133623.3278225422,154605.66452103408,257.1951434363304,238.71036839788917,276.194102748506
2022-01-26,England,149408.39705075385,138897.46118929755,160190.89778165973,266.90948416648274,248.1323034707065,286.1717998389625
2022-01-27,England,154183.62384100992,143519.57000340993,165107.91860072146,275.4401514149389,256.38943428589766,294.9557739418758
2022-01-28,England,159232.2392782691,148388.48083857892,170328.50727951401,284.4592117135113,265.0874626773413,304.2820545178501
2022-01-29,England,163928.59557841285,152922.37770903626,175188.03090412327,292.84898138025613,273.1870079428374,312.9633131990385
2022-01-30,England,167115.37888660858,155947.20817271067,178535.14439030126,298.54198596186575,278.5906931083784,318.9427383965323
2022-01-31,England,170638.02482607026,159301.23123360376,182208.13804989183,304.83498976327513,284.5824618625893,325.50432972861165
2022-02-01,England,173275.67009433178,161834.8170121038,184953.21844606104,309.54699090820867,289.1085667307198,330.4082575332058
2022-02-02,England,175947.7083426891,164425.75442338805,187716.40774635162,314.32043312846014,293.7371269830502,335.34453585057753
2022-02-03,England,177380.84310602504,165833.49847756585,189180.6847329265,316.8806457267728,296.2519805438671,337.9603822345716
2022-02-04,England,179376.09111043555,167720.63578047982,191284.95559017416,320.4450412102509,299.62324249443185,341.71954075672437
2022-02-05,England,179404.7820525672,167724.1670609038,191339.9916588238,320.4962959236123,299.62955092324194,341.81785951914867
2022-02-06,England,178019.68822969505,166352.3671750601,189955.12160259046,318.02190569466546,297.17890954606554,339.34386903639637
2022-02-07,England,176627.0358132711,164919.52293032693,188619.2684817048,315.5340124742821,294.61921594248093,336.95744448157916
2022-02-08,England,173332.196810186,161702.0454038821,185249.69611748785,309.6479726258905,288.8713779102657,330.9378977937899
2022-02-09,England,169266.75716336208,157762.05975449164,181078.61120607328,302.38529917203414,281.83282078723516,323.486495167858
2022-02-10,England,166419.64738198963,154993.6767725384,178155.97795931934,297.2991017553433,276.8872642571199,318.26537943609685
2022-02-11,England,163233.90606207633,151896.19699161267,174885.48148184732,291.60795862570353,271.35379527637616,312.42282610575216
2022-02-12,England,159207.62719249705,148005.96940697235,170749.91834230235,284.41524364178747,264.4041280662136,305.0348810765386
2022-02-13,England,156153.62698541413,145053.56765527072,167604.13598983356,278.95944841201907,259.1298326172689,299.41512233759545
2022-02-14,England,151912.45590480822,140934.3104827751,163245.68378777898,271.3828408870633,251.7710172577386,291.62899885338805
2022-02-15,England,146279.91205631677,135519.70200649227,157405.76397717433,261.3206261600339,242.09813150368575,281.19631893050115
2022-02-16,England,142822.0891987917,132247.13432636546,153759.422191146,255.14342505581772,236.25187808925529,274.68233963338776
2022-02-17,England,139328.46893942982,128932.35089947164,150081.30659586852,248.9022739578437,230.33020867802884,268.1115982586127
2022-02-18,England,135396.43504873087,125205.4711815528,145939.0990049157,241.877922193096,223.6723530106373,260.71178330017943
2022-02-19,England,132677.71419614615,122642.59674337946,143058.62109820286,237.02108419282257,219.0939256412309,255.56597565208247
2022-02-20,England,130215.10444391539,120325.5622490472,140452.4225980001,232.6217739020631,214.95467715261958,250.91015234458598
2022-02-21,England,126927.96070924537,117184.8463408868,137009.62427119474,226.74948120686855,209.34396932422501,244.75979169795727
2022-02-22,England,123301.7454500691,113788.76072048055,133148.8156677412,220.27145678917412,203.27705823341176,237.86267980093814
2022-02-23,England,120835.89265584794,111482.1265968058,130557.933125336,215.8663529909421,199.15638940713626,233.2342175686956
2022-02-24,England,118981.62967529133,109743.22739196848,128535.09774145832,212.55381912123426,196.0499462691179,229.62053882290803
2022-02-25,England,118014.79734588132,108867.67780100617,127473.01212571244,210.8266289270269,194.48582742239373,227.72318412641744
2022-02-26,England,117999.85088076325,108848.06513017837,127438.6028927652,210.79992792913436,194.4507905171253,227.66171401631783
2022-02-27,England,117607.93186922275,108460.07157141306,127043.67647990205,210.0997872190391,193.75766240201156,226.95620075721226
2022-02-28,England,117395.59094075115,108308.2730630452,126777.90725738484,209.720452397138,193.4864831218273,226.4814193694881
2022-03-01,England,119000.86909464892,109895.12069199867,128396.37195193283,212.58818923427845,196.32129488913972,229.37271320096343
